date,item_id,quantity_sold,day_of_week,month,is_weekend,category_id,is_scheduled,scheduled_item_count,item_scheduled_freq,quantity_lag_1,quantity_lag_2,quantity_lag_7,quantity_roll_mean_3,quantity_roll_mean_7,quantity_roll_std_7
2026-04-06,6a3f54268a1b673e19a1ddad,3.0,0,4,0,6a3fa2c4dfa2f6d0ee22ff0f,1,11,3,0.0,1.0,3.0,0.3333333333333333,0.5714285714285714,1.1338934190276817
2026-04-07,6a3f54268a1b673e19a1ddad,0.0,1,4,0,6a3fa2c4dfa2f6d0ee22ff0f,0,11,3,3.0,0.0,0.0,1.3333333333333333,0.5714285714285714,1.1338934190276817
2026-04-08,6a3f54268a1b673e19a1ddad,0.0,2,4,0,6a3fa2c4dfa2f6d0ee22ff0f,0,11,3,0.0,3.0,0.0,1.0,0.5714285714285714,1.1338934190276817
2026-04-09,6a3f54268a1b673e19a1ddad,1.0,3,4,0,6a3fa2c4dfa2f6d0ee22ff0f,1,10,3,0.0,0.0,0.0,1.0,0.5714285714285714,1.1338934190276817
2026-04-10,6a3f54268a1b673e19a1ddad,0.0,4,4,0,6a3fa2c4dfa2f6d0ee22ff0f,0,12,3,1.0,0.0,0.0,0.3333333333333333,0.7142857142857143,1.1126972805283737
2026-04-11,6a3f54268a1b673e19a1ddad,0.0,5,4,1,6a3fa2c4dfa2f6d0ee22ff0f,1,10,3,0.0,1.0,1.0,0.3333333333333333,0.7142857142857143,1.1126972805283737
2026-04-12,6a3f54268a1b673e19a1ddad,0.0,6,4,1,6a3fa2c4dfa2f6d0ee22ff0f,0,5,3,0.0,0.0,0.0,0.3333333333333333,0.5714285714285714,1.1338934190276817
2026-04-13,6a3f54268a1b673e19a1ddad,0.0,0,4,0,6a3fa2c4dfa2f6d0ee22ff0f,1,11,3,0.0,0.0,3.0,0.0,0.5714285714285714,1.1338934190276817
2026-04-14,6a3f54268a1b673e19a1ddad,0.0,1,4,0,6a3fa2c4dfa2f6d0ee22ff0f,0,11,3,0.0,0.0,0.0,0.0,0.14285714285714285,0.37796447300922775
2026-04-15,6a3f54268a1b673e19a1ddad,0.0,2,4,0,6a3fa2c4dfa2f6d0ee22ff0f,0,11,3,0.0,0.0,0.0,0.0,0.14285714285714285,0.37796447300922775
2026-04-16,6a3f54268a1b673e19a1ddad,2.0,3,4,0,6a3fa2c4dfa2f6d0ee22ff0f,1,10,3,0.0,0.0,1.0,0.0,0.14285714285714285,0.37796447300922775
2026-04-17,6a3f54268a1b673e19a1ddad,0.0,4,4,0,6a3fa2c4dfa2f6d0ee22ff0f,0,12,3,2.0,0.0,0.0,0.6666666666666666,0.2857142857142857,0.7559289460184545
2026-04-18,6a3f54268a1b673e19a1ddad,0.0,5,4,1,6a3fa2c4dfa2f6d0ee22ff0f,1,10,3,0.0,2.0,0.0,0.6666666666666666,0.2857142857142857,0.7559289460184545
2026-04-19,6a3f54268a1b673e19a1ddad,0.0,6,4,1,6a3fa2c4dfa2f6d0ee22ff0f,0,5,3,0.0,0.0,0.0,0.6666666666666666,0.2857142857142857,0.7559289460184545
2026-04-20,6a3f54268a1b673e19a1ddad,3.0,0,4,0,6a3fa2c4dfa2f6d0ee22ff0f,1,11,3,0.0,0.0,0.0,0.0,0.2857142857142857,0.7559289460184545
2026-04-21,6a3f54268a1b673e19a1ddad,0.0,1,4,0,6a3fa2c4dfa2f6d0ee22ff0f,0,11,3,3.0,0.0,0.0,1.0,0.7142857142857143,1.2535663410560174
2026-04-22,6a3f54268a1b673e19a1ddad,0.0,2,4,0,6a3fa2c4dfa2f6d0ee22ff0f,0,11,3,0.0,3.0,0.0,1.0,0.7142857142857143,1.2535663410560174
2026-04-23,6a3f54268a1b673e19a1ddad,0.0,3,4,0,6a3fa2c4dfa2f6d0ee22ff0f,1,10,3,0.0,0.0,2.0,1.0,0.7142857142857143,1.2535663410560174
2026-04-24,6a3f54268a1b673e19a1ddad,0.0,4,4,0,6a3fa2c4dfa2f6d0ee22ff0f,0,12,3,0.0,0.0,0.0,0.0,0.42857142857142855,1.1338934190276817
2026-04-25,6a3f54268a1b673e19a1ddad,0.0,5,4,1,6a3fa2c4dfa2f6d0ee22ff0f,1,10,3,0.0,0.0,0.0,0.0,0.42857142857142855,1.1338934190276817
2026-04-26,6a3f54268a1b673e19a1ddad,0.0,6,4,1,6a3fa2c4dfa2f6d0ee22ff0f,0,5,3,0.0,0.0,0.0,0.0,0.42857142857142855,1.1338934190276817
2026-04-27,6a3f54268a1b673e19a1ddad,4.0,0,4,0,6a3fa2c4dfa2f6d0ee22ff0f,1,11,3,0.0,0.0,3.0,0.0,0.42857142857142855,1.1338934190276817
2026-04-28,6a3f54268a1b673e19a1ddad,0.0,1,4,0,6a3fa2c4dfa2f6d0ee22ff0f,0,11,3,4.0,0.0,0.0,1.3333333333333333,0.5714285714285714,1.511857892036909
2026-04-29,6a3f54268a1b673e19a1ddad,0.0,2,4,0,6a3fa2c4dfa2f6d0ee22ff0f,0,11,3,0.0,4.0,0.0,1.3333333333333333,0.5714285714285714,1.511857892036909
2026-04-30,6a3f54268a1b673e19a1ddad,2.0,3,4,0,6a3fa2c4dfa2f6d0ee22ff0f,1,10,3,0.0,0.0,0.0,1.3333333333333333,0.5714285714285714,1.511857892036909
2026-05-01,6a3f54268a1b673e19a1ddad,0.0,4,5,0,6a3fa2c4dfa2f6d0ee22ff0f,0,12,3,2.0,0.0,0.0,0.6666666666666666,0.8571428571428571,1.5735915849388864
2026-05-02,6a3f54268a1b673e19a1ddad,0.0,5,5,1,6a3fa2c4dfa2f6d0ee22ff0f,1,10,3,0.0,2.0,0.0,0.6666666666666666,0.8571428571428571,1.5735915849388864
2026-05-03,6a3f54268a1b673e19a1ddad,0.0,6,5,1,6a3fa2c4dfa2f6d0ee22ff0f,0,5,3,0.0,0.0,0.0,0.6666666666666666,0.8571428571428571,1.5735915849388864
2026-05-04,6a3f54268a1b673e19a1ddad,0.0,0,5,0,6a3fa2c4dfa2f6d0ee22ff0f,1,11,3,0.0,0.0,4.0,0.0,0.8571428571428571,1.5735915849388864
2026-05-05,6a3f54268a1b673e19a1ddad,0.0,1,5,0,6a3fa2c4dfa2f6d0ee22ff0f,0,11,3,0.0,0.0,0.0,0.0,0.2857142857142857,0.7559289460184545
2026-05-06,6a3f54268a1b673e19a1ddad,0.0,2,5,0,6a3fa2c4dfa2f6d0ee22ff0f,0,11,3,0.0,0.0,0.0,0.0,0.2857142857142857,0.7559289460184545
2026-05-07,6a3f54268a1b673e19a1ddad,0.0,3,5,0,6a3fa2c4dfa2f6d0ee22ff0f,1,10,3,0.0,0.0,2.0,0.0,0.2857142857142857,0.7559289460184545
2026-05-08,6a3f54268a1b673e19a1ddad,0.0,4,5,0,6a3fa2c4dfa2f6d0ee22ff0f,0,12,3,0.0,0.0,0.0,0.0,0.0,0.0
2026-05-09,6a3f54268a1b673e19a1ddad,2.0,5,5,1,6a3fa2c4dfa2f6d0ee22ff0f,1,10,3,0.0,0.0,0.0,0.0,0.0,0.0
2026-05-10,6a3f54268a1b673e19a1ddad,0.0,6,5,1,6a3fa2c4dfa2f6d0ee22ff0f,0,5,3,2.0,0.0,0.0,0.6666666666666666,0.2857142857142857,0.7559289460184545
2026-05-11,6a3f54268a1b673e19a1ddad,0.0,0,5,0,6a3fa2c4dfa2f6d0ee22ff0f,1,11,3,0.0,2.0,0.0,0.6666666666666666,0.2857142857142857,0.7559289460184545
2026-05-12,6a3f54268a1b673e19a1ddad,0.0,1,5,0,6a3fa2c4dfa2f6d0ee22ff0f,0,11,3,0.0,0.0,0.0,0.6666666666666666,0.2857142857142857,0.7559289460184545
2026-05-13,6a3f54268a1b673e19a1ddad,0.0,2,5,0,6a3fa2c4dfa2f6d0ee22ff0f,0,11,3,0.0,0.0,0.0,0.0,0.2857142857142857,0.7559289460184545
2026-05-14,6a3f54268a1b673e19a1ddad,4.0,3,5,0,6a3fa2c4dfa2f6d0ee22ff0f,1,10,3,0.0,0.0,0.0,0.0,0.2857142857142857,0.7559289460184545
2026-05-15,6a3f54268a1b673e19a1ddad,0.0,4,5,0,6a3fa2c4dfa2f6d0ee22ff0f,0,12,3,4.0,0.0,0.0,1.3333333333333333,0.8571428571428571,1.5735915849388864
2026-05-16,6a3f54268a1b673e19a1ddad,0.0,5,5,1,6a3fa2c4dfa2f6d0ee22ff0f,1,10,3,0.0,4.0,2.0,1.3333333333333333,0.8571428571428571,1.5735915849388864
2026-05-17,6a3f54268a1b673e19a1ddad,0.0,6,5,1,6a3fa2c4dfa2f6d0ee22ff0f,0,5,3,0.0,0.0,0.0,1.3333333333333333,0.5714285714285714,1.511857892036909
2026-05-18,6a3f54268a1b673e19a1ddad,1.0,0,5,0,6a3fa2c4dfa2f6d0ee22ff0f,1,11,3,0.0,0.0,0.0,0.0,0.5714285714285714,1.511857892036909
2026-05-19,6a3f54268a1b673e19a1ddad,0.0,1,5,0,6a3fa2c4dfa2f6d0ee22ff0f,0,11,3,1.0,0.0,0.0,0.3333333333333333,0.7142857142857143,1.4960264830861913
2026-05-20,6a3f54268a1b673e19a1ddad,0.0,2,5,0,6a3fa2c4dfa2f6d0ee22ff0f,0,11,3,0.0,1.0,0.0,0.3333333333333333,0.7142857142857143,1.4960264830861913
2026-05-21,6a3f54268a1b673e19a1ddad,3.0,3,5,0,6a3fa2c4dfa2f6d0ee22ff0f,1,10,3,0.0,0.0,4.0,0.3333333333333333,0.7142857142857143,1.4960264830861913
2026-05-22,6a3f54268a1b673e19a1ddad,0.0,4,5,0,6a3fa2c4dfa2f6d0ee22ff0f,0,12,3,3.0,0.0,0.0,1.0,0.5714285714285714,1.133893419027682
2026-05-23,6a3f54268a1b673e19a1ddad,3.0,5,5,1,6a3fa2c4dfa2f6d0ee22ff0f,1,10,3,0.0,3.0,0.0,1.0,0.5714285714285714,1.133893419027682
2026-05-24,6a3f54268a1b673e19a1ddad,0.0,6,5,1,6a3fa2c4dfa2f6d0ee22ff0f,0,5,3,3.0,0.0,0.0,2.0,1.0,1.4142135623730951
2026-05-25,6a3f54268a1b673e19a1ddad,1.0,0,5,0,6a3fa2c4dfa2f6d0ee22ff0f,1,11,3,0.0,3.0,1.0,1.0,1.0,1.4142135623730951
2026-05-26,6a3f54268a1b673e19a1ddad,0.0,1,5,0,6a3fa2c4dfa2f6d0ee22ff0f,0,11,3,1.0,0.0,0.0,1.3333333333333333,1.0,1.4142135623730951
2026-05-27,6a3f54268a1b673e19a1ddad,0.0,2,5,0,6a3fa2c4dfa2f6d0ee22ff0f,0,11,3,0.0,1.0,0.0,0.3333333333333333,1.0,1.4142135623730951
2026-05-28,6a3f54268a1b673e19a1ddad,0.0,3,5,0,6a3fa2c4dfa2f6d0ee22ff0f,1,10,3,0.0,0.0,3.0,0.3333333333333333,1.0,1.4142135623730951
2026-05-29,6a3f54268a1b673e19a1ddad,0.0,4,5,0,6a3fa2c4dfa2f6d0ee22ff0f,0,12,3,0.0,0.0,0.0,0.0,0.5714285714285714,1.133893419027682
2026-05-30,6a3f54268a1b673e19a1ddad,0.0,5,5,1,6a3fa2c4dfa2f6d0ee22ff0f,1,10,3,0.0,0.0,3.0,0.0,0.5714285714285714,1.133893419027682
2026-05-31,6a3f54268a1b673e19a1ddad,0.0,6,5,1,6a3fa2c4dfa2f6d0ee22ff0f,0,5,3,0.0,0.0,0.0,0.0,0.14285714285714285,0.37796447300922853
2026-06-01,6a3f54268a1b673e19a1ddad,0.0,0,6,0,6a3fa2c4dfa2f6d0ee22ff0f,1,11,3,0.0,0.0,1.0,0.0,0.14285714285714285,0.37796447300922853
2026-06-02,6a3f54268a1b673e19a1ddad,0.0,1,6,0,6a3fa2c4dfa2f6d0ee22ff0f,0,11,3,0.0,0.0,0.0,0.0,0.0,0.0
2026-06-03,6a3f54268a1b673e19a1ddad,0.0,2,6,0,6a3fa2c4dfa2f6d0ee22ff0f,0,11,3,0.0,0.0,0.0,0.0,0.0,0.0
2026-06-04,6a3f54268a1b673e19a1ddad,0.0,3,6,0,6a3fa2c4dfa2f6d0ee22ff0f,1,10,3,0.0,0.0,0.0,0.0,0.0,0.0
2026-06-05,6a3f54268a1b673e19a1ddad,0.0,4,6,0,6a3fa2c4dfa2f6d0ee22ff0f,0,12,3,0.0,0.0,0.0,0.0,0.0,0.0
2026-06-06,6a3f54268a1b673e19a1ddad,3.0,5,6,1,6a3fa2c4dfa2f6d0ee22ff0f,1,10,3,0.0,0.0,0.0,0.0,0.0,0.0
2026-06-07,6a3f54268a1b673e19a1ddad,0.0,6,6,1,6a3fa2c4dfa2f6d0ee22ff0f,0,5,3,3.0,0.0,0.0,1.0,0.42857142857142855,1.1338934190276817
2026-06-08,6a3f54268a1b673e19a1ddad,1.0,0,6,0,6a3fa2c4dfa2f6d0ee22ff0f,1,11,3,0.0,3.0,0.0,1.0,0.42857142857142855,1.1338934190276817
2026-06-09,6a3f54268a1b673e19a1ddad,0.0,1,6,0,6a3fa2c4dfa2f6d0ee22ff0f,0,11,3,1.0,0.0,0.0,1.3333333333333333,0.5714285714285714,1.1338934190276817
2026-06-10,6a3f54268a1b673e19a1ddad,0.0,2,6,0,6a3fa2c4dfa2f6d0ee22ff0f,0,11,3,0.0,1.0,0.0,0.3333333333333333,0.5714285714285714,1.1338934190276817
2026-06-11,6a3f54268a1b673e19a1ddad,2.0,3,6,0,6a3fa2c4dfa2f6d0ee22ff0f,1,10,3,0.0,0.0,0.0,0.3333333333333333,0.5714285714285714,1.1338934190276817
2026-06-12,6a3f54268a1b673e19a1ddad,0.0,4,6,0,6a3fa2c4dfa2f6d0ee22ff0f,0,12,3,2.0,0.0,0.0,0.6666666666666666,0.8571428571428571,1.2149857925879117
2026-06-13,6a3f54268a1b673e19a1ddad,0.0,5,6,1,6a3fa2c4dfa2f6d0ee22ff0f,1,10,3,0.0,2.0,3.0,0.6666666666666666,0.8571428571428571,1.2149857925879117
2026-06-14,6a3f54268a1b673e19a1ddad,0.0,6,6,1,6a3fa2c4dfa2f6d0ee22ff0f,0,5,3,0.0,0.0,0.0,0.6666666666666666,0.42857142857142855,0.7867957924694432
2026-06-15,6a3f54268a1b673e19a1ddad,0.0,0,6,0,6a3fa2c4dfa2f6d0ee22ff0f,1,11,3,0.0,0.0,1.0,0.0,0.42857142857142855,0.7867957924694432
2026-06-16,6a3f54268a1b673e19a1ddad,0.0,1,6,0,6a3fa2c4dfa2f6d0ee22ff0f,0,11,3,0.0,0.0,0.0,0.0,0.2857142857142857,0.7559289460184546
2026-06-17,6a3f54268a1b673e19a1ddad,0.0,2,6,0,6a3fa2c4dfa2f6d0ee22ff0f,0,11,3,0.0,0.0,0.0,0.0,0.2857142857142857,0.7559289460184546
2026-06-18,6a3f54268a1b673e19a1ddad,0.0,3,6,0,6a3fa2c4dfa2f6d0ee22ff0f,1,10,3,0.0,0.0,2.0,0.0,0.2857142857142857,0.7559289460184546
2026-06-19,6a3f54268a1b673e19a1ddad,0.0,4,6,0,6a3fa2c4dfa2f6d0ee22ff0f,0,12,3,0.0,0.0,0.0,0.0,0.0,0.0
2026-06-20,6a3f54268a1b673e19a1ddad,0.0,5,6,1,6a3fa2c4dfa2f6d0ee22ff0f,1,10,3,0.0,0.0,0.0,0.0,0.0,0.0
2026-06-21,6a3f54268a1b673e19a1ddad,0.0,6,6,1,6a3fa2c4dfa2f6d0ee22ff0f,0,5,3,0.0,0.0,0.0,0.0,0.0,0.0
2026-06-22,6a3f54268a1b673e19a1ddad,4.0,0,6,0,6a3fa2c4dfa2f6d0ee22ff0f,1,11,3,0.0,0.0,0.0,0.0,0.0,0.0
2026-06-23,6a3f54268a1b673e19a1ddad,0.0,1,6,0,6a3fa2c4dfa2f6d0ee22ff0f,0,11,3,4.0,0.0,0.0,1.3333333333333333,0.5714285714285714,1.511857892036909
2026-06-24,6a3f54268a1b673e19a1ddad,0.0,2,6,0,6a3fa2c4dfa2f6d0ee22ff0f,0,11,3,0.0,4.0,0.0,1.3333333333333333,0.5714285714285714,1.511857892036909
2026-06-25,6a3f54268a1b673e19a1ddad,0.0,3,6,0,6a3fa2c4dfa2f6d0ee22ff0f,1,10,3,0.0,0.0,0.0,1.3333333333333333,0.5714285714285714,1.511857892036909
2026-06-26,6a3f54268a1b673e19a1ddad,0.0,4,6,0,6a3fa2c4dfa2f6d0ee22ff0f,0,12,3,0.0,0.0,0.0,0.0,0.5714285714285714,1.511857892036909
2026-06-27,6a3f54268a1b673e19a1ddad,6.0,5,6,1,6a3fa2c4dfa2f6d0ee22ff0f,1,10,3,0.0,0.0,0.0,0.0,0.5714285714285714,1.511857892036909
2026-04-06,6a3f54268a1b673e19a1ddb1,0.0,0,4,0,6a3fa2c4dfa2f6d0ee22ff0e,0,11,0,0.0,0.0,0.0,0.0,0.0,0.0
2026-04-07,6a3f54268a1b673e19a1ddb1,0.0,1,4,0,6a3fa2c4dfa2f6d0ee22ff0e,0,11,0,0.0,0.0,0.0,0.0,0.0,0.0
2026-04-08,6a3f54268a1b673e19a1ddb1,0.0,2,4,0,6a3fa2c4dfa2f6d0ee22ff0e,0,11,0,0.0,0.0,0.0,0.0,0.0,0.0
2026-04-09,6a3f54268a1b673e19a1ddb1,0.0,3,4,0,6a3fa2c4dfa2f6d0ee22ff0e,0,10,0,0.0,0.0,0.0,0.0,0.0,0.0
2026-04-10,6a3f54268a1b673e19a1ddb1,0.0,4,4,0,6a3fa2c4dfa2f6d0ee22ff0e,0,12,0,0.0,0.0,0.0,0.0,0.0,0.0
2026-04-11,6a3f54268a1b673e19a1ddb1,0.0,5,4,1,6a3fa2c4dfa2f6d0ee22ff0e,0,10,0,0.0,0.0,0.0,0.0,0.0,0.0
2026-04-12,6a3f54268a1b673e19a1ddb1,0.0,6,4,1,6a3fa2c4dfa2f6d0ee22ff0e,0,5,0,0.0,0.0,0.0,0.0,0.0,0.0
2026-04-13,6a3f54268a1b673e19a1ddb1,0.0,0,4,0,6a3fa2c4dfa2f6d0ee22ff0e,0,11,0,0.0,0.0,0.0,0.0,0.0,0.0
2026-04-14,6a3f54268a1b673e19a1ddb1,0.0,1,4,0,6a3fa2c4dfa2f6d0ee22ff0e,0,11,0,0.0,0.0,0.0,0.0,0.0,0.0
2026-04-15,6a3f54268a1b673e19a1ddb1,0.0,2,4,0,6a3fa2c4dfa2f6d0ee22ff0e,0,11,0,0.0,0.0,0.0,0.0,0.0,0.0
2026-04-16,6a3f54268a1b673e19a1ddb1,0.0,3,4,0,6a3fa2c4dfa2f6d0ee22ff0e,0,10,0,0.0,0.0,0.0,0.0,0.0,0.0
2026-04-17,6a3f54268a1b673e19a1ddb1,0.0,4,4,0,6a3fa2c4dfa2f6d0ee22ff0e,0,12,0,0.0,0.0,0.0,0.0,0.0,0.0
2026-04-18,6a3f54268a1b673e19a1ddb1,0.0,5,4,1,6a3fa2c4dfa2f6d0ee22ff0e,0,10,0,0.0,0.0,0.0,0.0,0.0,0.0
2026-04-19,6a3f54268a1b673e19a1ddb1,0.0,6,4,1,6a3fa2c4dfa2f6d0ee22ff0e,0,5,0,0.0,0.0,0.0,0.0,0.0,0.0
2026-04-20,6a3f54268a1b673e19a1ddb1,0.0,0,4,0,6a3fa2c4dfa2f6d0ee22ff0e,0,11,0,0.0,0.0,0.0,0.0,0.0,0.0
2026-04-21,6a3f54268a1b673e19a1ddb1,0.0,1,4,0,6a3fa2c4dfa2f6d0ee22ff0e,0,11,0,0.0,0.0,0.0,0.0,0.0,0.0
2026-04-22,6a3f54268a1b673e19a1ddb1,0.0,2,4,0,6a3fa2c4dfa2f6d0ee22ff0e,0,11,0,0.0,0.0,0.0,0.0,0.0,0.0
2026-04-23,6a3f54268a1b673e19a1ddb1,0.0,3,4,0,6a3fa2c4dfa2f6d0ee22ff0e,0,10,0,0.0,0.0,0.0,0.0,0.0,0.0
2026-04-24,6a3f54268a1b673e19a1ddb1,0.0,4,4,0,6a3fa2c4dfa2f6d0ee22ff0e,0,12,0,0.0,0.0,0.0,0.0,0.0,0.0
2026-04-25,6a3f54268a1b673e19a1ddb1,0.0,5,4,1,6a3fa2c4dfa2f6d0ee22ff0e,0,10,0,0.0,0.0,0.0,0.0,0.0,0.0
2026-04-26,6a3f54268a1b673e19a1ddb1,0.0,6,4,1,6a3fa2c4dfa2f6d0ee22ff0e,0,5,0,0.0,0.0,0.0,0.0,0.0,0.0
2026-04-27,6a3f54268a1b673e19a1ddb1,0.0,0,4,0,6a3fa2c4dfa2f6d0ee22ff0e,0,11,0,0.0,0.0,0.0,0.0,0.0,0.0
2026-04-28,6a3f54268a1b673e19a1ddb1,0.0,1,4,0,6a3fa2c4dfa2f6d0ee22ff0e,0,11,0,0.0,0.0,0.0,0.0,0.0,0.0
2026-04-29,6a3f54268a1b673e19a1ddb1,0.0,2,4,0,6a3fa2c4dfa2f6d0ee22ff0e,0,11,0,0.0,0.0,0.0,0.0,0.0,0.0
2026-04-30,6a3f54268a1b673e19a1ddb1,0.0,3,4,0,6a3fa2c4dfa2f6d0ee22ff0e,0,10,0,0.0,0.0,0.0,0.0,0.0,0.0
2026-05-01,6a3f54268a1b673e19a1ddb1,0.0,4,5,0,6a3fa2c4dfa2f6d0ee22ff0e,0,12,0,0.0,0.0,0.0,0.0,0.0,0.0
2026-05-02,6a3f54268a1b673e19a1ddb1,0.0,5,5,1,6a3fa2c4dfa2f6d0ee22ff0e,0,10,0,0.0,0.0,0.0,0.0,0.0,0.0
2026-05-03,6a3f54268a1b673e19a1ddb1,0.0,6,5,1,6a3fa2c4dfa2f6d0ee22ff0e,0,5,0,0.0,0.0,0.0,0.0,0.0,0.0
2026-05-04,6a3f54268a1b673e19a1ddb1,0.0,0,5,0,6a3fa2c4dfa2f6d0ee22ff0e,0,11,0,0.0,0.0,0.0,0.0,0.0,0.0
2026-05-05,6a3f54268a1b673e19a1ddb1,0.0,1,5,0,6a3fa2c4dfa2f6d0ee22ff0e,0,11,0,0.0,0.0,0.0,0.0,0.0,0.0
2026-05-06,6a3f54268a1b673e19a1ddb1,0.0,2,5,0,6a3fa2c4dfa2f6d0ee22ff0e,0,11,0,0.0,0.0,0.0,0.0,0.0,0.0
2026-05-07,6a3f54268a1b673e19a1ddb1,0.0,3,5,0,6a3fa2c4dfa2f6d0ee22ff0e,0,10,0,0.0,0.0,0.0,0.0,0.0,0.0
2026-05-08,6a3f54268a1b673e19a1ddb1,0.0,4,5,0,6a3fa2c4dfa2f6d0ee22ff0e,0,12,0,0.0,0.0,0.0,0.0,0.0,0.0
2026-05-09,6a3f54268a1b673e19a1ddb1,0.0,5,5,1,6a3fa2c4dfa2f6d0ee22ff0e,0,10,0,0.0,0.0,0.0,0.0,0.0,0.0
2026-05-10,6a3f54268a1b673e19a1ddb1,0.0,6,5,1,6a3fa2c4dfa2f6d0ee22ff0e,0,5,0,0.0,0.0,0.0,0.0,0.0,0.0
2026-05-11,6a3f54268a1b673e19a1ddb1,0.0,0,5,0,6a3fa2c4dfa2f6d0ee22ff0e,0,11,0,0.0,0.0,0.0,0.0,0.0,0.0
2026-05-12,6a3f54268a1b673e19a1ddb1,0.0,1,5,0,6a3fa2c4dfa2f6d0ee22ff0e,0,11,0,0.0,0.0,0.0,0.0,0.0,0.0
2026-05-13,6a3f54268a1b673e19a1ddb1,0.0,2,5,0,6a3fa2c4dfa2f6d0ee22ff0e,0,11,0,0.0,0.0,0.0,0.0,0.0,0.0
2026-05-14,6a3f54268a1b673e19a1ddb1,0.0,3,5,0,6a3fa2c4dfa2f6d0ee22ff0e,0,10,0,0.0,0.0,0.0,0.0,0.0,0.0
2026-05-15,6a3f54268a1b673e19a1ddb1,0.0,4,5,0,6a3fa2c4dfa2f6d0ee22ff0e,0,12,0,0.0,0.0,0.0,0.0,0.0,0.0
2026-05-16,6a3f54268a1b673e19a1ddb1,0.0,5,5,1,6a3fa2c4dfa2f6d0ee22ff0e,0,10,0,0.0,0.0,0.0,0.0,0.0,0.0
2026-05-17,6a3f54268a1b673e19a1ddb1,0.0,6,5,1,6a3fa2c4dfa2f6d0ee22ff0e,0,5,0,0.0,0.0,0.0,0.0,0.0,0.0
2026-05-18,6a3f54268a1b673e19a1ddb1,0.0,0,5,0,6a3fa2c4dfa2f6d0ee22ff0e,0,11,0,0.0,0.0,0.0,0.0,0.0,0.0
2026-05-19,6a3f54268a1b673e19a1ddb1,0.0,1,5,0,6a3fa2c4dfa2f6d0ee22ff0e,0,11,0,0.0,0.0,0.0,0.0,0.0,0.0
2026-05-20,6a3f54268a1b673e19a1ddb1,0.0,2,5,0,6a3fa2c4dfa2f6d0ee22ff0e,0,11,0,0.0,0.0,0.0,0.0,0.0,0.0
2026-05-21,6a3f54268a1b673e19a1ddb1,0.0,3,5,0,6a3fa2c4dfa2f6d0ee22ff0e,0,10,0,0.0,0.0,0.0,0.0,0.0,0.0
2026-05-22,6a3f54268a1b673e19a1ddb1,0.0,4,5,0,6a3fa2c4dfa2f6d0ee22ff0e,0,12,0,0.0,0.0,0.0,0.0,0.0,0.0
2026-05-23,6a3f54268a1b673e19a1ddb1,0.0,5,5,1,6a3fa2c4dfa2f6d0ee22ff0e,0,10,0,0.0,0.0,0.0,0.0,0.0,0.0
2026-05-24,6a3f54268a1b673e19a1ddb1,0.0,6,5,1,6a3fa2c4dfa2f6d0ee22ff0e,0,5,0,0.0,0.0,0.0,0.0,0.0,0.0
2026-05-25,6a3f54268a1b673e19a1ddb1,0.0,0,5,0,6a3fa2c4dfa2f6d0ee22ff0e,0,11,0,0.0,0.0,0.0,0.0,0.0,0.0
2026-05-26,6a3f54268a1b673e19a1ddb1,0.0,1,5,0,6a3fa2c4dfa2f6d0ee22ff0e,0,11,0,0.0,0.0,0.0,0.0,0.0,0.0
2026-05-27,6a3f54268a1b673e19a1ddb1,0.0,2,5,0,6a3fa2c4dfa2f6d0ee22ff0e,0,11,0,0.0,0.0,0.0,0.0,0.0,0.0
2026-05-28,6a3f54268a1b673e19a1ddb1,0.0,3,5,0,6a3fa2c4dfa2f6d0ee22ff0e,0,10,0,0.0,0.0,0.0,0.0,0.0,0.0
2026-05-29,6a3f54268a1b673e19a1ddb1,0.0,4,5,0,6a3fa2c4dfa2f6d0ee22ff0e,0,12,0,0.0,0.0,0.0,0.0,0.0,0.0
2026-05-30,6a3f54268a1b673e19a1ddb1,0.0,5,5,1,6a3fa2c4dfa2f6d0ee22ff0e,0,10,0,0.0,0.0,0.0,0.0,0.0,0.0
2026-05-31,6a3f54268a1b673e19a1ddb1,0.0,6,5,1,6a3fa2c4dfa2f6d0ee22ff0e,0,5,0,0.0,0.0,0.0,0.0,0.0,0.0
2026-06-01,6a3f54268a1b673e19a1ddb1,0.0,0,6,0,6a3fa2c4dfa2f6d0ee22ff0e,0,11,0,0.0,0.0,0.0,0.0,0.0,0.0
2026-06-02,6a3f54268a1b673e19a1ddb1,0.0,1,6,0,6a3fa2c4dfa2f6d0ee22ff0e,0,11,0,0.0,0.0,0.0,0.0,0.0,0.0
2026-06-03,6a3f54268a1b673e19a1ddb1,0.0,2,6,0,6a3fa2c4dfa2f6d0ee22ff0e,0,11,0,0.0,0.0,0.0,0.0,0.0,0.0
2026-06-04,6a3f54268a1b673e19a1ddb1,0.0,3,6,0,6a3fa2c4dfa2f6d0ee22ff0e,0,10,0,0.0,0.0,0.0,0.0,0.0,0.0
2026-06-05,6a3f54268a1b673e19a1ddb1,0.0,4,6,0,6a3fa2c4dfa2f6d0ee22ff0e,0,12,0,0.0,0.0,0.0,0.0,0.0,0.0
2026-06-06,6a3f54268a1b673e19a1ddb1,0.0,5,6,1,6a3fa2c4dfa2f6d0ee22ff0e,0,10,0,0.0,0.0,0.0,0.0,0.0,0.0
2026-06-07,6a3f54268a1b673e19a1ddb1,0.0,6,6,1,6a3fa2c4dfa2f6d0ee22ff0e,0,5,0,0.0,0.0,0.0,0.0,0.0,0.0
2026-06-08,6a3f54268a1b673e19a1ddb1,0.0,0,6,0,6a3fa2c4dfa2f6d0ee22ff0e,0,11,0,0.0,0.0,0.0,0.0,0.0,0.0
2026-06-09,6a3f54268a1b673e19a1ddb1,0.0,1,6,0,6a3fa2c4dfa2f6d0ee22ff0e,0,11,0,0.0,0.0,0.0,0.0,0.0,0.0
2026-06-10,6a3f54268a1b673e19a1ddb1,0.0,2,6,0,6a3fa2c4dfa2f6d0ee22ff0e,0,11,0,0.0,0.0,0.0,0.0,0.0,0.0
2026-06-11,6a3f54268a1b673e19a1ddb1,0.0,3,6,0,6a3fa2c4dfa2f6d0ee22ff0e,0,10,0,0.0,0.0,0.0,0.0,0.0,0.0
2026-06-12,6a3f54268a1b673e19a1ddb1,0.0,4,6,0,6a3fa2c4dfa2f6d0ee22ff0e,0,12,0,0.0,0.0,0.0,0.0,0.0,0.0
2026-06-13,6a3f54268a1b673e19a1ddb1,0.0,5,6,1,6a3fa2c4dfa2f6d0ee22ff0e,0,10,0,0.0,0.0,0.0,0.0,0.0,0.0
2026-06-14,6a3f54268a1b673e19a1ddb1,0.0,6,6,1,6a3fa2c4dfa2f6d0ee22ff0e,0,5,0,0.0,0.0,0.0,0.0,0.0,0.0
2026-06-15,6a3f54268a1b673e19a1ddb1,0.0,0,6,0,6a3fa2c4dfa2f6d0ee22ff0e,0,11,0,0.0,0.0,0.0,0.0,0.0,0.0
2026-06-16,6a3f54268a1b673e19a1ddb1,0.0,1,6,0,6a3fa2c4dfa2f6d0ee22ff0e,0,11,0,0.0,0.0,0.0,0.0,0.0,0.0
2026-06-17,6a3f54268a1b673e19a1ddb1,0.0,2,6,0,6a3fa2c4dfa2f6d0ee22ff0e,0,11,0,0.0,0.0,0.0,0.0,0.0,0.0
2026-06-18,6a3f54268a1b673e19a1ddb1,0.0,3,6,0,6a3fa2c4dfa2f6d0ee22ff0e,0,10,0,0.0,0.0,0.0,0.0,0.0,0.0
2026-06-19,6a3f54268a1b673e19a1ddb1,0.0,4,6,0,6a3fa2c4dfa2f6d0ee22ff0e,0,12,0,0.0,0.0,0.0,0.0,0.0,0.0
2026-06-20,6a3f54268a1b673e19a1ddb1,0.0,5,6,1,6a3fa2c4dfa2f6d0ee22ff0e,0,10,0,0.0,0.0,0.0,0.0,0.0,0.0
2026-06-21,6a3f54268a1b673e19a1ddb1,0.0,6,6,1,6a3fa2c4dfa2f6d0ee22ff0e,0,5,0,0.0,0.0,0.0,0.0,0.0,0.0
2026-06-22,6a3f54268a1b673e19a1ddb1,0.0,0,6,0,6a3fa2c4dfa2f6d0ee22ff0e,0,11,0,0.0,0.0,0.0,0.0,0.0,0.0
2026-06-23,6a3f54268a1b673e19a1ddb1,0.0,1,6,0,6a3fa2c4dfa2f6d0ee22ff0e,0,11,0,0.0,0.0,0.0,0.0,0.0,0.0
2026-06-24,6a3f54268a1b673e19a1ddb1,0.0,2,6,0,6a3fa2c4dfa2f6d0ee22ff0e,0,11,0,0.0,0.0,0.0,0.0,0.0,0.0
2026-06-25,6a3f54268a1b673e19a1ddb1,0.0,3,6,0,6a3fa2c4dfa2f6d0ee22ff0e,0,10,0,0.0,0.0,0.0,0.0,0.0,0.0
2026-06-26,6a3f54268a1b673e19a1ddb1,0.0,4,6,0,6a3fa2c4dfa2f6d0ee22ff0e,0,12,0,0.0,0.0,0.0,0.0,0.0,0.0
2026-06-27,6a3f54268a1b673e19a1ddb1,0.0,5,6,1,6a3fa2c4dfa2f6d0ee22ff0e,0,10,0,0.0,0.0,0.0,0.0,0.0,0.0
2026-04-06,6a3f54268a1b673e19a1ddb2,0.0,0,4,0,6a3fa2c5dfa2f6d0ee22ff12,0,11,0,0.0,0.0,0.0,0.0,0.0,0.0
2026-04-07,6a3f54268a1b673e19a1ddb2,0.0,1,4,0,6a3fa2c5dfa2f6d0ee22ff12,0,11,0,0.0,0.0,0.0,0.0,0.0,0.0
2026-04-08,6a3f54268a1b673e19a1ddb2,0.0,2,4,0,6a3fa2c5dfa2f6d0ee22ff12,0,11,0,0.0,0.0,0.0,0.0,0.0,0.0
2026-04-09,6a3f54268a1b673e19a1ddb2,0.0,3,4,0,6a3fa2c5dfa2f6d0ee22ff12,0,10,0,0.0,0.0,0.0,0.0,0.0,0.0
2026-04-10,6a3f54268a1b673e19a1ddb2,0.0,4,4,0,6a3fa2c5dfa2f6d0ee22ff12,0,12,0,0.0,0.0,0.0,0.0,0.0,0.0
2026-04-11,6a3f54268a1b673e19a1ddb2,0.0,5,4,1,6a3fa2c5dfa2f6d0ee22ff12,0,10,0,0.0,0.0,0.0,0.0,0.0,0.0
2026-04-12,6a3f54268a1b673e19a1ddb2,0.0,6,4,1,6a3fa2c5dfa2f6d0ee22ff12,0,5,0,0.0,0.0,0.0,0.0,0.0,0.0
2026-04-13,6a3f54268a1b673e19a1ddb2,0.0,0,4,0,6a3fa2c5dfa2f6d0ee22ff12,0,11,0,0.0,0.0,0.0,0.0,0.0,0.0
2026-04-14,6a3f54268a1b673e19a1ddb2,0.0,1,4,0,6a3fa2c5dfa2f6d0ee22ff12,0,11,0,0.0,0.0,0.0,0.0,0.0,0.0
2026-04-15,6a3f54268a1b673e19a1ddb2,0.0,2,4,0,6a3fa2c5dfa2f6d0ee22ff12,0,11,0,0.0,0.0,0.0,0.0,0.0,0.0
2026-04-16,6a3f54268a1b673e19a1ddb2,0.0,3,4,0,6a3fa2c5dfa2f6d0ee22ff12,0,10,0,0.0,0.0,0.0,0.0,0.0,0.0
2026-04-17,6a3f54268a1b673e19a1ddb2,0.0,4,4,0,6a3fa2c5dfa2f6d0ee22ff12,0,12,0,0.0,0.0,0.0,0.0,0.0,0.0
2026-04-18,6a3f54268a1b673e19a1ddb2,0.0,5,4,1,6a3fa2c5dfa2f6d0ee22ff12,0,10,0,0.0,0.0,0.0,0.0,0.0,0.0
2026-04-19,6a3f54268a1b673e19a1ddb2,0.0,6,4,1,6a3fa2c5dfa2f6d0ee22ff12,0,5,0,0.0,0.0,0.0,0.0,0.0,0.0
2026-04-20,6a3f54268a1b673e19a1ddb2,0.0,0,4,0,6a3fa2c5dfa2f6d0ee22ff12,0,11,0,0.0,0.0,0.0,0.0,0.0,0.0
2026-04-21,6a3f54268a1b673e19a1ddb2,0.0,1,4,0,6a3fa2c5dfa2f6d0ee22ff12,0,11,0,0.0,0.0,0.0,0.0,0.0,0.0
2026-04-22,6a3f54268a1b673e19a1ddb2,0.0,2,4,0,6a3fa2c5dfa2f6d0ee22ff12,0,11,0,0.0,0.0,0.0,0.0,0.0,0.0
2026-04-23,6a3f54268a1b673e19a1ddb2,0.0,3,4,0,6a3fa2c5dfa2f6d0ee22ff12,0,10,0,0.0,0.0,0.0,0.0,0.0,0.0
2026-04-24,6a3f54268a1b673e19a1ddb2,0.0,4,4,0,6a3fa2c5dfa2f6d0ee22ff12,0,12,0,0.0,0.0,0.0,0.0,0.0,0.0
2026-04-25,6a3f54268a1b673e19a1ddb2,0.0,5,4,1,6a3fa2c5dfa2f6d0ee22ff12,0,10,0,0.0,0.0,0.0,0.0,0.0,0.0
2026-04-26,6a3f54268a1b673e19a1ddb2,0.0,6,4,1,6a3fa2c5dfa2f6d0ee22ff12,0,5,0,0.0,0.0,0.0,0.0,0.0,0.0
2026-04-27,6a3f54268a1b673e19a1ddb2,0.0,0,4,0,6a3fa2c5dfa2f6d0ee22ff12,0,11,0,0.0,0.0,0.0,0.0,0.0,0.0
2026-04-28,6a3f54268a1b673e19a1ddb2,0.0,1,4,0,6a3fa2c5dfa2f6d0ee22ff12,0,11,0,0.0,0.0,0.0,0.0,0.0,0.0
2026-04-29,6a3f54268a1b673e19a1ddb2,0.0,2,4,0,6a3fa2c5dfa2f6d0ee22ff12,0,11,0,0.0,0.0,0.0,0.0,0.0,0.0
2026-04-30,6a3f54268a1b673e19a1ddb2,0.0,3,4,0,6a3fa2c5dfa2f6d0ee22ff12,0,10,0,0.0,0.0,0.0,0.0,0.0,0.0
2026-05-01,6a3f54268a1b673e19a1ddb2,0.0,4,5,0,6a3fa2c5dfa2f6d0ee22ff12,0,12,0,0.0,0.0,0.0,0.0,0.0,0.0
2026-05-02,6a3f54268a1b673e19a1ddb2,0.0,5,5,1,6a3fa2c5dfa2f6d0ee22ff12,0,10,0,0.0,0.0,0.0,0.0,0.0,0.0
2026-05-03,6a3f54268a1b673e19a1ddb2,0.0,6,5,1,6a3fa2c5dfa2f6d0ee22ff12,0,5,0,0.0,0.0,0.0,0.0,0.0,0.0
2026-05-04,6a3f54268a1b673e19a1ddb2,0.0,0,5,0,6a3fa2c5dfa2f6d0ee22ff12,0,11,0,0.0,0.0,0.0,0.0,0.0,0.0
2026-05-05,6a3f54268a1b673e19a1ddb2,0.0,1,5,0,6a3fa2c5dfa2f6d0ee22ff12,0,11,0,0.0,0.0,0.0,0.0,0.0,0.0
2026-05-06,6a3f54268a1b673e19a1ddb2,0.0,2,5,0,6a3fa2c5dfa2f6d0ee22ff12,0,11,0,0.0,0.0,0.0,0.0,0.0,0.0
2026-05-07,6a3f54268a1b673e19a1ddb2,0.0,3,5,0,6a3fa2c5dfa2f6d0ee22ff12,0,10,0,0.0,0.0,0.0,0.0,0.0,0.0
2026-05-08,6a3f54268a1b673e19a1ddb2,0.0,4,5,0,6a3fa2c5dfa2f6d0ee22ff12,0,12,0,0.0,0.0,0.0,0.0,0.0,0.0
2026-05-09,6a3f54268a1b673e19a1ddb2,0.0,5,5,1,6a3fa2c5dfa2f6d0ee22ff12,0,10,0,0.0,0.0,0.0,0.0,0.0,0.0
2026-05-10,6a3f54268a1b673e19a1ddb2,0.0,6,5,1,6a3fa2c5dfa2f6d0ee22ff12,0,5,0,0.0,0.0,0.0,0.0,0.0,0.0
2026-05-11,6a3f54268a1b673e19a1ddb2,0.0,0,5,0,6a3fa2c5dfa2f6d0ee22ff12,0,11,0,0.0,0.0,0.0,0.0,0.0,0.0
2026-05-12,6a3f54268a1b673e19a1ddb2,0.0,1,5,0,6a3fa2c5dfa2f6d0ee22ff12,0,11,0,0.0,0.0,0.0,0.0,0.0,0.0
2026-05-13,6a3f54268a1b673e19a1ddb2,0.0,2,5,0,6a3fa2c5dfa2f6d0ee22ff12,0,11,0,0.0,0.0,0.0,0.0,0.0,0.0
2026-05-14,6a3f54268a1b673e19a1ddb2,0.0,3,5,0,6a3fa2c5dfa2f6d0ee22ff12,0,10,0,0.0,0.0,0.0,0.0,0.0,0.0
2026-05-15,6a3f54268a1b673e19a1ddb2,0.0,4,5,0,6a3fa2c5dfa2f6d0ee22ff12,0,12,0,0.0,0.0,0.0,0.0,0.0,0.0
2026-05-16,6a3f54268a1b673e19a1ddb2,0.0,5,5,1,6a3fa2c5dfa2f6d0ee22ff12,0,10,0,0.0,0.0,0.0,0.0,0.0,0.0
2026-05-17,6a3f54268a1b673e19a1ddb2,0.0,6,5,1,6a3fa2c5dfa2f6d0ee22ff12,0,5,0,0.0,0.0,0.0,0.0,0.0,0.0
2026-05-18,6a3f54268a1b673e19a1ddb2,0.0,0,5,0,6a3fa2c5dfa2f6d0ee22ff12,0,11,0,0.0,0.0,0.0,0.0,0.0,0.0
2026-05-19,6a3f54268a1b673e19a1ddb2,0.0,1,5,0,6a3fa2c5dfa2f6d0ee22ff12,0,11,0,0.0,0.0,0.0,0.0,0.0,0.0
2026-05-20,6a3f54268a1b673e19a1ddb2,0.0,2,5,0,6a3fa2c5dfa2f6d0ee22ff12,0,11,0,0.0,0.0,0.0,0.0,0.0,0.0
2026-05-21,6a3f54268a1b673e19a1ddb2,0.0,3,5,0,6a3fa2c5dfa2f6d0ee22ff12,0,10,0,0.0,0.0,0.0,0.0,0.0,0.0
2026-05-22,6a3f54268a1b673e19a1ddb2,0.0,4,5,0,6a3fa2c5dfa2f6d0ee22ff12,0,12,0,0.0,0.0,0.0,0.0,0.0,0.0
2026-05-23,6a3f54268a1b673e19a1ddb2,0.0,5,5,1,6a3fa2c5dfa2f6d0ee22ff12,0,10,0,0.0,0.0,0.0,0.0,0.0,0.0
2026-05-24,6a3f54268a1b673e19a1ddb2,0.0,6,5,1,6a3fa2c5dfa2f6d0ee22ff12,0,5,0,0.0,0.0,0.0,0.0,0.0,0.0
2026-05-25,6a3f54268a1b673e19a1ddb2,0.0,0,5,0,6a3fa2c5dfa2f6d0ee22ff12,0,11,0,0.0,0.0,0.0,0.0,0.0,0.0
2026-05-26,6a3f54268a1b673e19a1ddb2,0.0,1,5,0,6a3fa2c5dfa2f6d0ee22ff12,0,11,0,0.0,0.0,0.0,0.0,0.0,0.0
2026-05-27,6a3f54268a1b673e19a1ddb2,0.0,2,5,0,6a3fa2c5dfa2f6d0ee22ff12,0,11,0,0.0,0.0,0.0,0.0,0.0,0.0
2026-05-28,6a3f54268a1b673e19a1ddb2,0.0,3,5,0,6a3fa2c5dfa2f6d0ee22ff12,0,10,0,0.0,0.0,0.0,0.0,0.0,0.0
2026-05-29,6a3f54268a1b673e19a1ddb2,0.0,4,5,0,6a3fa2c5dfa2f6d0ee22ff12,0,12,0,0.0,0.0,0.0,0.0,0.0,0.0
2026-05-30,6a3f54268a1b673e19a1ddb2,0.0,5,5,1,6a3fa2c5dfa2f6d0ee22ff12,0,10,0,0.0,0.0,0.0,0.0,0.0,0.0
2026-05-31,6a3f54268a1b673e19a1ddb2,0.0,6,5,1,6a3fa2c5dfa2f6d0ee22ff12,0,5,0,0.0,0.0,0.0,0.0,0.0,0.0
2026-06-01,6a3f54268a1b673e19a1ddb2,0.0,0,6,0,6a3fa2c5dfa2f6d0ee22ff12,0,11,0,0.0,0.0,0.0,0.0,0.0,0.0
2026-06-02,6a3f54268a1b673e19a1ddb2,0.0,1,6,0,6a3fa2c5dfa2f6d0ee22ff12,0,11,0,0.0,0.0,0.0,0.0,0.0,0.0
2026-06-03,6a3f54268a1b673e19a1ddb2,0.0,2,6,0,6a3fa2c5dfa2f6d0ee22ff12,0,11,0,0.0,0.0,0.0,0.0,0.0,0.0
2026-06-04,6a3f54268a1b673e19a1ddb2,0.0,3,6,0,6a3fa2c5dfa2f6d0ee22ff12,0,10,0,0.0,0.0,0.0,0.0,0.0,0.0
2026-06-05,6a3f54268a1b673e19a1ddb2,0.0,4,6,0,6a3fa2c5dfa2f6d0ee22ff12,0,12,0,0.0,0.0,0.0,0.0,0.0,0.0
2026-06-06,6a3f54268a1b673e19a1ddb2,0.0,5,6,1,6a3fa2c5dfa2f6d0ee22ff12,0,10,0,0.0,0.0,0.0,0.0,0.0,0.0
2026-06-07,6a3f54268a1b673e19a1ddb2,0.0,6,6,1,6a3fa2c5dfa2f6d0ee22ff12,0,5,0,0.0,0.0,0.0,0.0,0.0,0.0
2026-06-08,6a3f54268a1b673e19a1ddb2,0.0,0,6,0,6a3fa2c5dfa2f6d0ee22ff12,0,11,0,0.0,0.0,0.0,0.0,0.0,0.0
2026-06-09,6a3f54268a1b673e19a1ddb2,0.0,1,6,0,6a3fa2c5dfa2f6d0ee22ff12,0,11,0,0.0,0.0,0.0,0.0,0.0,0.0
2026-06-10,6a3f54268a1b673e19a1ddb2,0.0,2,6,0,6a3fa2c5dfa2f6d0ee22ff12,0,11,0,0.0,0.0,0.0,0.0,0.0,0.0
2026-06-11,6a3f54268a1b673e19a1ddb2,0.0,3,6,0,6a3fa2c5dfa2f6d0ee22ff12,0,10,0,0.0,0.0,0.0,0.0,0.0,0.0
2026-06-12,6a3f54268a1b673e19a1ddb2,0.0,4,6,0,6a3fa2c5dfa2f6d0ee22ff12,0,12,0,0.0,0.0,0.0,0.0,0.0,0.0
2026-06-13,6a3f54268a1b673e19a1ddb2,0.0,5,6,1,6a3fa2c5dfa2f6d0ee22ff12,0,10,0,0.0,0.0,0.0,0.0,0.0,0.0
2026-06-14,6a3f54268a1b673e19a1ddb2,0.0,6,6,1,6a3fa2c5dfa2f6d0ee22ff12,0,5,0,0.0,0.0,0.0,0.0,0.0,0.0
2026-06-15,6a3f54268a1b673e19a1ddb2,0.0,0,6,0,6a3fa2c5dfa2f6d0ee22ff12,0,11,0,0.0,0.0,0.0,0.0,0.0,0.0
2026-06-16,6a3f54268a1b673e19a1ddb2,0.0,1,6,0,6a3fa2c5dfa2f6d0ee22ff12,0,11,0,0.0,0.0,0.0,0.0,0.0,0.0
2026-06-17,6a3f54268a1b673e19a1ddb2,0.0,2,6,0,6a3fa2c5dfa2f6d0ee22ff12,0,11,0,0.0,0.0,0.0,0.0,0.0,0.0
2026-06-18,6a3f54268a1b673e19a1ddb2,0.0,3,6,0,6a3fa2c5dfa2f6d0ee22ff12,0,10,0,0.0,0.0,0.0,0.0,0.0,0.0
2026-06-19,6a3f54268a1b673e19a1ddb2,0.0,4,6,0,6a3fa2c5dfa2f6d0ee22ff12,0,12,0,0.0,0.0,0.0,0.0,0.0,0.0
2026-06-20,6a3f54268a1b673e19a1ddb2,0.0,5,6,1,6a3fa2c5dfa2f6d0ee22ff12,0,10,0,0.0,0.0,0.0,0.0,0.0,0.0
2026-06-21,6a3f54268a1b673e19a1ddb2,0.0,6,6,1,6a3fa2c5dfa2f6d0ee22ff12,0,5,0,0.0,0.0,0.0,0.0,0.0,0.0
2026-06-22,6a3f54268a1b673e19a1ddb2,0.0,0,6,0,6a3fa2c5dfa2f6d0ee22ff12,0,11,0,0.0,0.0,0.0,0.0,0.0,0.0
2026-06-23,6a3f54268a1b673e19a1ddb2,0.0,1,6,0,6a3fa2c5dfa2f6d0ee22ff12,0,11,0,0.0,0.0,0.0,0.0,0.0,0.0
2026-06-24,6a3f54268a1b673e19a1ddb2,0.0,2,6,0,6a3fa2c5dfa2f6d0ee22ff12,0,11,0,0.0,0.0,0.0,0.0,0.0,0.0
2026-06-25,6a3f54268a1b673e19a1ddb2,0.0,3,6,0,6a3fa2c5dfa2f6d0ee22ff12,0,10,0,0.0,0.0,0.0,0.0,0.0,0.0
2026-06-26,6a3f54268a1b673e19a1ddb2,0.0,4,6,0,6a3fa2c5dfa2f6d0ee22ff12,0,12,0,0.0,0.0,0.0,0.0,0.0,0.0
2026-06-27,6a3f54268a1b673e19a1ddb2,5.0,5,6,1,6a3fa2c5dfa2f6d0ee22ff12,0,10,0,0.0,0.0,0.0,0.0,0.0,0.0
2026-04-06,6a3f54268a1b673e19a1ddb3,0.0,0,4,0,6a3fa2c5dfa2f6d0ee22ff12,0,11,0,0.0,0.0,0.0,0.0,0.0,0.0
2026-04-07,6a3f54268a1b673e19a1ddb3,0.0,1,4,0,6a3fa2c5dfa2f6d0ee22ff12,0,11,0,0.0,0.0,0.0,0.0,0.0,0.0
2026-04-08,6a3f54268a1b673e19a1ddb3,0.0,2,4,0,6a3fa2c5dfa2f6d0ee22ff12,0,11,0,0.0,0.0,0.0,0.0,0.0,0.0
2026-04-09,6a3f54268a1b673e19a1ddb3,0.0,3,4,0,6a3fa2c5dfa2f6d0ee22ff12,0,10,0,0.0,0.0,0.0,0.0,0.0,0.0
2026-04-10,6a3f54268a1b673e19a1ddb3,0.0,4,4,0,6a3fa2c5dfa2f6d0ee22ff12,0,12,0,0.0,0.0,0.0,0.0,0.0,0.0
2026-04-11,6a3f54268a1b673e19a1ddb3,0.0,5,4,1,6a3fa2c5dfa2f6d0ee22ff12,0,10,0,0.0,0.0,0.0,0.0,0.0,0.0
2026-04-12,6a3f54268a1b673e19a1ddb3,0.0,6,4,1,6a3fa2c5dfa2f6d0ee22ff12,0,5,0,0.0,0.0,0.0,0.0,0.0,0.0
2026-04-13,6a3f54268a1b673e19a1ddb3,0.0,0,4,0,6a3fa2c5dfa2f6d0ee22ff12,0,11,0,0.0,0.0,0.0,0.0,0.0,0.0
2026-04-14,6a3f54268a1b673e19a1ddb3,0.0,1,4,0,6a3fa2c5dfa2f6d0ee22ff12,0,11,0,0.0,0.0,0.0,0.0,0.0,0.0
2026-04-15,6a3f54268a1b673e19a1ddb3,0.0,2,4,0,6a3fa2c5dfa2f6d0ee22ff12,0,11,0,0.0,0.0,0.0,0.0,0.0,0.0
2026-04-16,6a3f54268a1b673e19a1ddb3,0.0,3,4,0,6a3fa2c5dfa2f6d0ee22ff12,0,10,0,0.0,0.0,0.0,0.0,0.0,0.0
2026-04-17,6a3f54268a1b673e19a1ddb3,0.0,4,4,0,6a3fa2c5dfa2f6d0ee22ff12,0,12,0,0.0,0.0,0.0,0.0,0.0,0.0
2026-04-18,6a3f54268a1b673e19a1ddb3,0.0,5,4,1,6a3fa2c5dfa2f6d0ee22ff12,0,10,0,0.0,0.0,0.0,0.0,0.0,0.0
2026-04-19,6a3f54268a1b673e19a1ddb3,0.0,6,4,1,6a3fa2c5dfa2f6d0ee22ff12,0,5,0,0.0,0.0,0.0,0.0,0.0,0.0
2026-04-20,6a3f54268a1b673e19a1ddb3,0.0,0,4,0,6a3fa2c5dfa2f6d0ee22ff12,0,11,0,0.0,0.0,0.0,0.0,0.0,0.0
2026-04-21,6a3f54268a1b673e19a1ddb3,0.0,1,4,0,6a3fa2c5dfa2f6d0ee22ff12,0,11,0,0.0,0.0,0.0,0.0,0.0,0.0
2026-04-22,6a3f54268a1b673e19a1ddb3,0.0,2,4,0,6a3fa2c5dfa2f6d0ee22ff12,0,11,0,0.0,0.0,0.0,0.0,0.0,0.0
2026-04-23,6a3f54268a1b673e19a1ddb3,0.0,3,4,0,6a3fa2c5dfa2f6d0ee22ff12,0,10,0,0.0,0.0,0.0,0.0,0.0,0.0
2026-04-24,6a3f54268a1b673e19a1ddb3,0.0,4,4,0,6a3fa2c5dfa2f6d0ee22ff12,0,12,0,0.0,0.0,0.0,0.0,0.0,0.0
2026-04-25,6a3f54268a1b673e19a1ddb3,0.0,5,4,1,6a3fa2c5dfa2f6d0ee22ff12,0,10,0,0.0,0.0,0.0,0.0,0.0,0.0
2026-04-26,6a3f54268a1b673e19a1ddb3,0.0,6,4,1,6a3fa2c5dfa2f6d0ee22ff12,0,5,0,0.0,0.0,0.0,0.0,0.0,0.0
2026-04-27,6a3f54268a1b673e19a1ddb3,0.0,0,4,0,6a3fa2c5dfa2f6d0ee22ff12,0,11,0,0.0,0.0,0.0,0.0,0.0,0.0
2026-04-28,6a3f54268a1b673e19a1ddb3,0.0,1,4,0,6a3fa2c5dfa2f6d0ee22ff12,0,11,0,0.0,0.0,0.0,0.0,0.0,0.0
2026-04-29,6a3f54268a1b673e19a1ddb3,0.0,2,4,0,6a3fa2c5dfa2f6d0ee22ff12,0,11,0,0.0,0.0,0.0,0.0,0.0,0.0
2026-04-30,6a3f54268a1b673e19a1ddb3,0.0,3,4,0,6a3fa2c5dfa2f6d0ee22ff12,0,10,0,0.0,0.0,0.0,0.0,0.0,0.0
2026-05-01,6a3f54268a1b673e19a1ddb3,0.0,4,5,0,6a3fa2c5dfa2f6d0ee22ff12,0,12,0,0.0,0.0,0.0,0.0,0.0,0.0
2026-05-02,6a3f54268a1b673e19a1ddb3,0.0,5,5,1,6a3fa2c5dfa2f6d0ee22ff12,0,10,0,0.0,0.0,0.0,0.0,0.0,0.0
2026-05-03,6a3f54268a1b673e19a1ddb3,0.0,6,5,1,6a3fa2c5dfa2f6d0ee22ff12,0,5,0,0.0,0.0,0.0,0.0,0.0,0.0
2026-05-04,6a3f54268a1b673e19a1ddb3,0.0,0,5,0,6a3fa2c5dfa2f6d0ee22ff12,0,11,0,0.0,0.0,0.0,0.0,0.0,0.0
2026-05-05,6a3f54268a1b673e19a1ddb3,0.0,1,5,0,6a3fa2c5dfa2f6d0ee22ff12,0,11,0,0.0,0.0,0.0,0.0,0.0,0.0
2026-05-06,6a3f54268a1b673e19a1ddb3,0.0,2,5,0,6a3fa2c5dfa2f6d0ee22ff12,0,11,0,0.0,0.0,0.0,0.0,0.0,0.0
2026-05-07,6a3f54268a1b673e19a1ddb3,0.0,3,5,0,6a3fa2c5dfa2f6d0ee22ff12,0,10,0,0.0,0.0,0.0,0.0,0.0,0.0
2026-05-08,6a3f54268a1b673e19a1ddb3,0.0,4,5,0,6a3fa2c5dfa2f6d0ee22ff12,0,12,0,0.0,0.0,0.0,0.0,0.0,0.0
2026-05-09,6a3f54268a1b673e19a1ddb3,0.0,5,5,1,6a3fa2c5dfa2f6d0ee22ff12,0,10,0,0.0,0.0,0.0,0.0,0.0,0.0
2026-05-10,6a3f54268a1b673e19a1ddb3,0.0,6,5,1,6a3fa2c5dfa2f6d0ee22ff12,0,5,0,0.0,0.0,0.0,0.0,0.0,0.0
2026-05-11,6a3f54268a1b673e19a1ddb3,0.0,0,5,0,6a3fa2c5dfa2f6d0ee22ff12,0,11,0,0.0,0.0,0.0,0.0,0.0,0.0
2026-05-12,6a3f54268a1b673e19a1ddb3,0.0,1,5,0,6a3fa2c5dfa2f6d0ee22ff12,0,11,0,0.0,0.0,0.0,0.0,0.0,0.0
2026-05-13,6a3f54268a1b673e19a1ddb3,0.0,2,5,0,6a3fa2c5dfa2f6d0ee22ff12,0,11,0,0.0,0.0,0.0,0.0,0.0,0.0
2026-05-14,6a3f54268a1b673e19a1ddb3,0.0,3,5,0,6a3fa2c5dfa2f6d0ee22ff12,0,10,0,0.0,0.0,0.0,0.0,0.0,0.0
2026-05-15,6a3f54268a1b673e19a1ddb3,0.0,4,5,0,6a3fa2c5dfa2f6d0ee22ff12,0,12,0,0.0,0.0,0.0,0.0,0.0,0.0
2026-05-16,6a3f54268a1b673e19a1ddb3,0.0,5,5,1,6a3fa2c5dfa2f6d0ee22ff12,0,10,0,0.0,0.0,0.0,0.0,0.0,0.0
2026-05-17,6a3f54268a1b673e19a1ddb3,0.0,6,5,1,6a3fa2c5dfa2f6d0ee22ff12,0,5,0,0.0,0.0,0.0,0.0,0.0,0.0
2026-05-18,6a3f54268a1b673e19a1ddb3,0.0,0,5,0,6a3fa2c5dfa2f6d0ee22ff12,0,11,0,0.0,0.0,0.0,0.0,0.0,0.0
2026-05-19,6a3f54268a1b673e19a1ddb3,0.0,1,5,0,6a3fa2c5dfa2f6d0ee22ff12,0,11,0,0.0,0.0,0.0,0.0,0.0,0.0
2026-05-20,6a3f54268a1b673e19a1ddb3,0.0,2,5,0,6a3fa2c5dfa2f6d0ee22ff12,0,11,0,0.0,0.0,0.0,0.0,0.0,0.0
2026-05-21,6a3f54268a1b673e19a1ddb3,0.0,3,5,0,6a3fa2c5dfa2f6d0ee22ff12,0,10,0,0.0,0.0,0.0,0.0,0.0,0.0
2026-05-22,6a3f54268a1b673e19a1ddb3,0.0,4,5,0,6a3fa2c5dfa2f6d0ee22ff12,0,12,0,0.0,0.0,0.0,0.0,0.0,0.0
2026-05-23,6a3f54268a1b673e19a1ddb3,0.0,5,5,1,6a3fa2c5dfa2f6d0ee22ff12,0,10,0,0.0,0.0,0.0,0.0,0.0,0.0
2026-05-24,6a3f54268a1b673e19a1ddb3,0.0,6,5,1,6a3fa2c5dfa2f6d0ee22ff12,0,5,0,0.0,0.0,0.0,0.0,0.0,0.0
2026-05-25,6a3f54268a1b673e19a1ddb3,0.0,0,5,0,6a3fa2c5dfa2f6d0ee22ff12,0,11,0,0.0,0.0,0.0,0.0,0.0,0.0
2026-05-26,6a3f54268a1b673e19a1ddb3,0.0,1,5,0,6a3fa2c5dfa2f6d0ee22ff12,0,11,0,0.0,0.0,0.0,0.0,0.0,0.0
2026-05-27,6a3f54268a1b673e19a1ddb3,0.0,2,5,0,6a3fa2c5dfa2f6d0ee22ff12,0,11,0,0.0,0.0,0.0,0.0,0.0,0.0
2026-05-28,6a3f54268a1b673e19a1ddb3,0.0,3,5,0,6a3fa2c5dfa2f6d0ee22ff12,0,10,0,0.0,0.0,0.0,0.0,0.0,0.0
2026-05-29,6a3f54268a1b673e19a1ddb3,0.0,4,5,0,6a3fa2c5dfa2f6d0ee22ff12,0,12,0,0.0,0.0,0.0,0.0,0.0,0.0
2026-05-30,6a3f54268a1b673e19a1ddb3,0.0,5,5,1,6a3fa2c5dfa2f6d0ee22ff12,0,10,0,0.0,0.0,0.0,0.0,0.0,0.0
2026-05-31,6a3f54268a1b673e19a1ddb3,0.0,6,5,1,6a3fa2c5dfa2f6d0ee22ff12,0,5,0,0.0,0.0,0.0,0.0,0.0,0.0
2026-06-01,6a3f54268a1b673e19a1ddb3,0.0,0,6,0,6a3fa2c5dfa2f6d0ee22ff12,0,11,0,0.0,0.0,0.0,0.0,0.0,0.0
2026-06-02,6a3f54268a1b673e19a1ddb3,0.0,1,6,0,6a3fa2c5dfa2f6d0ee22ff12,0,11,0,0.0,0.0,0.0,0.0,0.0,0.0
2026-06-03,6a3f54268a1b673e19a1ddb3,0.0,2,6,0,6a3fa2c5dfa2f6d0ee22ff12,0,11,0,0.0,0.0,0.0,0.0,0.0,0.0
2026-06-04,6a3f54268a1b673e19a1ddb3,0.0,3,6,0,6a3fa2c5dfa2f6d0ee22ff12,0,10,0,0.0,0.0,0.0,0.0,0.0,0.0
2026-06-05,6a3f54268a1b673e19a1ddb3,0.0,4,6,0,6a3fa2c5dfa2f6d0ee22ff12,0,12,0,0.0,0.0,0.0,0.0,0.0,0.0
2026-06-06,6a3f54268a1b673e19a1ddb3,0.0,5,6,1,6a3fa2c5dfa2f6d0ee22ff12,0,10,0,0.0,0.0,0.0,0.0,0.0,0.0
2026-06-07,6a3f54268a1b673e19a1ddb3,0.0,6,6,1,6a3fa2c5dfa2f6d0ee22ff12,0,5,0,0.0,0.0,0.0,0.0,0.0,0.0
2026-06-08,6a3f54268a1b673e19a1ddb3,0.0,0,6,0,6a3fa2c5dfa2f6d0ee22ff12,0,11,0,0.0,0.0,0.0,0.0,0.0,0.0
2026-06-09,6a3f54268a1b673e19a1ddb3,0.0,1,6,0,6a3fa2c5dfa2f6d0ee22ff12,0,11,0,0.0,0.0,0.0,0.0,0.0,0.0
2026-06-10,6a3f54268a1b673e19a1ddb3,0.0,2,6,0,6a3fa2c5dfa2f6d0ee22ff12,0,11,0,0.0,0.0,0.0,0.0,0.0,0.0
2026-06-11,6a3f54268a1b673e19a1ddb3,0.0,3,6,0,6a3fa2c5dfa2f6d0ee22ff12,0,10,0,0.0,0.0,0.0,0.0,0.0,0.0
2026-06-12,6a3f54268a1b673e19a1ddb3,0.0,4,6,0,6a3fa2c5dfa2f6d0ee22ff12,0,12,0,0.0,0.0,0.0,0.0,0.0,0.0
2026-06-13,6a3f54268a1b673e19a1ddb3,0.0,5,6,1,6a3fa2c5dfa2f6d0ee22ff12,0,10,0,0.0,0.0,0.0,0.0,0.0,0.0
2026-06-14,6a3f54268a1b673e19a1ddb3,0.0,6,6,1,6a3fa2c5dfa2f6d0ee22ff12,0,5,0,0.0,0.0,0.0,0.0,0.0,0.0
2026-06-15,6a3f54268a1b673e19a1ddb3,0.0,0,6,0,6a3fa2c5dfa2f6d0ee22ff12,0,11,0,0.0,0.0,0.0,0.0,0.0,0.0
2026-06-16,6a3f54268a1b673e19a1ddb3,0.0,1,6,0,6a3fa2c5dfa2f6d0ee22ff12,0,11,0,0.0,0.0,0.0,0.0,0.0,0.0
2026-06-17,6a3f54268a1b673e19a1ddb3,0.0,2,6,0,6a3fa2c5dfa2f6d0ee22ff12,0,11,0,0.0,0.0,0.0,0.0,0.0,0.0
2026-06-18,6a3f54268a1b673e19a1ddb3,0.0,3,6,0,6a3fa2c5dfa2f6d0ee22ff12,0,10,0,0.0,0.0,0.0,0.0,0.0,0.0
2026-06-19,6a3f54268a1b673e19a1ddb3,0.0,4,6,0,6a3fa2c5dfa2f6d0ee22ff12,0,12,0,0.0,0.0,0.0,0.0,0.0,0.0
2026-06-20,6a3f54268a1b673e19a1ddb3,0.0,5,6,1,6a3fa2c5dfa2f6d0ee22ff12,0,10,0,0.0,0.0,0.0,0.0,0.0,0.0
2026-06-21,6a3f54268a1b673e19a1ddb3,0.0,6,6,1,6a3fa2c5dfa2f6d0ee22ff12,0,5,0,0.0,0.0,0.0,0.0,0.0,0.0
2026-06-22,6a3f54268a1b673e19a1ddb3,0.0,0,6,0,6a3fa2c5dfa2f6d0ee22ff12,0,11,0,0.0,0.0,0.0,0.0,0.0,0.0
2026-06-23,6a3f54268a1b673e19a1ddb3,0.0,1,6,0,6a3fa2c5dfa2f6d0ee22ff12,0,11,0,0.0,0.0,0.0,0.0,0.0,0.0
2026-06-24,6a3f54268a1b673e19a1ddb3,0.0,2,6,0,6a3fa2c5dfa2f6d0ee22ff12,0,11,0,0.0,0.0,0.0,0.0,0.0,0.0
2026-06-25,6a3f54268a1b673e19a1ddb3,0.0,3,6,0,6a3fa2c5dfa2f6d0ee22ff12,0,10,0,0.0,0.0,0.0,0.0,0.0,0.0
2026-06-26,6a3f54268a1b673e19a1ddb3,0.0,4,6,0,6a3fa2c5dfa2f6d0ee22ff12,0,12,0,0.0,0.0,0.0,0.0,0.0,0.0
2026-06-27,6a3f54268a1b673e19a1ddb3,0.0,5,6,1,6a3fa2c5dfa2f6d0ee22ff12,0,10,0,0.0,0.0,0.0,0.0,0.0,0.0
2026-04-06,6a3f54268a1b673e19a1ddb4,0.0,0,4,0,6a3fa2c5dfa2f6d0ee22ff12,0,11,0,0.0,0.0,0.0,0.0,0.0,0.0
2026-04-07,6a3f54268a1b673e19a1ddb4,0.0,1,4,0,6a3fa2c5dfa2f6d0ee22ff12,0,11,0,0.0,0.0,0.0,0.0,0.0,0.0
2026-04-08,6a3f54268a1b673e19a1ddb4,0.0,2,4,0,6a3fa2c5dfa2f6d0ee22ff12,0,11,0,0.0,0.0,0.0,0.0,0.0,0.0
2026-04-09,6a3f54268a1b673e19a1ddb4,0.0,3,4,0,6a3fa2c5dfa2f6d0ee22ff12,0,10,0,0.0,0.0,0.0,0.0,0.0,0.0
2026-04-10,6a3f54268a1b673e19a1ddb4,0.0,4,4,0,6a3fa2c5dfa2f6d0ee22ff12,0,12,0,0.0,0.0,0.0,0.0,0.0,0.0
2026-04-11,6a3f54268a1b673e19a1ddb4,0.0,5,4,1,6a3fa2c5dfa2f6d0ee22ff12,0,10,0,0.0,0.0,0.0,0.0,0.0,0.0
2026-04-12,6a3f54268a1b673e19a1ddb4,0.0,6,4,1,6a3fa2c5dfa2f6d0ee22ff12,0,5,0,0.0,0.0,0.0,0.0,0.0,0.0
2026-04-13,6a3f54268a1b673e19a1ddb4,0.0,0,4,0,6a3fa2c5dfa2f6d0ee22ff12,0,11,0,0.0,0.0,0.0,0.0,0.0,0.0
2026-04-14,6a3f54268a1b673e19a1ddb4,0.0,1,4,0,6a3fa2c5dfa2f6d0ee22ff12,0,11,0,0.0,0.0,0.0,0.0,0.0,0.0
2026-04-15,6a3f54268a1b673e19a1ddb4,0.0,2,4,0,6a3fa2c5dfa2f6d0ee22ff12,0,11,0,0.0,0.0,0.0,0.0,0.0,0.0
2026-04-16,6a3f54268a1b673e19a1ddb4,0.0,3,4,0,6a3fa2c5dfa2f6d0ee22ff12,0,10,0,0.0,0.0,0.0,0.0,0.0,0.0
2026-04-17,6a3f54268a1b673e19a1ddb4,0.0,4,4,0,6a3fa2c5dfa2f6d0ee22ff12,0,12,0,0.0,0.0,0.0,0.0,0.0,0.0
2026-04-18,6a3f54268a1b673e19a1ddb4,0.0,5,4,1,6a3fa2c5dfa2f6d0ee22ff12,0,10,0,0.0,0.0,0.0,0.0,0.0,0.0
2026-04-19,6a3f54268a1b673e19a1ddb4,0.0,6,4,1,6a3fa2c5dfa2f6d0ee22ff12,0,5,0,0.0,0.0,0.0,0.0,0.0,0.0
2026-04-20,6a3f54268a1b673e19a1ddb4,0.0,0,4,0,6a3fa2c5dfa2f6d0ee22ff12,0,11,0,0.0,0.0,0.0,0.0,0.0,0.0
2026-04-21,6a3f54268a1b673e19a1ddb4,0.0,1,4,0,6a3fa2c5dfa2f6d0ee22ff12,0,11,0,0.0,0.0,0.0,0.0,0.0,0.0
2026-04-22,6a3f54268a1b673e19a1ddb4,0.0,2,4,0,6a3fa2c5dfa2f6d0ee22ff12,0,11,0,0.0,0.0,0.0,0.0,0.0,0.0
2026-04-23,6a3f54268a1b673e19a1ddb4,0.0,3,4,0,6a3fa2c5dfa2f6d0ee22ff12,0,10,0,0.0,0.0,0.0,0.0,0.0,0.0
2026-04-24,6a3f54268a1b673e19a1ddb4,0.0,4,4,0,6a3fa2c5dfa2f6d0ee22ff12,0,12,0,0.0,0.0,0.0,0.0,0.0,0.0
2026-04-25,6a3f54268a1b673e19a1ddb4,0.0,5,4,1,6a3fa2c5dfa2f6d0ee22ff12,0,10,0,0.0,0.0,0.0,0.0,0.0,0.0
2026-04-26,6a3f54268a1b673e19a1ddb4,0.0,6,4,1,6a3fa2c5dfa2f6d0ee22ff12,0,5,0,0.0,0.0,0.0,0.0,0.0,0.0
2026-04-27,6a3f54268a1b673e19a1ddb4,0.0,0,4,0,6a3fa2c5dfa2f6d0ee22ff12,0,11,0,0.0,0.0,0.0,0.0,0.0,0.0
2026-04-28,6a3f54268a1b673e19a1ddb4,0.0,1,4,0,6a3fa2c5dfa2f6d0ee22ff12,0,11,0,0.0,0.0,0.0,0.0,0.0,0.0
2026-04-29,6a3f54268a1b673e19a1ddb4,0.0,2,4,0,6a3fa2c5dfa2f6d0ee22ff12,0,11,0,0.0,0.0,0.0,0.0,0.0,0.0
2026-04-30,6a3f54268a1b673e19a1ddb4,0.0,3,4,0,6a3fa2c5dfa2f6d0ee22ff12,0,10,0,0.0,0.0,0.0,0.0,0.0,0.0
2026-05-01,6a3f54268a1b673e19a1ddb4,0.0,4,5,0,6a3fa2c5dfa2f6d0ee22ff12,0,12,0,0.0,0.0,0.0,0.0,0.0,0.0
2026-05-02,6a3f54268a1b673e19a1ddb4,0.0,5,5,1,6a3fa2c5dfa2f6d0ee22ff12,0,10,0,0.0,0.0,0.0,0.0,0.0,0.0
2026-05-03,6a3f54268a1b673e19a1ddb4,0.0,6,5,1,6a3fa2c5dfa2f6d0ee22ff12,0,5,0,0.0,0.0,0.0,0.0,0.0,0.0
2026-05-04,6a3f54268a1b673e19a1ddb4,0.0,0,5,0,6a3fa2c5dfa2f6d0ee22ff12,0,11,0,0.0,0.0,0.0,0.0,0.0,0.0
2026-05-05,6a3f54268a1b673e19a1ddb4,0.0,1,5,0,6a3fa2c5dfa2f6d0ee22ff12,0,11,0,0.0,0.0,0.0,0.0,0.0,0.0
2026-05-06,6a3f54268a1b673e19a1ddb4,0.0,2,5,0,6a3fa2c5dfa2f6d0ee22ff12,0,11,0,0.0,0.0,0.0,0.0,0.0,0.0
2026-05-07,6a3f54268a1b673e19a1ddb4,0.0,3,5,0,6a3fa2c5dfa2f6d0ee22ff12,0,10,0,0.0,0.0,0.0,0.0,0.0,0.0
2026-05-08,6a3f54268a1b673e19a1ddb4,0.0,4,5,0,6a3fa2c5dfa2f6d0ee22ff12,0,12,0,0.0,0.0,0.0,0.0,0.0,0.0
2026-05-09,6a3f54268a1b673e19a1ddb4,0.0,5,5,1,6a3fa2c5dfa2f6d0ee22ff12,0,10,0,0.0,0.0,0.0,0.0,0.0,0.0
2026-05-10,6a3f54268a1b673e19a1ddb4,0.0,6,5,1,6a3fa2c5dfa2f6d0ee22ff12,0,5,0,0.0,0.0,0.0,0.0,0.0,0.0
2026-05-11,6a3f54268a1b673e19a1ddb4,0.0,0,5,0,6a3fa2c5dfa2f6d0ee22ff12,0,11,0,0.0,0.0,0.0,0.0,0.0,0.0
2026-05-12,6a3f54268a1b673e19a1ddb4,0.0,1,5,0,6a3fa2c5dfa2f6d0ee22ff12,0,11,0,0.0,0.0,0.0,0.0,0.0,0.0
2026-05-13,6a3f54268a1b673e19a1ddb4,0.0,2,5,0,6a3fa2c5dfa2f6d0ee22ff12,0,11,0,0.0,0.0,0.0,0.0,0.0,0.0
2026-05-14,6a3f54268a1b673e19a1ddb4,0.0,3,5,0,6a3fa2c5dfa2f6d0ee22ff12,0,10,0,0.0,0.0,0.0,0.0,0.0,0.0
2026-05-15,6a3f54268a1b673e19a1ddb4,0.0,4,5,0,6a3fa2c5dfa2f6d0ee22ff12,0,12,0,0.0,0.0,0.0,0.0,0.0,0.0
2026-05-16,6a3f54268a1b673e19a1ddb4,0.0,5,5,1,6a3fa2c5dfa2f6d0ee22ff12,0,10,0,0.0,0.0,0.0,0.0,0.0,0.0
2026-05-17,6a3f54268a1b673e19a1ddb4,0.0,6,5,1,6a3fa2c5dfa2f6d0ee22ff12,0,5,0,0.0,0.0,0.0,0.0,0.0,0.0
2026-05-18,6a3f54268a1b673e19a1ddb4,0.0,0,5,0,6a3fa2c5dfa2f6d0ee22ff12,0,11,0,0.0,0.0,0.0,0.0,0.0,0.0
2026-05-19,6a3f54268a1b673e19a1ddb4,0.0,1,5,0,6a3fa2c5dfa2f6d0ee22ff12,0,11,0,0.0,0.0,0.0,0.0,0.0,0.0
2026-05-20,6a3f54268a1b673e19a1ddb4,0.0,2,5,0,6a3fa2c5dfa2f6d0ee22ff12,0,11,0,0.0,0.0,0.0,0.0,0.0,0.0
2026-05-21,6a3f54268a1b673e19a1ddb4,0.0,3,5,0,6a3fa2c5dfa2f6d0ee22ff12,0,10,0,0.0,0.0,0.0,0.0,0.0,0.0
2026-05-22,6a3f54268a1b673e19a1ddb4,0.0,4,5,0,6a3fa2c5dfa2f6d0ee22ff12,0,12,0,0.0,0.0,0.0,0.0,0.0,0.0
2026-05-23,6a3f54268a1b673e19a1ddb4,0.0,5,5,1,6a3fa2c5dfa2f6d0ee22ff12,0,10,0,0.0,0.0,0.0,0.0,0.0,0.0
2026-05-24,6a3f54268a1b673e19a1ddb4,0.0,6,5,1,6a3fa2c5dfa2f6d0ee22ff12,0,5,0,0.0,0.0,0.0,0.0,0.0,0.0
2026-05-25,6a3f54268a1b673e19a1ddb4,0.0,0,5,0,6a3fa2c5dfa2f6d0ee22ff12,0,11,0,0.0,0.0,0.0,0.0,0.0,0.0
2026-05-26,6a3f54268a1b673e19a1ddb4,0.0,1,5,0,6a3fa2c5dfa2f6d0ee22ff12,0,11,0,0.0,0.0,0.0,0.0,0.0,0.0
2026-05-27,6a3f54268a1b673e19a1ddb4,0.0,2,5,0,6a3fa2c5dfa2f6d0ee22ff12,0,11,0,0.0,0.0,0.0,0.0,0.0,0.0
2026-05-28,6a3f54268a1b673e19a1ddb4,0.0,3,5,0,6a3fa2c5dfa2f6d0ee22ff12,0,10,0,0.0,0.0,0.0,0.0,0.0,0.0
2026-05-29,6a3f54268a1b673e19a1ddb4,0.0,4,5,0,6a3fa2c5dfa2f6d0ee22ff12,0,12,0,0.0,0.0,0.0,0.0,0.0,0.0
2026-05-30,6a3f54268a1b673e19a1ddb4,0.0,5,5,1,6a3fa2c5dfa2f6d0ee22ff12,0,10,0,0.0,0.0,0.0,0.0,0.0,0.0
2026-05-31,6a3f54268a1b673e19a1ddb4,0.0,6,5,1,6a3fa2c5dfa2f6d0ee22ff12,0,5,0,0.0,0.0,0.0,0.0,0.0,0.0
2026-06-01,6a3f54268a1b673e19a1ddb4,0.0,0,6,0,6a3fa2c5dfa2f6d0ee22ff12,0,11,0,0.0,0.0,0.0,0.0,0.0,0.0
2026-06-02,6a3f54268a1b673e19a1ddb4,0.0,1,6,0,6a3fa2c5dfa2f6d0ee22ff12,0,11,0,0.0,0.0,0.0,0.0,0.0,0.0
2026-06-03,6a3f54268a1b673e19a1ddb4,0.0,2,6,0,6a3fa2c5dfa2f6d0ee22ff12,0,11,0,0.0,0.0,0.0,0.0,0.0,0.0
2026-06-04,6a3f54268a1b673e19a1ddb4,0.0,3,6,0,6a3fa2c5dfa2f6d0ee22ff12,0,10,0,0.0,0.0,0.0,0.0,0.0,0.0
2026-06-05,6a3f54268a1b673e19a1ddb4,0.0,4,6,0,6a3fa2c5dfa2f6d0ee22ff12,0,12,0,0.0,0.0,0.0,0.0,0.0,0.0
2026-06-06,6a3f54268a1b673e19a1ddb4,0.0,5,6,1,6a3fa2c5dfa2f6d0ee22ff12,0,10,0,0.0,0.0,0.0,0.0,0.0,0.0
2026-06-07,6a3f54268a1b673e19a1ddb4,0.0,6,6,1,6a3fa2c5dfa2f6d0ee22ff12,0,5,0,0.0,0.0,0.0,0.0,0.0,0.0
2026-06-08,6a3f54268a1b673e19a1ddb4,0.0,0,6,0,6a3fa2c5dfa2f6d0ee22ff12,0,11,0,0.0,0.0,0.0,0.0,0.0,0.0
2026-06-09,6a3f54268a1b673e19a1ddb4,0.0,1,6,0,6a3fa2c5dfa2f6d0ee22ff12,0,11,0,0.0,0.0,0.0,0.0,0.0,0.0
2026-06-10,6a3f54268a1b673e19a1ddb4,0.0,2,6,0,6a3fa2c5dfa2f6d0ee22ff12,0,11,0,0.0,0.0,0.0,0.0,0.0,0.0
2026-06-11,6a3f54268a1b673e19a1ddb4,0.0,3,6,0,6a3fa2c5dfa2f6d0ee22ff12,0,10,0,0.0,0.0,0.0,0.0,0.0,0.0
2026-06-12,6a3f54268a1b673e19a1ddb4,0.0,4,6,0,6a3fa2c5dfa2f6d0ee22ff12,0,12,0,0.0,0.0,0.0,0.0,0.0,0.0
2026-06-13,6a3f54268a1b673e19a1ddb4,0.0,5,6,1,6a3fa2c5dfa2f6d0ee22ff12,0,10,0,0.0,0.0,0.0,0.0,0.0,0.0
2026-06-14,6a3f54268a1b673e19a1ddb4,0.0,6,6,1,6a3fa2c5dfa2f6d0ee22ff12,0,5,0,0.0,0.0,0.0,0.0,0.0,0.0
2026-06-15,6a3f54268a1b673e19a1ddb4,0.0,0,6,0,6a3fa2c5dfa2f6d0ee22ff12,0,11,0,0.0,0.0,0.0,0.0,0.0,0.0
2026-06-16,6a3f54268a1b673e19a1ddb4,0.0,1,6,0,6a3fa2c5dfa2f6d0ee22ff12,0,11,0,0.0,0.0,0.0,0.0,0.0,0.0
2026-06-17,6a3f54268a1b673e19a1ddb4,0.0,2,6,0,6a3fa2c5dfa2f6d0ee22ff12,0,11,0,0.0,0.0,0.0,0.0,0.0,0.0
2026-06-18,6a3f54268a1b673e19a1ddb4,0.0,3,6,0,6a3fa2c5dfa2f6d0ee22ff12,0,10,0,0.0,0.0,0.0,0.0,0.0,0.0
2026-06-19,6a3f54268a1b673e19a1ddb4,0.0,4,6,0,6a3fa2c5dfa2f6d0ee22ff12,0,12,0,0.0,0.0,0.0,0.0,0.0,0.0
2026-06-20,6a3f54268a1b673e19a1ddb4,0.0,5,6,1,6a3fa2c5dfa2f6d0ee22ff12,0,10,0,0.0,0.0,0.0,0.0,0.0,0.0
2026-06-21,6a3f54268a1b673e19a1ddb4,0.0,6,6,1,6a3fa2c5dfa2f6d0ee22ff12,0,5,0,0.0,0.0,0.0,0.0,0.0,0.0
2026-06-22,6a3f54268a1b673e19a1ddb4,0.0,0,6,0,6a3fa2c5dfa2f6d0ee22ff12,0,11,0,0.0,0.0,0.0,0.0,0.0,0.0
2026-06-23,6a3f54268a1b673e19a1ddb4,0.0,1,6,0,6a3fa2c5dfa2f6d0ee22ff12,0,11,0,0.0,0.0,0.0,0.0,0.0,0.0
2026-06-24,6a3f54268a1b673e19a1ddb4,0.0,2,6,0,6a3fa2c5dfa2f6d0ee22ff12,0,11,0,0.0,0.0,0.0,0.0,0.0,0.0
2026-06-25,6a3f54268a1b673e19a1ddb4,0.0,3,6,0,6a3fa2c5dfa2f6d0ee22ff12,0,10,0,0.0,0.0,0.0,0.0,0.0,0.0
2026-06-26,6a3f54268a1b673e19a1ddb4,0.0,4,6,0,6a3fa2c5dfa2f6d0ee22ff12,0,12,0,0.0,0.0,0.0,0.0,0.0,0.0
2026-06-27,6a3f54268a1b673e19a1ddb4,0.0,5,6,1,6a3fa2c5dfa2f6d0ee22ff12,0,10,0,0.0,0.0,0.0,0.0,0.0,0.0
2026-04-06,6a3f54268a1b673e19a1ddb5,0.0,0,4,0,6a3f54268a1b673e19a1ddab,0,11,0,0.0,0.0,0.0,0.0,0.0,0.0
2026-04-07,6a3f54268a1b673e19a1ddb5,0.0,1,4,0,6a3f54268a1b673e19a1ddab,0,11,0,0.0,0.0,0.0,0.0,0.0,0.0
2026-04-08,6a3f54268a1b673e19a1ddb5,0.0,2,4,0,6a3f54268a1b673e19a1ddab,0,11,0,0.0,0.0,0.0,0.0,0.0,0.0
2026-04-09,6a3f54268a1b673e19a1ddb5,0.0,3,4,0,6a3f54268a1b673e19a1ddab,0,10,0,0.0,0.0,0.0,0.0,0.0,0.0
2026-04-10,6a3f54268a1b673e19a1ddb5,0.0,4,4,0,6a3f54268a1b673e19a1ddab,0,12,0,0.0,0.0,0.0,0.0,0.0,0.0
2026-04-11,6a3f54268a1b673e19a1ddb5,0.0,5,4,1,6a3f54268a1b673e19a1ddab,0,10,0,0.0,0.0,0.0,0.0,0.0,0.0
2026-04-12,6a3f54268a1b673e19a1ddb5,0.0,6,4,1,6a3f54268a1b673e19a1ddab,0,5,0,0.0,0.0,0.0,0.0,0.0,0.0
2026-04-13,6a3f54268a1b673e19a1ddb5,0.0,0,4,0,6a3f54268a1b673e19a1ddab,0,11,0,0.0,0.0,0.0,0.0,0.0,0.0
2026-04-14,6a3f54268a1b673e19a1ddb5,0.0,1,4,0,6a3f54268a1b673e19a1ddab,0,11,0,0.0,0.0,0.0,0.0,0.0,0.0
2026-04-15,6a3f54268a1b673e19a1ddb5,0.0,2,4,0,6a3f54268a1b673e19a1ddab,0,11,0,0.0,0.0,0.0,0.0,0.0,0.0
2026-04-16,6a3f54268a1b673e19a1ddb5,0.0,3,4,0,6a3f54268a1b673e19a1ddab,0,10,0,0.0,0.0,0.0,0.0,0.0,0.0
2026-04-17,6a3f54268a1b673e19a1ddb5,0.0,4,4,0,6a3f54268a1b673e19a1ddab,0,12,0,0.0,0.0,0.0,0.0,0.0,0.0
2026-04-18,6a3f54268a1b673e19a1ddb5,0.0,5,4,1,6a3f54268a1b673e19a1ddab,0,10,0,0.0,0.0,0.0,0.0,0.0,0.0
2026-04-19,6a3f54268a1b673e19a1ddb5,0.0,6,4,1,6a3f54268a1b673e19a1ddab,0,5,0,0.0,0.0,0.0,0.0,0.0,0.0
2026-04-20,6a3f54268a1b673e19a1ddb5,0.0,0,4,0,6a3f54268a1b673e19a1ddab,0,11,0,0.0,0.0,0.0,0.0,0.0,0.0
2026-04-21,6a3f54268a1b673e19a1ddb5,0.0,1,4,0,6a3f54268a1b673e19a1ddab,0,11,0,0.0,0.0,0.0,0.0,0.0,0.0
2026-04-22,6a3f54268a1b673e19a1ddb5,0.0,2,4,0,6a3f54268a1b673e19a1ddab,0,11,0,0.0,0.0,0.0,0.0,0.0,0.0
2026-04-23,6a3f54268a1b673e19a1ddb5,0.0,3,4,0,6a3f54268a1b673e19a1ddab,0,10,0,0.0,0.0,0.0,0.0,0.0,0.0
2026-04-24,6a3f54268a1b673e19a1ddb5,0.0,4,4,0,6a3f54268a1b673e19a1ddab,0,12,0,0.0,0.0,0.0,0.0,0.0,0.0
2026-04-25,6a3f54268a1b673e19a1ddb5,0.0,5,4,1,6a3f54268a1b673e19a1ddab,0,10,0,0.0,0.0,0.0,0.0,0.0,0.0
2026-04-26,6a3f54268a1b673e19a1ddb5,0.0,6,4,1,6a3f54268a1b673e19a1ddab,0,5,0,0.0,0.0,0.0,0.0,0.0,0.0
2026-04-27,6a3f54268a1b673e19a1ddb5,0.0,0,4,0,6a3f54268a1b673e19a1ddab,0,11,0,0.0,0.0,0.0,0.0,0.0,0.0
2026-04-28,6a3f54268a1b673e19a1ddb5,0.0,1,4,0,6a3f54268a1b673e19a1ddab,0,11,0,0.0,0.0,0.0,0.0,0.0,0.0
2026-04-29,6a3f54268a1b673e19a1ddb5,0.0,2,4,0,6a3f54268a1b673e19a1ddab,0,11,0,0.0,0.0,0.0,0.0,0.0,0.0
2026-04-30,6a3f54268a1b673e19a1ddb5,0.0,3,4,0,6a3f54268a1b673e19a1ddab,0,10,0,0.0,0.0,0.0,0.0,0.0,0.0
2026-05-01,6a3f54268a1b673e19a1ddb5,0.0,4,5,0,6a3f54268a1b673e19a1ddab,0,12,0,0.0,0.0,0.0,0.0,0.0,0.0
2026-05-02,6a3f54268a1b673e19a1ddb5,0.0,5,5,1,6a3f54268a1b673e19a1ddab,0,10,0,0.0,0.0,0.0,0.0,0.0,0.0
2026-05-03,6a3f54268a1b673e19a1ddb5,0.0,6,5,1,6a3f54268a1b673e19a1ddab,0,5,0,0.0,0.0,0.0,0.0,0.0,0.0
2026-05-04,6a3f54268a1b673e19a1ddb5,0.0,0,5,0,6a3f54268a1b673e19a1ddab,0,11,0,0.0,0.0,0.0,0.0,0.0,0.0
2026-05-05,6a3f54268a1b673e19a1ddb5,0.0,1,5,0,6a3f54268a1b673e19a1ddab,0,11,0,0.0,0.0,0.0,0.0,0.0,0.0
2026-05-06,6a3f54268a1b673e19a1ddb5,0.0,2,5,0,6a3f54268a1b673e19a1ddab,0,11,0,0.0,0.0,0.0,0.0,0.0,0.0
2026-05-07,6a3f54268a1b673e19a1ddb5,0.0,3,5,0,6a3f54268a1b673e19a1ddab,0,10,0,0.0,0.0,0.0,0.0,0.0,0.0
2026-05-08,6a3f54268a1b673e19a1ddb5,0.0,4,5,0,6a3f54268a1b673e19a1ddab,0,12,0,0.0,0.0,0.0,0.0,0.0,0.0
2026-05-09,6a3f54268a1b673e19a1ddb5,0.0,5,5,1,6a3f54268a1b673e19a1ddab,0,10,0,0.0,0.0,0.0,0.0,0.0,0.0
2026-05-10,6a3f54268a1b673e19a1ddb5,0.0,6,5,1,6a3f54268a1b673e19a1ddab,0,5,0,0.0,0.0,0.0,0.0,0.0,0.0
2026-05-11,6a3f54268a1b673e19a1ddb5,0.0,0,5,0,6a3f54268a1b673e19a1ddab,0,11,0,0.0,0.0,0.0,0.0,0.0,0.0
2026-05-12,6a3f54268a1b673e19a1ddb5,0.0,1,5,0,6a3f54268a1b673e19a1ddab,0,11,0,0.0,0.0,0.0,0.0,0.0,0.0
2026-05-13,6a3f54268a1b673e19a1ddb5,0.0,2,5,0,6a3f54268a1b673e19a1ddab,0,11,0,0.0,0.0,0.0,0.0,0.0,0.0
2026-05-14,6a3f54268a1b673e19a1ddb5,0.0,3,5,0,6a3f54268a1b673e19a1ddab,0,10,0,0.0,0.0,0.0,0.0,0.0,0.0
2026-05-15,6a3f54268a1b673e19a1ddb5,0.0,4,5,0,6a3f54268a1b673e19a1ddab,0,12,0,0.0,0.0,0.0,0.0,0.0,0.0
2026-05-16,6a3f54268a1b673e19a1ddb5,0.0,5,5,1,6a3f54268a1b673e19a1ddab,0,10,0,0.0,0.0,0.0,0.0,0.0,0.0
2026-05-17,6a3f54268a1b673e19a1ddb5,0.0,6,5,1,6a3f54268a1b673e19a1ddab,0,5,0,0.0,0.0,0.0,0.0,0.0,0.0
2026-05-18,6a3f54268a1b673e19a1ddb5,0.0,0,5,0,6a3f54268a1b673e19a1ddab,0,11,0,0.0,0.0,0.0,0.0,0.0,0.0
2026-05-19,6a3f54268a1b673e19a1ddb5,0.0,1,5,0,6a3f54268a1b673e19a1ddab,0,11,0,0.0,0.0,0.0,0.0,0.0,0.0
2026-05-20,6a3f54268a1b673e19a1ddb5,0.0,2,5,0,6a3f54268a1b673e19a1ddab,0,11,0,0.0,0.0,0.0,0.0,0.0,0.0
2026-05-21,6a3f54268a1b673e19a1ddb5,0.0,3,5,0,6a3f54268a1b673e19a1ddab,0,10,0,0.0,0.0,0.0,0.0,0.0,0.0
2026-05-22,6a3f54268a1b673e19a1ddb5,0.0,4,5,0,6a3f54268a1b673e19a1ddab,0,12,0,0.0,0.0,0.0,0.0,0.0,0.0
2026-05-23,6a3f54268a1b673e19a1ddb5,0.0,5,5,1,6a3f54268a1b673e19a1ddab,0,10,0,0.0,0.0,0.0,0.0,0.0,0.0
2026-05-24,6a3f54268a1b673e19a1ddb5,0.0,6,5,1,6a3f54268a1b673e19a1ddab,0,5,0,0.0,0.0,0.0,0.0,0.0,0.0
2026-05-25,6a3f54268a1b673e19a1ddb5,0.0,0,5,0,6a3f54268a1b673e19a1ddab,0,11,0,0.0,0.0,0.0,0.0,0.0,0.0
2026-05-26,6a3f54268a1b673e19a1ddb5,0.0,1,5,0,6a3f54268a1b673e19a1ddab,0,11,0,0.0,0.0,0.0,0.0,0.0,0.0
2026-05-27,6a3f54268a1b673e19a1ddb5,0.0,2,5,0,6a3f54268a1b673e19a1ddab,0,11,0,0.0,0.0,0.0,0.0,0.0,0.0
2026-05-28,6a3f54268a1b673e19a1ddb5,0.0,3,5,0,6a3f54268a1b673e19a1ddab,0,10,0,0.0,0.0,0.0,0.0,0.0,0.0
2026-05-29,6a3f54268a1b673e19a1ddb5,0.0,4,5,0,6a3f54268a1b673e19a1ddab,0,12,0,0.0,0.0,0.0,0.0,0.0,0.0
2026-05-30,6a3f54268a1b673e19a1ddb5,0.0,5,5,1,6a3f54268a1b673e19a1ddab,0,10,0,0.0,0.0,0.0,0.0,0.0,0.0
2026-05-31,6a3f54268a1b673e19a1ddb5,0.0,6,5,1,6a3f54268a1b673e19a1ddab,0,5,0,0.0,0.0,0.0,0.0,0.0,0.0
2026-06-01,6a3f54268a1b673e19a1ddb5,0.0,0,6,0,6a3f54268a1b673e19a1ddab,0,11,0,0.0,0.0,0.0,0.0,0.0,0.0
2026-06-02,6a3f54268a1b673e19a1ddb5,0.0,1,6,0,6a3f54268a1b673e19a1ddab,0,11,0,0.0,0.0,0.0,0.0,0.0,0.0
2026-06-03,6a3f54268a1b673e19a1ddb5,0.0,2,6,0,6a3f54268a1b673e19a1ddab,0,11,0,0.0,0.0,0.0,0.0,0.0,0.0
2026-06-04,6a3f54268a1b673e19a1ddb5,0.0,3,6,0,6a3f54268a1b673e19a1ddab,0,10,0,0.0,0.0,0.0,0.0,0.0,0.0
2026-06-05,6a3f54268a1b673e19a1ddb5,0.0,4,6,0,6a3f54268a1b673e19a1ddab,0,12,0,0.0,0.0,0.0,0.0,0.0,0.0
2026-06-06,6a3f54268a1b673e19a1ddb5,0.0,5,6,1,6a3f54268a1b673e19a1ddab,0,10,0,0.0,0.0,0.0,0.0,0.0,0.0
2026-06-07,6a3f54268a1b673e19a1ddb5,0.0,6,6,1,6a3f54268a1b673e19a1ddab,0,5,0,0.0,0.0,0.0,0.0,0.0,0.0
2026-06-08,6a3f54268a1b673e19a1ddb5,0.0,0,6,0,6a3f54268a1b673e19a1ddab,0,11,0,0.0,0.0,0.0,0.0,0.0,0.0
2026-06-09,6a3f54268a1b673e19a1ddb5,0.0,1,6,0,6a3f54268a1b673e19a1ddab,0,11,0,0.0,0.0,0.0,0.0,0.0,0.0
2026-06-10,6a3f54268a1b673e19a1ddb5,0.0,2,6,0,6a3f54268a1b673e19a1ddab,0,11,0,0.0,0.0,0.0,0.0,0.0,0.0
2026-06-11,6a3f54268a1b673e19a1ddb5,0.0,3,6,0,6a3f54268a1b673e19a1ddab,0,10,0,0.0,0.0,0.0,0.0,0.0,0.0
2026-06-12,6a3f54268a1b673e19a1ddb5,0.0,4,6,0,6a3f54268a1b673e19a1ddab,0,12,0,0.0,0.0,0.0,0.0,0.0,0.0
2026-06-13,6a3f54268a1b673e19a1ddb5,0.0,5,6,1,6a3f54268a1b673e19a1ddab,0,10,0,0.0,0.0,0.0,0.0,0.0,0.0
2026-06-14,6a3f54268a1b673e19a1ddb5,0.0,6,6,1,6a3f54268a1b673e19a1ddab,0,5,0,0.0,0.0,0.0,0.0,0.0,0.0
2026-06-15,6a3f54268a1b673e19a1ddb5,0.0,0,6,0,6a3f54268a1b673e19a1ddab,0,11,0,0.0,0.0,0.0,0.0,0.0,0.0
2026-06-16,6a3f54268a1b673e19a1ddb5,0.0,1,6,0,6a3f54268a1b673e19a1ddab,0,11,0,0.0,0.0,0.0,0.0,0.0,0.0
2026-06-17,6a3f54268a1b673e19a1ddb5,0.0,2,6,0,6a3f54268a1b673e19a1ddab,0,11,0,0.0,0.0,0.0,0.0,0.0,0.0
2026-06-18,6a3f54268a1b673e19a1ddb5,0.0,3,6,0,6a3f54268a1b673e19a1ddab,0,10,0,0.0,0.0,0.0,0.0,0.0,0.0
2026-06-19,6a3f54268a1b673e19a1ddb5,0.0,4,6,0,6a3f54268a1b673e19a1ddab,0,12,0,0.0,0.0,0.0,0.0,0.0,0.0
2026-06-20,6a3f54268a1b673e19a1ddb5,0.0,5,6,1,6a3f54268a1b673e19a1ddab,0,10,0,0.0,0.0,0.0,0.0,0.0,0.0
2026-06-21,6a3f54268a1b673e19a1ddb5,0.0,6,6,1,6a3f54268a1b673e19a1ddab,0,5,0,0.0,0.0,0.0,0.0,0.0,0.0
2026-06-22,6a3f54268a1b673e19a1ddb5,0.0,0,6,0,6a3f54268a1b673e19a1ddab,0,11,0,0.0,0.0,0.0,0.0,0.0,0.0
2026-06-23,6a3f54268a1b673e19a1ddb5,0.0,1,6,0,6a3f54268a1b673e19a1ddab,0,11,0,0.0,0.0,0.0,0.0,0.0,0.0
2026-06-24,6a3f54268a1b673e19a1ddb5,0.0,2,6,0,6a3f54268a1b673e19a1ddab,0,11,0,0.0,0.0,0.0,0.0,0.0,0.0
2026-06-25,6a3f54268a1b673e19a1ddb5,0.0,3,6,0,6a3f54268a1b673e19a1ddab,0,10,0,0.0,0.0,0.0,0.0,0.0,0.0
2026-06-26,6a3f54268a1b673e19a1ddb5,0.0,4,6,0,6a3f54268a1b673e19a1ddab,0,12,0,0.0,0.0,0.0,0.0,0.0,0.0
2026-06-27,6a3f54268a1b673e19a1ddb5,0.0,5,6,1,6a3f54268a1b673e19a1ddab,0,10,0,0.0,0.0,0.0,0.0,0.0,0.0
2026-04-06,6a3f54268a1b673e19a1ddb6,0.0,0,4,0,6a3f54268a1b673e19a1ddab,1,11,2,0.0,0.0,2.0,0.0,0.2857142857142857,0.7559289460184545
2026-04-07,6a3f54268a1b673e19a1ddb6,0.0,1,4,0,6a3f54268a1b673e19a1ddab,0,11,2,0.0,0.0,0.0,0.0,0.0,0.0
2026-04-08,6a3f54268a1b673e19a1ddb6,0.0,2,4,0,6a3f54268a1b673e19a1ddab,0,11,2,0.0,0.0,0.0,0.0,0.0,0.0
2026-04-09,6a3f54268a1b673e19a1ddb6,0.0,3,4,0,6a3f54268a1b673e19a1ddab,0,10,2,0.0,0.0,0.0,0.0,0.0,0.0
2026-04-10,6a3f54268a1b673e19a1ddb6,0.0,4,4,0,6a3f54268a1b673e19a1ddab,1,12,2,0.0,0.0,0.0,0.0,0.0,0.0
2026-04-11,6a3f54268a1b673e19a1ddb6,0.0,5,4,1,6a3f54268a1b673e19a1ddab,0,10,2,0.0,0.0,0.0,0.0,0.0,0.0
2026-04-12,6a3f54268a1b673e19a1ddb6,0.0,6,4,1,6a3f54268a1b673e19a1ddab,0,5,2,0.0,0.0,0.0,0.0,0.0,0.0
2026-04-13,6a3f54268a1b673e19a1ddb6,3.0,0,4,0,6a3f54268a1b673e19a1ddab,1,11,2,0.0,0.0,0.0,0.0,0.0,0.0
2026-04-14,6a3f54268a1b673e19a1ddb6,0.0,1,4,0,6a3f54268a1b673e19a1ddab,0,11,2,3.0,0.0,0.0,1.0,0.42857142857142855,1.1338934190276817
2026-04-15,6a3f54268a1b673e19a1ddb6,0.0,2,4,0,6a3f54268a1b673e19a1ddab,0,11,2,0.0,3.0,0.0,1.0,0.42857142857142855,1.1338934190276817
2026-04-16,6a3f54268a1b673e19a1ddb6,0.0,3,4,0,6a3f54268a1b673e19a1ddab,0,10,2,0.0,0.0,0.0,1.0,0.42857142857142855,1.1338934190276817
2026-04-17,6a3f54268a1b673e19a1ddb6,0.0,4,4,0,6a3f54268a1b673e19a1ddab,1,12,2,0.0,0.0,0.0,0.0,0.42857142857142855,1.1338934190276817
2026-04-18,6a3f54268a1b673e19a1ddb6,0.0,5,4,1,6a3f54268a1b673e19a1ddab,0,10,2,0.0,0.0,0.0,0.0,0.42857142857142855,1.1338934190276817
2026-04-19,6a3f54268a1b673e19a1ddb6,0.0,6,4,1,6a3f54268a1b673e19a1ddab,0,5,2,0.0,0.0,0.0,0.0,0.42857142857142855,1.1338934190276817
2026-04-20,6a3f54268a1b673e19a1ddb6,0.0,0,4,0,6a3f54268a1b673e19a1ddab,1,11,2,0.0,0.0,3.0,0.0,0.42857142857142855,1.1338934190276817
2026-04-21,6a3f54268a1b673e19a1ddb6,0.0,1,4,0,6a3f54268a1b673e19a1ddab,0,11,2,0.0,0.0,0.0,0.0,0.0,0.0
2026-04-22,6a3f54268a1b673e19a1ddb6,0.0,2,4,0,6a3f54268a1b673e19a1ddab,0,11,2,0.0,0.0,0.0,0.0,0.0,0.0
2026-04-23,6a3f54268a1b673e19a1ddb6,0.0,3,4,0,6a3f54268a1b673e19a1ddab,0,10,2,0.0,0.0,0.0,0.0,0.0,0.0
2026-04-24,6a3f54268a1b673e19a1ddb6,0.0,4,4,0,6a3f54268a1b673e19a1ddab,1,12,2,0.0,0.0,0.0,0.0,0.0,0.0
2026-04-25,6a3f54268a1b673e19a1ddb6,0.0,5,4,1,6a3f54268a1b673e19a1ddab,0,10,2,0.0,0.0,0.0,0.0,0.0,0.0
2026-04-26,6a3f54268a1b673e19a1ddb6,0.0,6,4,1,6a3f54268a1b673e19a1ddab,0,5,2,0.0,0.0,0.0,0.0,0.0,0.0
2026-04-27,6a3f54268a1b673e19a1ddb6,0.0,0,4,0,6a3f54268a1b673e19a1ddab,1,11,2,0.0,0.0,0.0,0.0,0.0,0.0
2026-04-28,6a3f54268a1b673e19a1ddb6,0.0,1,4,0,6a3f54268a1b673e19a1ddab,0,11,2,0.0,0.0,0.0,0.0,0.0,0.0
2026-04-29,6a3f54268a1b673e19a1ddb6,0.0,2,4,0,6a3f54268a1b673e19a1ddab,0,11,2,0.0,0.0,0.0,0.0,0.0,0.0
2026-04-30,6a3f54268a1b673e19a1ddb6,0.0,3,4,0,6a3f54268a1b673e19a1ddab,0,10,2,0.0,0.0,0.0,0.0,0.0,0.0
2026-05-01,6a3f54268a1b673e19a1ddb6,0.0,4,5,0,6a3f54268a1b673e19a1ddab,1,12,2,0.0,0.0,0.0,0.0,0.0,0.0
2026-05-02,6a3f54268a1b673e19a1ddb6,0.0,5,5,1,6a3f54268a1b673e19a1ddab,0,10,2,0.0,0.0,0.0,0.0,0.0,0.0
2026-05-03,6a3f54268a1b673e19a1ddb6,0.0,6,5,1,6a3f54268a1b673e19a1ddab,0,5,2,0.0,0.0,0.0,0.0,0.0,0.0
2026-05-04,6a3f54268a1b673e19a1ddb6,0.0,0,5,0,6a3f54268a1b673e19a1ddab,1,11,2,0.0,0.0,0.0,0.0,0.0,0.0
2026-05-05,6a3f54268a1b673e19a1ddb6,0.0,1,5,0,6a3f54268a1b673e19a1ddab,0,11,2,0.0,0.0,0.0,0.0,0.0,0.0
2026-05-06,6a3f54268a1b673e19a1ddb6,0.0,2,5,0,6a3f54268a1b673e19a1ddab,0,11,2,0.0,0.0,0.0,0.0,0.0,0.0
2026-05-07,6a3f54268a1b673e19a1ddb6,0.0,3,5,0,6a3f54268a1b673e19a1ddab,0,10,2,0.0,0.0,0.0,0.0,0.0,0.0
2026-05-08,6a3f54268a1b673e19a1ddb6,0.0,4,5,0,6a3f54268a1b673e19a1ddab,1,12,2,0.0,0.0,0.0,0.0,0.0,0.0
2026-05-09,6a3f54268a1b673e19a1ddb6,0.0,5,5,1,6a3f54268a1b673e19a1ddab,0,10,2,0.0,0.0,0.0,0.0,0.0,0.0
2026-05-10,6a3f54268a1b673e19a1ddb6,0.0,6,5,1,6a3f54268a1b673e19a1ddab,0,5,2,0.0,0.0,0.0,0.0,0.0,0.0
2026-05-11,6a3f54268a1b673e19a1ddb6,3.0,0,5,0,6a3f54268a1b673e19a1ddab,1,11,2,0.0,0.0,0.0,0.0,0.0,0.0
2026-05-12,6a3f54268a1b673e19a1ddb6,0.0,1,5,0,6a3f54268a1b673e19a1ddab,0,11,2,3.0,0.0,0.0,1.0,0.42857142857142855,1.1338934190276817
2026-05-13,6a3f54268a1b673e19a1ddb6,0.0,2,5,0,6a3f54268a1b673e19a1ddab,0,11,2,0.0,3.0,0.0,1.0,0.42857142857142855,1.1338934190276817
2026-05-14,6a3f54268a1b673e19a1ddb6,0.0,3,5,0,6a3f54268a1b673e19a1ddab,0,10,2,0.0,0.0,0.0,1.0,0.42857142857142855,1.1338934190276817
2026-05-15,6a3f54268a1b673e19a1ddb6,0.0,4,5,0,6a3f54268a1b673e19a1ddab,1,12,2,0.0,0.0,0.0,0.0,0.42857142857142855,1.1338934190276817
2026-05-16,6a3f54268a1b673e19a1ddb6,0.0,5,5,1,6a3f54268a1b673e19a1ddab,0,10,2,0.0,0.0,0.0,0.0,0.42857142857142855,1.1338934190276817
2026-05-17,6a3f54268a1b673e19a1ddb6,0.0,6,5,1,6a3f54268a1b673e19a1ddab,0,5,2,0.0,0.0,0.0,0.0,0.42857142857142855,1.1338934190276817
2026-05-18,6a3f54268a1b673e19a1ddb6,0.0,0,5,0,6a3f54268a1b673e19a1ddab,1,11,2,0.0,0.0,3.0,0.0,0.42857142857142855,1.1338934190276817
2026-05-19,6a3f54268a1b673e19a1ddb6,0.0,1,5,0,6a3f54268a1b673e19a1ddab,0,11,2,0.0,0.0,0.0,0.0,0.0,0.0
2026-05-20,6a3f54268a1b673e19a1ddb6,0.0,2,5,0,6a3f54268a1b673e19a1ddab,0,11,2,0.0,0.0,0.0,0.0,0.0,0.0
2026-05-21,6a3f54268a1b673e19a1ddb6,0.0,3,5,0,6a3f54268a1b673e19a1ddab,0,10,2,0.0,0.0,0.0,0.0,0.0,0.0
2026-05-22,6a3f54268a1b673e19a1ddb6,0.0,4,5,0,6a3f54268a1b673e19a1ddab,1,12,2,0.0,0.0,0.0,0.0,0.0,0.0
2026-05-23,6a3f54268a1b673e19a1ddb6,0.0,5,5,1,6a3f54268a1b673e19a1ddab,0,10,2,0.0,0.0,0.0,0.0,0.0,0.0
2026-05-24,6a3f54268a1b673e19a1ddb6,0.0,6,5,1,6a3f54268a1b673e19a1ddab,0,5,2,0.0,0.0,0.0,0.0,0.0,0.0
2026-05-25,6a3f54268a1b673e19a1ddb6,1.0,0,5,0,6a3f54268a1b673e19a1ddab,1,11,2,0.0,0.0,0.0,0.0,0.0,0.0
2026-05-26,6a3f54268a1b673e19a1ddb6,0.0,1,5,0,6a3f54268a1b673e19a1ddab,0,11,2,1.0,0.0,0.0,0.3333333333333333,0.14285714285714285,0.37796447300922725
2026-05-27,6a3f54268a1b673e19a1ddb6,0.0,2,5,0,6a3f54268a1b673e19a1ddab,0,11,2,0.0,1.0,0.0,0.3333333333333333,0.14285714285714285,0.37796447300922725
2026-05-28,6a3f54268a1b673e19a1ddb6,0.0,3,5,0,6a3f54268a1b673e19a1ddab,0,10,2,0.0,0.0,0.0,0.3333333333333333,0.14285714285714285,0.37796447300922725
2026-05-29,6a3f54268a1b673e19a1ddb6,3.0,4,5,0,6a3f54268a1b673e19a1ddab,1,12,2,0.0,0.0,0.0,0.0,0.14285714285714285,0.37796447300922725
2026-05-30,6a3f54268a1b673e19a1ddb6,0.0,5,5,1,6a3f54268a1b673e19a1ddab,0,10,2,3.0,0.0,0.0,1.0,0.5714285714285714,1.1338934190276817
2026-05-31,6a3f54268a1b673e19a1ddb6,0.0,6,5,1,6a3f54268a1b673e19a1ddab,0,5,2,0.0,3.0,0.0,1.0,0.5714285714285714,1.1338934190276817
2026-06-01,6a3f54268a1b673e19a1ddb6,2.0,0,6,0,6a3f54268a1b673e19a1ddab,1,11,2,0.0,0.0,1.0,1.0,0.5714285714285714,1.1338934190276817
2026-06-02,6a3f54268a1b673e19a1ddb6,0.0,1,6,0,6a3f54268a1b673e19a1ddab,0,11,2,2.0,0.0,0.0,0.6666666666666666,0.7142857142857143,1.2535663410560176
2026-06-03,6a3f54268a1b673e19a1ddb6,0.0,2,6,0,6a3f54268a1b673e19a1ddab,0,11,2,0.0,2.0,0.0,0.6666666666666666,0.7142857142857143,1.2535663410560176
2026-06-04,6a3f54268a1b673e19a1ddb6,0.0,3,6,0,6a3f54268a1b673e19a1ddab,0,10,2,0.0,0.0,0.0,0.6666666666666666,0.7142857142857143,1.2535663410560176
2026-06-05,6a3f54268a1b673e19a1ddb6,2.0,4,6,0,6a3f54268a1b673e19a1ddab,1,12,2,0.0,0.0,3.0,0.0,0.7142857142857143,1.2535663410560176
2026-06-06,6a3f54268a1b673e19a1ddb6,0.0,5,6,1,6a3f54268a1b673e19a1ddab,0,10,2,2.0,0.0,0.0,0.6666666666666666,0.5714285714285714,0.9759000729485333
2026-06-07,6a3f54268a1b673e19a1ddb6,0.0,6,6,1,6a3f54268a1b673e19a1ddab,0,5,2,0.0,2.0,0.0,0.6666666666666666,0.5714285714285714,0.9759000729485333
2026-06-08,6a3f54268a1b673e19a1ddb6,2.0,0,6,0,6a3f54268a1b673e19a1ddab,1,11,2,0.0,0.0,2.0,0.6666666666666666,0.5714285714285714,0.9759000729485333
2026-06-09,6a3f54268a1b673e19a1ddb6,0.0,1,6,0,6a3f54268a1b673e19a1ddab,0,11,2,2.0,0.0,0.0,0.6666666666666666,0.5714285714285714,0.9759000729485333
2026-06-10,6a3f54268a1b673e19a1ddb6,0.0,2,6,0,6a3f54268a1b673e19a1ddab,0,11,2,0.0,2.0,0.0,0.6666666666666666,0.5714285714285714,0.9759000729485333
2026-06-11,6a3f54268a1b673e19a1ddb6,0.0,3,6,0,6a3f54268a1b673e19a1ddab,0,10,2,0.0,0.0,0.0,0.6666666666666666,0.5714285714285714,0.9759000729485333
2026-06-12,6a3f54268a1b673e19a1ddb6,1.0,4,6,0,6a3f54268a1b673e19a1ddab,1,12,2,0.0,0.0,2.0,0.0,0.5714285714285714,0.9759000729485333
2026-06-13,6a3f54268a1b673e19a1ddb6,0.0,5,6,1,6a3f54268a1b673e19a1ddab,0,10,2,1.0,0.0,0.0,0.3333333333333333,0.42857142857142855,0.7867957924694432
2026-06-14,6a3f54268a1b673e19a1ddb6,0.0,6,6,1,6a3f54268a1b673e19a1ddab,0,5,2,0.0,1.0,0.0,0.3333333333333333,0.42857142857142855,0.7867957924694432
2026-06-15,6a3f54268a1b673e19a1ddb6,3.0,0,6,0,6a3f54268a1b673e19a1ddab,1,11,2,0.0,0.0,2.0,0.3333333333333333,0.42857142857142855,0.7867957924694432
2026-06-16,6a3f54268a1b673e19a1ddb6,0.0,1,6,0,6a3f54268a1b673e19a1ddab,0,11,2,3.0,0.0,0.0,1.0,0.5714285714285714,1.133893419027682
2026-06-17,6a3f54268a1b673e19a1ddb6,0.0,2,6,0,6a3f54268a1b673e19a1ddab,0,11,2,0.0,3.0,0.0,1.0,0.5714285714285714,1.133893419027682
2026-06-18,6a3f54268a1b673e19a1ddb6,0.0,3,6,0,6a3f54268a1b673e19a1ddab,0,10,2,0.0,0.0,0.0,1.0,0.5714285714285714,1.133893419027682
2026-06-19,6a3f54268a1b673e19a1ddb6,2.0,4,6,0,6a3f54268a1b673e19a1ddab,1,12,2,0.0,0.0,1.0,0.0,0.5714285714285714,1.133893419027682
2026-06-20,6a3f54268a1b673e19a1ddb6,0.0,5,6,1,6a3f54268a1b673e19a1ddab,0,10,2,2.0,0.0,0.0,0.6666666666666666,0.7142857142857143,1.2535663410560176
2026-06-21,6a3f54268a1b673e19a1ddb6,0.0,6,6,1,6a3f54268a1b673e19a1ddab,0,5,2,0.0,2.0,0.0,0.6666666666666666,0.7142857142857143,1.2535663410560176
2026-06-22,6a3f54268a1b673e19a1ddb6,2.0,0,6,0,6a3f54268a1b673e19a1ddab,1,11,2,0.0,0.0,3.0,0.6666666666666666,0.7142857142857143,1.2535663410560176
2026-06-23,6a3f54268a1b673e19a1ddb6,0.0,1,6,0,6a3f54268a1b673e19a1ddab,0,11,2,2.0,0.0,0.0,0.6666666666666666,0.5714285714285714,0.9759000729485333
2026-06-24,6a3f54268a1b673e19a1ddb6,0.0,2,6,0,6a3f54268a1b673e19a1ddab,0,11,2,0.0,2.0,0.0,0.6666666666666666,0.5714285714285714,0.9759000729485333
2026-06-25,6a3f54268a1b673e19a1ddb6,0.0,3,6,0,6a3f54268a1b673e19a1ddab,0,10,2,0.0,0.0,0.0,0.6666666666666666,0.5714285714285714,0.9759000729485333
2026-06-26,6a3f54268a1b673e19a1ddb6,0.0,4,6,0,6a3f54268a1b673e19a1ddab,1,12,2,0.0,0.0,2.0,0.0,0.5714285714285714,0.9759000729485333
2026-06-27,6a3f54268a1b673e19a1ddb6,0.0,5,6,1,6a3f54268a1b673e19a1ddab,0,10,2,0.0,0.0,0.0,0.0,0.2857142857142857,0.7559289460184546
2026-04-06,6a3fa2c5dfa2f6d0ee22ff13,0.0,0,4,0,6a3fa2c4dfa2f6d0ee22ff0e,0,11,3,5.0,0.0,0.0,1.6666666666666667,1.1428571428571428,2.0354009783964297
2026-04-07,6a3fa2c5dfa2f6d0ee22ff13,0.0,1,4,0,6a3fa2c4dfa2f6d0ee22ff0e,0,11,3,0.0,5.0,0.0,1.6666666666666667,1.1428571428571428,2.0354009783964297
2026-04-08,6a3fa2c5dfa2f6d0ee22ff13,0.0,2,4,0,6a3fa2c4dfa2f6d0ee22ff0e,1,11,3,0.0,0.0,0.0,1.6666666666666667,1.1428571428571428,2.0354009783964297
2026-04-09,6a3fa2c5dfa2f6d0ee22ff13,3.0,3,4,0,6a3fa2c4dfa2f6d0ee22ff0e,1,10,3,0.0,0.0,3.0,0.0,1.1428571428571428,2.0354009783964297
2026-04-10,6a3fa2c5dfa2f6d0ee22ff13,0.0,4,4,0,6a3fa2c4dfa2f6d0ee22ff0e,0,12,3,3.0,0.0,0.0,1.0,1.1428571428571428,2.0354009783964297
2026-04-11,6a3fa2c5dfa2f6d0ee22ff13,0.0,5,4,1,6a3fa2c4dfa2f6d0ee22ff0e,0,10,3,0.0,3.0,0.0,1.0,1.1428571428571428,2.0354009783964297
2026-04-12,6a3fa2c5dfa2f6d0ee22ff13,6.0,6,4,1,6a3fa2c4dfa2f6d0ee22ff0e,1,5,3,0.0,0.0,5.0,1.0,1.1428571428571428,2.0354009783964297
2026-04-13,6a3fa2c5dfa2f6d0ee22ff13,0.0,0,4,0,6a3fa2c4dfa2f6d0ee22ff0e,0,11,3,6.0,0.0,0.0,2.0,1.2857142857142858,2.3603873774083297
2026-04-14,6a3fa2c5dfa2f6d0ee22ff13,0.0,1,4,0,6a3fa2c4dfa2f6d0ee22ff0e,0,11,3,0.0,6.0,0.0,2.0,1.2857142857142858,2.3603873774083297
2026-04-15,6a3fa2c5dfa2f6d0ee22ff13,0.0,2,4,0,6a3fa2c4dfa2f6d0ee22ff0e,1,11,3,0.0,0.0,0.0,2.0,1.2857142857142858,2.3603873774083297
2026-04-16,6a3fa2c5dfa2f6d0ee22ff13,2.0,3,4,0,6a3fa2c4dfa2f6d0ee22ff0e,1,10,3,0.0,0.0,3.0,0.0,1.2857142857142858,2.3603873774083297
2026-04-17,6a3fa2c5dfa2f6d0ee22ff13,0.0,4,4,0,6a3fa2c4dfa2f6d0ee22ff0e,0,12,3,2.0,0.0,0.0,0.6666666666666666,1.1428571428571428,2.2677868380553634
2026-04-18,6a3fa2c5dfa2f6d0ee22ff13,0.0,5,4,1,6a3fa2c4dfa2f6d0ee22ff0e,0,10,3,0.0,2.0,0.0,0.6666666666666666,1.1428571428571428,2.2677868380553634
2026-04-19,6a3fa2c5dfa2f6d0ee22ff13,3.0,6,4,1,6a3fa2c4dfa2f6d0ee22ff0e,1,5,3,0.0,0.0,6.0,0.6666666666666666,1.1428571428571428,2.2677868380553634
2026-04-20,6a3fa2c5dfa2f6d0ee22ff13,0.0,0,4,0,6a3fa2c4dfa2f6d0ee22ff0e,0,11,3,3.0,0.0,0.0,1.0,0.7142857142857143,1.2535663410560172
2026-04-21,6a3fa2c5dfa2f6d0ee22ff13,0.0,1,4,0,6a3fa2c4dfa2f6d0ee22ff0e,0,11,3,0.0,3.0,0.0,1.0,0.7142857142857143,1.2535663410560172
2026-04-22,6a3fa2c5dfa2f6d0ee22ff13,0.0,2,4,0,6a3fa2c4dfa2f6d0ee22ff0e,1,11,3,0.0,0.0,0.0,1.0,0.7142857142857143,1.2535663410560172
2026-04-23,6a3fa2c5dfa2f6d0ee22ff13,6.0,3,4,0,6a3fa2c4dfa2f6d0ee22ff0e,1,10,3,0.0,0.0,2.0,0.0,0.7142857142857143,1.2535663410560172
2026-04-24,6a3fa2c5dfa2f6d0ee22ff13,0.0,4,4,0,6a3fa2c4dfa2f6d0ee22ff0e,0,12,3,6.0,0.0,0.0,2.0,1.2857142857142858,2.3603873774083293
2026-04-25,6a3fa2c5dfa2f6d0ee22ff13,0.0,5,4,1,6a3fa2c4dfa2f6d0ee22ff0e,0,10,3,0.0,6.0,0.0,2.0,1.2857142857142858,2.3603873774083293
2026-04-26,6a3fa2c5dfa2f6d0ee22ff13,0.0,6,4,1,6a3fa2c4dfa2f6d0ee22ff0e,1,5,3,0.0,0.0,3.0,2.0,1.2857142857142858,2.3603873774083293
2026-04-27,6a3fa2c5dfa2f6d0ee22ff13,0.0,0,4,0,6a3fa2c4dfa2f6d0ee22ff0e,0,11,3,0.0,0.0,0.0,0.0,0.8571428571428571,2.267786838055363
2026-04-28,6a3fa2c5dfa2f6d0ee22ff13,0.0,1,4,0,6a3fa2c4dfa2f6d0ee22ff0e,0,11,3,0.0,0.0,0.0,0.0,0.8571428571428571,2.267786838055363
2026-04-29,6a3fa2c5dfa2f6d0ee22ff13,0.0,2,4,0,6a3fa2c4dfa2f6d0ee22ff0e,1,11,3,0.0,0.0,0.0,0.0,0.8571428571428571,2.267786838055363
2026-04-30,6a3fa2c5dfa2f6d0ee22ff13,4.0,3,4,0,6a3fa2c4dfa2f6d0ee22ff0e,1,10,3,0.0,0.0,6.0,0.0,0.8571428571428571,2.267786838055363
2026-05-01,6a3fa2c5dfa2f6d0ee22ff13,0.0,4,5,0,6a3fa2c4dfa2f6d0ee22ff0e,0,12,3,4.0,0.0,0.0,1.3333333333333333,0.5714285714285714,1.511857892036909
2026-05-02,6a3fa2c5dfa2f6d0ee22ff13,0.0,5,5,1,6a3fa2c4dfa2f6d0ee22ff0e,0,10,3,0.0,4.0,0.0,1.3333333333333333,0.5714285714285714,1.511857892036909
2026-05-03,6a3fa2c5dfa2f6d0ee22ff13,5.0,6,5,1,6a3fa2c4dfa2f6d0ee22ff0e,1,5,3,0.0,0.0,0.0,1.3333333333333333,0.5714285714285714,1.511857892036909
2026-05-04,6a3fa2c5dfa2f6d0ee22ff13,0.0,0,5,0,6a3fa2c4dfa2f6d0ee22ff0e,0,11,3,5.0,0.0,0.0,1.6666666666666667,1.2857142857142858,2.214669705568283
2026-05-05,6a3fa2c5dfa2f6d0ee22ff13,0.0,1,5,0,6a3fa2c4dfa2f6d0ee22ff0e,0,11,3,0.0,5.0,0.0,1.6666666666666667,1.2857142857142858,2.214669705568283
2026-05-06,6a3fa2c5dfa2f6d0ee22ff13,5.0,2,5,0,6a3fa2c4dfa2f6d0ee22ff0e,1,11,3,0.0,0.0,0.0,1.6666666666666667,1.2857142857142858,2.214669705568283
2026-05-07,6a3fa2c5dfa2f6d0ee22ff13,3.0,3,5,0,6a3fa2c4dfa2f6d0ee22ff0e,1,10,3,5.0,0.0,4.0,1.6666666666666667,2.0,2.516611478423583
2026-05-08,6a3fa2c5dfa2f6d0ee22ff13,0.0,4,5,0,6a3fa2c4dfa2f6d0ee22ff0e,0,12,3,3.0,5.0,0.0,2.6666666666666665,1.8571428571428572,2.410295378065479
2026-05-09,6a3fa2c5dfa2f6d0ee22ff13,0.0,5,5,1,6a3fa2c4dfa2f6d0ee22ff0e,0,10,3,0.0,3.0,0.0,2.6666666666666665,1.8571428571428572,2.410295378065479
2026-05-10,6a3fa2c5dfa2f6d0ee22ff13,8.0,6,5,1,6a3fa2c4dfa2f6d0ee22ff0e,1,5,3,0.0,0.0,5.0,1.0,1.8571428571428572,2.410295378065479
2026-05-11,6a3fa2c5dfa2f6d0ee22ff13,0.0,0,5,0,6a3fa2c4dfa2f6d0ee22ff0e,0,11,3,8.0,0.0,0.0,2.6666666666666665,2.2857142857142856,3.1997023671109224
2026-05-12,6a3fa2c5dfa2f6d0ee22ff13,0.0,1,5,0,6a3fa2c4dfa2f6d0ee22ff0e,0,11,3,0.0,8.0,0.0,2.6666666666666665,2.2857142857142856,3.1997023671109224
2026-05-13,6a3fa2c5dfa2f6d0ee22ff13,6.0,2,5,0,6a3fa2c4dfa2f6d0ee22ff0e,1,11,3,0.0,0.0,5.0,2.6666666666666665,2.2857142857142856,3.1997023671109224
2026-05-14,6a3fa2c5dfa2f6d0ee22ff13,0.0,3,5,0,6a3fa2c4dfa2f6d0ee22ff0e,1,10,3,6.0,0.0,3.0,2.0,2.4285714285714284,3.359421718944242
2026-05-15,6a3fa2c5dfa2f6d0ee22ff13,0.0,4,5,0,6a3fa2c4dfa2f6d0ee22ff0e,0,12,3,0.0,6.0,0.0,2.0,2.0,3.464101615137755
2026-05-16,6a3fa2c5dfa2f6d0ee22ff13,0.0,5,5,1,6a3fa2c4dfa2f6d0ee22ff0e,0,10,3,0.0,0.0,0.0,2.0,2.0,3.464101615137755
2026-05-17,6a3fa2c5dfa2f6d0ee22ff13,3.0,6,5,1,6a3fa2c4dfa2f6d0ee22ff0e,1,5,3,0.0,0.0,8.0,0.0,2.0,3.464101615137755
2026-05-18,6a3fa2c5dfa2f6d0ee22ff13,0.0,0,5,0,6a3fa2c4dfa2f6d0ee22ff0e,0,11,3,3.0,0.0,0.0,1.0,1.2857142857142858,2.36038737740833
2026-05-19,6a3fa2c5dfa2f6d0ee22ff13,0.0,1,5,0,6a3fa2c4dfa2f6d0ee22ff0e,0,11,3,0.0,3.0,0.0,1.0,1.2857142857142858,2.36038737740833
2026-05-20,6a3fa2c5dfa2f6d0ee22ff13,4.0,2,5,0,6a3fa2c4dfa2f6d0ee22ff0e,1,11,3,0.0,0.0,6.0,1.0,1.2857142857142858,2.36038737740833
2026-05-21,6a3fa2c5dfa2f6d0ee22ff13,0.0,3,5,0,6a3fa2c4dfa2f6d0ee22ff0e,1,10,3,4.0,0.0,0.0,1.3333333333333333,1.0,1.7320508075688779
2026-05-22,6a3fa2c5dfa2f6d0ee22ff13,0.0,4,5,0,6a3fa2c4dfa2f6d0ee22ff0e,0,12,3,0.0,4.0,0.0,1.3333333333333333,1.0,1.7320508075688779
2026-05-23,6a3fa2c5dfa2f6d0ee22ff13,0.0,5,5,1,6a3fa2c4dfa2f6d0ee22ff0e,0,10,3,0.0,0.0,0.0,1.3333333333333333,1.0,1.7320508075688779
2026-05-24,6a3fa2c5dfa2f6d0ee22ff13,5.0,6,5,1,6a3fa2c4dfa2f6d0ee22ff0e,1,5,3,0.0,0.0,3.0,0.0,1.0,1.7320508075688779
2026-05-25,6a3fa2c5dfa2f6d0ee22ff13,0.0,0,5,0,6a3fa2c4dfa2f6d0ee22ff0e,0,11,3,5.0,0.0,0.0,1.6666666666666667,1.2857142857142858,2.2146697055682836
2026-05-26,6a3fa2c5dfa2f6d0ee22ff13,0.0,1,5,0,6a3fa2c4dfa2f6d0ee22ff0e,0,11,3,0.0,5.0,0.0,1.6666666666666667,1.2857142857142858,2.2146697055682836
2026-05-27,6a3fa2c5dfa2f6d0ee22ff13,0.0,2,5,0,6a3fa2c4dfa2f6d0ee22ff0e,1,11,3,0.0,0.0,4.0,1.6666666666666667,1.2857142857142858,2.2146697055682836
2026-05-28,6a3fa2c5dfa2f6d0ee22ff13,0.0,3,5,0,6a3fa2c4dfa2f6d0ee22ff0e,1,10,3,0.0,0.0,0.0,0.0,0.7142857142857143,1.889822365046137
2026-05-29,6a3fa2c5dfa2f6d0ee22ff13,0.0,4,5,0,6a3fa2c4dfa2f6d0ee22ff0e,0,12,3,0.0,0.0,0.0,0.0,0.7142857142857143,1.889822365046137
2026-05-30,6a3fa2c5dfa2f6d0ee22ff13,0.0,5,5,1,6a3fa2c4dfa2f6d0ee22ff0e,0,10,3,0.0,0.0,0.0,0.0,0.7142857142857143,1.889822365046137
2026-05-31,6a3fa2c5dfa2f6d0ee22ff13,3.0,6,5,1,6a3fa2c4dfa2f6d0ee22ff0e,1,5,3,0.0,0.0,5.0,0.0,0.7142857142857143,1.889822365046137
2026-06-01,6a3fa2c5dfa2f6d0ee22ff13,0.0,0,6,0,6a3fa2c4dfa2f6d0ee22ff0e,0,11,3,3.0,0.0,0.0,1.0,0.42857142857142855,1.1338934190276817
2026-06-02,6a3fa2c5dfa2f6d0ee22ff13,0.0,1,6,0,6a3fa2c4dfa2f6d0ee22ff0e,0,11,3,0.0,3.0,0.0,1.0,0.42857142857142855,1.1338934190276817
2026-06-03,6a3fa2c5dfa2f6d0ee22ff13,2.0,2,6,0,6a3fa2c4dfa2f6d0ee22ff0e,1,11,3,0.0,0.0,0.0,1.0,0.42857142857142855,1.1338934190276817
2026-06-04,6a3fa2c5dfa2f6d0ee22ff13,3.0,3,6,0,6a3fa2c4dfa2f6d0ee22ff0e,1,10,3,2.0,0.0,0.0,0.6666666666666666,0.7142857142857143,1.2535663410560174
2026-06-05,6a3fa2c5dfa2f6d0ee22ff13,0.0,4,6,0,6a3fa2c4dfa2f6d0ee22ff0e,0,12,3,3.0,2.0,0.0,1.6666666666666667,1.1428571428571428,1.4638501094227998
2026-06-06,6a3fa2c5dfa2f6d0ee22ff13,0.0,5,6,1,6a3fa2c4dfa2f6d0ee22ff0e,0,10,3,0.0,3.0,0.0,1.6666666666666667,1.1428571428571428,1.4638501094227998
2026-06-07,6a3fa2c5dfa2f6d0ee22ff13,5.0,6,6,1,6a3fa2c4dfa2f6d0ee22ff0e,1,5,3,0.0,0.0,3.0,1.0,1.1428571428571428,1.4638501094227998
2026-06-08,6a3fa2c5dfa2f6d0ee22ff13,0.0,0,6,0,6a3fa2c4dfa2f6d0ee22ff0e,0,11,3,5.0,0.0,0.0,1.6666666666666667,1.4285714285714286,1.9880595947760098
2026-06-09,6a3fa2c5dfa2f6d0ee22ff13,0.0,1,6,0,6a3fa2c4dfa2f6d0ee22ff0e,0,11,3,0.0,5.0,0.0,1.6666666666666667,1.4285714285714286,1.9880595947760098
2026-06-10,6a3fa2c5dfa2f6d0ee22ff13,4.0,2,6,0,6a3fa2c4dfa2f6d0ee22ff0e,1,11,3,0.0,0.0,2.0,1.6666666666666667,1.4285714285714286,1.9880595947760098
2026-06-11,6a3fa2c5dfa2f6d0ee22ff13,3.0,3,6,0,6a3fa2c4dfa2f6d0ee22ff0e,1,10,3,4.0,0.0,3.0,1.3333333333333333,1.7142857142857142,2.214669705568283
2026-06-12,6a3fa2c5dfa2f6d0ee22ff13,0.0,4,6,0,6a3fa2c4dfa2f6d0ee22ff0e,0,12,3,3.0,4.0,0.0,2.3333333333333335,1.7142857142857142,2.214669705568283
2026-06-13,6a3fa2c5dfa2f6d0ee22ff13,0.0,5,6,1,6a3fa2c4dfa2f6d0ee22ff0e,0,10,3,0.0,3.0,0.0,2.3333333333333335,1.7142857142857142,2.214669705568283
2026-06-14,6a3fa2c5dfa2f6d0ee22ff13,3.0,6,6,1,6a3fa2c4dfa2f6d0ee22ff0e,1,5,3,0.0,0.0,5.0,1.0,1.7142857142857142,2.214669705568283
2026-06-15,6a3fa2c5dfa2f6d0ee22ff13,0.0,0,6,0,6a3fa2c4dfa2f6d0ee22ff0e,0,11,3,3.0,0.0,0.0,1.0,1.4285714285714286,1.8126539343499315
2026-06-16,6a3fa2c5dfa2f6d0ee22ff13,0.0,1,6,0,6a3fa2c4dfa2f6d0ee22ff0e,0,11,3,0.0,3.0,0.0,1.0,1.4285714285714286,1.8126539343499315
2026-06-17,6a3fa2c5dfa2f6d0ee22ff13,3.0,2,6,0,6a3fa2c4dfa2f6d0ee22ff0e,1,11,3,0.0,0.0,4.0,1.0,1.4285714285714286,1.8126539343499315
2026-06-18,6a3fa2c5dfa2f6d0ee22ff13,2.0,3,6,0,6a3fa2c4dfa2f6d0ee22ff0e,1,10,3,3.0,0.0,3.0,1.0,1.2857142857142858,1.6035674514745464
2026-06-19,6a3fa2c5dfa2f6d0ee22ff13,0.0,4,6,0,6a3fa2c4dfa2f6d0ee22ff0e,0,12,3,2.0,3.0,0.0,1.6666666666666667,1.1428571428571428,1.4638501094227998
2026-06-20,6a3fa2c5dfa2f6d0ee22ff13,0.0,5,6,1,6a3fa2c4dfa2f6d0ee22ff0e,0,10,3,0.0,2.0,0.0,1.6666666666666667,1.1428571428571428,1.4638501094227998
2026-06-21,6a3fa2c5dfa2f6d0ee22ff13,3.0,6,6,1,6a3fa2c4dfa2f6d0ee22ff0e,1,5,3,0.0,0.0,3.0,0.6666666666666666,1.1428571428571428,1.4638501094227998
2026-06-22,6a3fa2c5dfa2f6d0ee22ff13,0.0,0,6,0,6a3fa2c4dfa2f6d0ee22ff0e,0,11,3,3.0,0.0,0.0,1.0,1.1428571428571428,1.4638501094227998
2026-06-23,6a3fa2c5dfa2f6d0ee22ff13,0.0,1,6,0,6a3fa2c4dfa2f6d0ee22ff0e,0,11,3,0.0,3.0,0.0,1.0,1.1428571428571428,1.4638501094227998
2026-06-24,6a3fa2c5dfa2f6d0ee22ff13,6.0,2,6,0,6a3fa2c4dfa2f6d0ee22ff0e,1,11,3,0.0,0.0,3.0,1.0,1.1428571428571428,1.4638501094227998
2026-06-25,6a3fa2c5dfa2f6d0ee22ff13,1.0,3,6,0,6a3fa2c4dfa2f6d0ee22ff0e,1,10,3,6.0,0.0,2.0,2.0,1.5714285714285714,2.29906813420444
2026-06-26,6a3fa2c5dfa2f6d0ee22ff13,0.0,4,6,0,6a3fa2c4dfa2f6d0ee22ff0e,0,12,3,1.0,6.0,0.0,2.3333333333333335,1.4285714285714286,2.29906813420444
2026-06-27,6a3fa2c5dfa2f6d0ee22ff13,0.0,5,6,1,6a3fa2c4dfa2f6d0ee22ff0e,0,10,3,0.0,1.0,0.0,2.3333333333333335,1.4285714285714286,2.29906813420444
2026-04-06,6a3fa2c5dfa2f6d0ee22ff14,0.0,0,4,0,6a3fa2c4dfa2f6d0ee22ff0e,0,11,1,0.0,1.0,0.0,0.3333333333333333,0.14285714285714285,0.37796447300922725
2026-04-07,6a3fa2c5dfa2f6d0ee22ff14,0.0,1,4,0,6a3fa2c4dfa2f6d0ee22ff0e,0,11,1,0.0,0.0,0.0,0.3333333333333333,0.14285714285714285,0.37796447300922725
2026-04-08,6a3fa2c5dfa2f6d0ee22ff14,0.0,2,4,0,6a3fa2c4dfa2f6d0ee22ff0e,0,11,1,0.0,0.0,0.0,0.0,0.14285714285714285,0.37796447300922725
2026-04-09,6a3fa2c5dfa2f6d0ee22ff14,0.0,3,4,0,6a3fa2c4dfa2f6d0ee22ff0e,0,10,1,0.0,0.0,0.0,0.0,0.14285714285714285,0.37796447300922725
2026-04-10,6a3fa2c5dfa2f6d0ee22ff14,0.0,4,4,0,6a3fa2c4dfa2f6d0ee22ff0e,0,12,1,0.0,0.0,0.0,0.0,0.14285714285714285,0.37796447300922725
2026-04-11,6a3fa2c5dfa2f6d0ee22ff14,3.0,5,4,1,6a3fa2c4dfa2f6d0ee22ff0e,1,10,1,0.0,0.0,1.0,0.0,0.14285714285714285,0.37796447300922725
2026-04-12,6a3fa2c5dfa2f6d0ee22ff14,0.0,6,4,1,6a3fa2c4dfa2f6d0ee22ff0e,0,5,1,3.0,0.0,0.0,1.0,0.42857142857142855,1.1338934190276817
2026-04-13,6a3fa2c5dfa2f6d0ee22ff14,0.0,0,4,0,6a3fa2c4dfa2f6d0ee22ff0e,0,11,1,0.0,3.0,0.0,1.0,0.42857142857142855,1.1338934190276817
2026-04-14,6a3fa2c5dfa2f6d0ee22ff14,0.0,1,4,0,6a3fa2c4dfa2f6d0ee22ff0e,0,11,1,0.0,0.0,0.0,1.0,0.42857142857142855,1.1338934190276817
2026-04-15,6a3fa2c5dfa2f6d0ee22ff14,0.0,2,4,0,6a3fa2c4dfa2f6d0ee22ff0e,0,11,1,0.0,0.0,0.0,0.0,0.42857142857142855,1.1338934190276817
2026-04-16,6a3fa2c5dfa2f6d0ee22ff14,0.0,3,4,0,6a3fa2c4dfa2f6d0ee22ff0e,0,10,1,0.0,0.0,0.0,0.0,0.42857142857142855,1.1338934190276817
2026-04-17,6a3fa2c5dfa2f6d0ee22ff14,0.0,4,4,0,6a3fa2c4dfa2f6d0ee22ff0e,0,12,1,0.0,0.0,0.0,0.0,0.42857142857142855,1.1338934190276817
2026-04-18,6a3fa2c5dfa2f6d0ee22ff14,4.0,5,4,1,6a3fa2c4dfa2f6d0ee22ff0e,1,10,1,0.0,0.0,3.0,0.0,0.42857142857142855,1.1338934190276817
2026-04-19,6a3fa2c5dfa2f6d0ee22ff14,0.0,6,4,1,6a3fa2c4dfa2f6d0ee22ff0e,0,5,1,4.0,0.0,0.0,1.3333333333333333,0.5714285714285714,1.511857892036909
2026-04-20,6a3fa2c5dfa2f6d0ee22ff14,0.0,0,4,0,6a3fa2c4dfa2f6d0ee22ff0e,0,11,1,0.0,4.0,0.0,1.3333333333333333,0.5714285714285714,1.511857892036909
2026-04-21,6a3fa2c5dfa2f6d0ee22ff14,0.0,1,4,0,6a3fa2c4dfa2f6d0ee22ff0e,0,11,1,0.0,0.0,0.0,1.3333333333333333,0.5714285714285714,1.511857892036909
2026-04-22,6a3fa2c5dfa2f6d0ee22ff14,0.0,2,4,0,6a3fa2c4dfa2f6d0ee22ff0e,0,11,1,0.0,0.0,0.0,0.0,0.5714285714285714,1.511857892036909
2026-04-23,6a3fa2c5dfa2f6d0ee22ff14,0.0,3,4,0,6a3fa2c4dfa2f6d0ee22ff0e,0,10,1,0.0,0.0,0.0,0.0,0.5714285714285714,1.511857892036909
2026-04-24,6a3fa2c5dfa2f6d0ee22ff14,0.0,4,4,0,6a3fa2c4dfa2f6d0ee22ff0e,0,12,1,0.0,0.0,0.0,0.0,0.5714285714285714,1.511857892036909
2026-04-25,6a3fa2c5dfa2f6d0ee22ff14,2.0,5,4,1,6a3fa2c4dfa2f6d0ee22ff0e,1,10,1,0.0,0.0,4.0,0.0,0.5714285714285714,1.511857892036909
2026-04-26,6a3fa2c5dfa2f6d0ee22ff14,0.0,6,4,1,6a3fa2c4dfa2f6d0ee22ff0e,0,5,1,2.0,0.0,0.0,0.6666666666666666,0.2857142857142857,0.7559289460184545
2026-04-27,6a3fa2c5dfa2f6d0ee22ff14,0.0,0,4,0,6a3fa2c4dfa2f6d0ee22ff0e,0,11,1,0.0,2.0,0.0,0.6666666666666666,0.2857142857142857,0.7559289460184545
2026-04-28,6a3fa2c5dfa2f6d0ee22ff14,0.0,1,4,0,6a3fa2c4dfa2f6d0ee22ff0e,0,11,1,0.0,0.0,0.0,0.6666666666666666,0.2857142857142857,0.7559289460184545
2026-04-29,6a3fa2c5dfa2f6d0ee22ff14,0.0,2,4,0,6a3fa2c4dfa2f6d0ee22ff0e,0,11,1,0.0,0.0,0.0,0.0,0.2857142857142857,0.7559289460184545
2026-04-30,6a3fa2c5dfa2f6d0ee22ff14,0.0,3,4,0,6a3fa2c4dfa2f6d0ee22ff0e,0,10,1,0.0,0.0,0.0,0.0,0.2857142857142857,0.7559289460184545
2026-05-01,6a3fa2c5dfa2f6d0ee22ff14,0.0,4,5,0,6a3fa2c4dfa2f6d0ee22ff0e,0,12,1,0.0,0.0,0.0,0.0,0.2857142857142857,0.7559289460184545
2026-05-02,6a3fa2c5dfa2f6d0ee22ff14,0.0,5,5,1,6a3fa2c4dfa2f6d0ee22ff0e,1,10,1,0.0,0.0,2.0,0.0,0.2857142857142857,0.7559289460184545
2026-05-03,6a3fa2c5dfa2f6d0ee22ff14,0.0,6,5,1,6a3fa2c4dfa2f6d0ee22ff0e,0,5,1,0.0,0.0,0.0,0.0,0.0,0.0
2026-05-04,6a3fa2c5dfa2f6d0ee22ff14,0.0,0,5,0,6a3fa2c4dfa2f6d0ee22ff0e,0,11,1,0.0,0.0,0.0,0.0,0.0,0.0
2026-05-05,6a3fa2c5dfa2f6d0ee22ff14,0.0,1,5,0,6a3fa2c4dfa2f6d0ee22ff0e,0,11,1,0.0,0.0,0.0,0.0,0.0,0.0
2026-05-06,6a3fa2c5dfa2f6d0ee22ff14,0.0,2,5,0,6a3fa2c4dfa2f6d0ee22ff0e,0,11,1,0.0,0.0,0.0,0.0,0.0,0.0
2026-05-07,6a3fa2c5dfa2f6d0ee22ff14,0.0,3,5,0,6a3fa2c4dfa2f6d0ee22ff0e,0,10,1,0.0,0.0,0.0,0.0,0.0,0.0
2026-05-08,6a3fa2c5dfa2f6d0ee22ff14,0.0,4,5,0,6a3fa2c4dfa2f6d0ee22ff0e,0,12,1,0.0,0.0,0.0,0.0,0.0,0.0
2026-05-09,6a3fa2c5dfa2f6d0ee22ff14,2.0,5,5,1,6a3fa2c4dfa2f6d0ee22ff0e,1,10,1,0.0,0.0,0.0,0.0,0.0,0.0
2026-05-10,6a3fa2c5dfa2f6d0ee22ff14,0.0,6,5,1,6a3fa2c4dfa2f6d0ee22ff0e,0,5,1,2.0,0.0,0.0,0.6666666666666666,0.2857142857142857,0.7559289460184545
2026-05-11,6a3fa2c5dfa2f6d0ee22ff14,0.0,0,5,0,6a3fa2c4dfa2f6d0ee22ff0e,0,11,1,0.0,2.0,0.0,0.6666666666666666,0.2857142857142857,0.7559289460184545
2026-05-12,6a3fa2c5dfa2f6d0ee22ff14,0.0,1,5,0,6a3fa2c4dfa2f6d0ee22ff0e,0,11,1,0.0,0.0,0.0,0.6666666666666666,0.2857142857142857,0.7559289460184545
2026-05-13,6a3fa2c5dfa2f6d0ee22ff14,0.0,2,5,0,6a3fa2c4dfa2f6d0ee22ff0e,0,11,1,0.0,0.0,0.0,0.0,0.2857142857142857,0.7559289460184545
2026-05-14,6a3fa2c5dfa2f6d0ee22ff14,0.0,3,5,0,6a3fa2c4dfa2f6d0ee22ff0e,0,10,1,0.0,0.0,0.0,0.0,0.2857142857142857,0.7559289460184545
2026-05-15,6a3fa2c5dfa2f6d0ee22ff14,0.0,4,5,0,6a3fa2c4dfa2f6d0ee22ff0e,0,12,1,0.0,0.0,0.0,0.0,0.2857142857142857,0.7559289460184545
2026-05-16,6a3fa2c5dfa2f6d0ee22ff14,2.0,5,5,1,6a3fa2c4dfa2f6d0ee22ff0e,1,10,1,0.0,0.0,2.0,0.0,0.2857142857142857,0.7559289460184545
2026-05-17,6a3fa2c5dfa2f6d0ee22ff14,0.0,6,5,1,6a3fa2c4dfa2f6d0ee22ff0e,0,5,1,2.0,0.0,0.0,0.6666666666666666,0.2857142857142857,0.7559289460184545
2026-05-18,6a3fa2c5dfa2f6d0ee22ff14,0.0,0,5,0,6a3fa2c4dfa2f6d0ee22ff0e,0,11,1,0.0,2.0,0.0,0.6666666666666666,0.2857142857142857,0.7559289460184545
2026-05-19,6a3fa2c5dfa2f6d0ee22ff14,0.0,1,5,0,6a3fa2c4dfa2f6d0ee22ff0e,0,11,1,0.0,0.0,0.0,0.6666666666666666,0.2857142857142857,0.7559289460184545
2026-05-20,6a3fa2c5dfa2f6d0ee22ff14,0.0,2,5,0,6a3fa2c4dfa2f6d0ee22ff0e,0,11,1,0.0,0.0,0.0,0.0,0.2857142857142857,0.7559289460184545
2026-05-21,6a3fa2c5dfa2f6d0ee22ff14,0.0,3,5,0,6a3fa2c4dfa2f6d0ee22ff0e,0,10,1,0.0,0.0,0.0,0.0,0.2857142857142857,0.7559289460184545
2026-05-22,6a3fa2c5dfa2f6d0ee22ff14,0.0,4,5,0,6a3fa2c4dfa2f6d0ee22ff0e,0,12,1,0.0,0.0,0.0,0.0,0.2857142857142857,0.7559289460184545
2026-05-23,6a3fa2c5dfa2f6d0ee22ff14,4.0,5,5,1,6a3fa2c4dfa2f6d0ee22ff0e,1,10,1,0.0,0.0,2.0,0.0,0.2857142857142857,0.7559289460184545
2026-05-24,6a3fa2c5dfa2f6d0ee22ff14,0.0,6,5,1,6a3fa2c4dfa2f6d0ee22ff0e,0,5,1,4.0,0.0,0.0,1.3333333333333333,0.5714285714285714,1.511857892036909
2026-05-25,6a3fa2c5dfa2f6d0ee22ff14,0.0,0,5,0,6a3fa2c4dfa2f6d0ee22ff0e,0,11,1,0.0,4.0,0.0,1.3333333333333333,0.5714285714285714,1.511857892036909
2026-05-26,6a3fa2c5dfa2f6d0ee22ff14,0.0,1,5,0,6a3fa2c4dfa2f6d0ee22ff0e,0,11,1,0.0,0.0,0.0,1.3333333333333333,0.5714285714285714,1.511857892036909
2026-05-27,6a3fa2c5dfa2f6d0ee22ff14,0.0,2,5,0,6a3fa2c4dfa2f6d0ee22ff0e,0,11,1,0.0,0.0,0.0,0.0,0.5714285714285714,1.511857892036909
2026-05-28,6a3fa2c5dfa2f6d0ee22ff14,0.0,3,5,0,6a3fa2c4dfa2f6d0ee22ff0e,0,10,1,0.0,0.0,0.0,0.0,0.5714285714285714,1.511857892036909
2026-05-29,6a3fa2c5dfa2f6d0ee22ff14,0.0,4,5,0,6a3fa2c4dfa2f6d0ee22ff0e,0,12,1,0.0,0.0,0.0,0.0,0.5714285714285714,1.511857892036909
2026-05-30,6a3fa2c5dfa2f6d0ee22ff14,0.0,5,5,1,6a3fa2c4dfa2f6d0ee22ff0e,1,10,1,0.0,0.0,4.0,0.0,0.5714285714285714,1.511857892036909
2026-05-31,6a3fa2c5dfa2f6d0ee22ff14,0.0,6,5,1,6a3fa2c4dfa2f6d0ee22ff0e,0,5,1,0.0,0.0,0.0,0.0,0.0,0.0
2026-06-01,6a3fa2c5dfa2f6d0ee22ff14,0.0,0,6,0,6a3fa2c4dfa2f6d0ee22ff0e,0,11,1,0.0,0.0,0.0,0.0,0.0,0.0
2026-06-02,6a3fa2c5dfa2f6d0ee22ff14,0.0,1,6,0,6a3fa2c4dfa2f6d0ee22ff0e,0,11,1,0.0,0.0,0.0,0.0,0.0,0.0
2026-06-03,6a3fa2c5dfa2f6d0ee22ff14,0.0,2,6,0,6a3fa2c4dfa2f6d0ee22ff0e,0,11,1,0.0,0.0,0.0,0.0,0.0,0.0
2026-06-04,6a3fa2c5dfa2f6d0ee22ff14,0.0,3,6,0,6a3fa2c4dfa2f6d0ee22ff0e,0,10,1,0.0,0.0,0.0,0.0,0.0,0.0
2026-06-05,6a3fa2c5dfa2f6d0ee22ff14,0.0,4,6,0,6a3fa2c4dfa2f6d0ee22ff0e,0,12,1,0.0,0.0,0.0,0.0,0.0,0.0
2026-06-06,6a3fa2c5dfa2f6d0ee22ff14,0.0,5,6,1,6a3fa2c4dfa2f6d0ee22ff0e,1,10,1,0.0,0.0,0.0,0.0,0.0,0.0
2026-06-07,6a3fa2c5dfa2f6d0ee22ff14,0.0,6,6,1,6a3fa2c4dfa2f6d0ee22ff0e,0,5,1,0.0,0.0,0.0,0.0,0.0,0.0
2026-06-08,6a3fa2c5dfa2f6d0ee22ff14,0.0,0,6,0,6a3fa2c4dfa2f6d0ee22ff0e,0,11,1,0.0,0.0,0.0,0.0,0.0,0.0
2026-06-09,6a3fa2c5dfa2f6d0ee22ff14,0.0,1,6,0,6a3fa2c4dfa2f6d0ee22ff0e,0,11,1,0.0,0.0,0.0,0.0,0.0,0.0
2026-06-10,6a3fa2c5dfa2f6d0ee22ff14,0.0,2,6,0,6a3fa2c4dfa2f6d0ee22ff0e,0,11,1,0.0,0.0,0.0,0.0,0.0,0.0
2026-06-11,6a3fa2c5dfa2f6d0ee22ff14,0.0,3,6,0,6a3fa2c4dfa2f6d0ee22ff0e,0,10,1,0.0,0.0,0.0,0.0,0.0,0.0
2026-06-12,6a3fa2c5dfa2f6d0ee22ff14,0.0,4,6,0,6a3fa2c4dfa2f6d0ee22ff0e,0,12,1,0.0,0.0,0.0,0.0,0.0,0.0
2026-06-13,6a3fa2c5dfa2f6d0ee22ff14,1.0,5,6,1,6a3fa2c4dfa2f6d0ee22ff0e,1,10,1,0.0,0.0,0.0,0.0,0.0,0.0
2026-06-14,6a3fa2c5dfa2f6d0ee22ff14,0.0,6,6,1,6a3fa2c4dfa2f6d0ee22ff0e,0,5,1,1.0,0.0,0.0,0.3333333333333333,0.14285714285714285,0.37796447300922725
2026-06-15,6a3fa2c5dfa2f6d0ee22ff14,0.0,0,6,0,6a3fa2c4dfa2f6d0ee22ff0e,0,11,1,0.0,1.0,0.0,0.3333333333333333,0.14285714285714285,0.37796447300922725
2026-06-16,6a3fa2c5dfa2f6d0ee22ff14,0.0,1,6,0,6a3fa2c4dfa2f6d0ee22ff0e,0,11,1,0.0,0.0,0.0,0.3333333333333333,0.14285714285714285,0.37796447300922725
2026-06-17,6a3fa2c5dfa2f6d0ee22ff14,0.0,2,6,0,6a3fa2c4dfa2f6d0ee22ff0e,0,11,1,0.0,0.0,0.0,0.0,0.14285714285714285,0.37796447300922725
2026-06-18,6a3fa2c5dfa2f6d0ee22ff14,0.0,3,6,0,6a3fa2c4dfa2f6d0ee22ff0e,0,10,1,0.0,0.0,0.0,0.0,0.14285714285714285,0.37796447300922725
2026-06-19,6a3fa2c5dfa2f6d0ee22ff14,0.0,4,6,0,6a3fa2c4dfa2f6d0ee22ff0e,0,12,1,0.0,0.0,0.0,0.0,0.14285714285714285,0.37796447300922725
2026-06-20,6a3fa2c5dfa2f6d0ee22ff14,1.0,5,6,1,6a3fa2c4dfa2f6d0ee22ff0e,1,10,1,0.0,0.0,1.0,0.0,0.14285714285714285,0.37796447300922725
2026-06-21,6a3fa2c5dfa2f6d0ee22ff14,0.0,6,6,1,6a3fa2c4dfa2f6d0ee22ff0e,0,5,1,1.0,0.0,0.0,0.3333333333333333,0.14285714285714285,0.37796447300922725
2026-06-22,6a3fa2c5dfa2f6d0ee22ff14,0.0,0,6,0,6a3fa2c4dfa2f6d0ee22ff0e,0,11,1,0.0,1.0,0.0,0.3333333333333333,0.14285714285714285,0.37796447300922725
2026-06-23,6a3fa2c5dfa2f6d0ee22ff14,0.0,1,6,0,6a3fa2c4dfa2f6d0ee22ff0e,0,11,1,0.0,0.0,0.0,0.3333333333333333,0.14285714285714285,0.37796447300922725
2026-06-24,6a3fa2c5dfa2f6d0ee22ff14,0.0,2,6,0,6a3fa2c4dfa2f6d0ee22ff0e,0,11,1,0.0,0.0,0.0,0.0,0.14285714285714285,0.37796447300922725
2026-06-25,6a3fa2c5dfa2f6d0ee22ff14,0.0,3,6,0,6a3fa2c4dfa2f6d0ee22ff0e,0,10,1,0.0,0.0,0.0,0.0,0.14285714285714285,0.37796447300922725
2026-06-26,6a3fa2c5dfa2f6d0ee22ff14,0.0,4,6,0,6a3fa2c4dfa2f6d0ee22ff0e,0,12,1,0.0,0.0,0.0,0.0,0.14285714285714285,0.37796447300922725
2026-06-27,6a3fa2c5dfa2f6d0ee22ff14,0.0,5,6,1,6a3fa2c4dfa2f6d0ee22ff0e,1,10,1,0.0,0.0,1.0,0.0,0.14285714285714285,0.37796447300922725
2026-04-06,6a3fa2c5dfa2f6d0ee22ff15,0.0,0,4,0,6a3fa2c4dfa2f6d0ee22ff0e,1,11,2,0.0,0.0,0.0,0.0,0.0,0.0
2026-04-07,6a3fa2c5dfa2f6d0ee22ff15,0.0,1,4,0,6a3fa2c4dfa2f6d0ee22ff0e,0,11,2,0.0,0.0,0.0,0.0,0.0,0.0
2026-04-08,6a3fa2c5dfa2f6d0ee22ff15,3.0,2,4,0,6a3fa2c4dfa2f6d0ee22ff0e,1,11,2,0.0,0.0,0.0,0.0,0.0,0.0
2026-04-09,6a3fa2c5dfa2f6d0ee22ff15,0.0,3,4,0,6a3fa2c4dfa2f6d0ee22ff0e,0,10,2,3.0,0.0,0.0,1.0,0.42857142857142855,1.1338934190276817
2026-04-10,6a3fa2c5dfa2f6d0ee22ff15,0.0,4,4,0,6a3fa2c4dfa2f6d0ee22ff0e,0,12,2,0.0,3.0,0.0,1.0,0.42857142857142855,1.1338934190276817
2026-04-11,6a3fa2c5dfa2f6d0ee22ff15,0.0,5,4,1,6a3fa2c4dfa2f6d0ee22ff0e,0,10,2,0.0,0.0,0.0,1.0,0.42857142857142855,1.1338934190276817
2026-04-12,6a3fa2c5dfa2f6d0ee22ff15,0.0,6,4,1,6a3fa2c4dfa2f6d0ee22ff0e,0,5,2,0.0,0.0,0.0,0.0,0.42857142857142855,1.1338934190276817
2026-04-13,6a3fa2c5dfa2f6d0ee22ff15,2.0,0,4,0,6a3fa2c4dfa2f6d0ee22ff0e,1,11,2,0.0,0.0,0.0,0.0,0.42857142857142855,1.1338934190276817
2026-04-14,6a3fa2c5dfa2f6d0ee22ff15,0.0,1,4,0,6a3fa2c4dfa2f6d0ee22ff0e,0,11,2,2.0,0.0,0.0,0.6666666666666666,0.7142857142857143,1.2535663410560174
2026-04-15,6a3fa2c5dfa2f6d0ee22ff15,0.0,2,4,0,6a3fa2c4dfa2f6d0ee22ff0e,1,11,2,0.0,2.0,3.0,0.6666666666666666,0.7142857142857143,1.2535663410560174
2026-04-16,6a3fa2c5dfa2f6d0ee22ff15,0.0,3,4,0,6a3fa2c4dfa2f6d0ee22ff0e,0,10,2,0.0,0.0,0.0,0.6666666666666666,0.2857142857142857,0.7559289460184545
2026-04-17,6a3fa2c5dfa2f6d0ee22ff15,0.0,4,4,0,6a3fa2c4dfa2f6d0ee22ff0e,0,12,2,0.0,0.0,0.0,0.0,0.2857142857142857,0.7559289460184545
2026-04-18,6a3fa2c5dfa2f6d0ee22ff15,0.0,5,4,1,6a3fa2c4dfa2f6d0ee22ff0e,0,10,2,0.0,0.0,0.0,0.0,0.2857142857142857,0.7559289460184545
2026-04-19,6a3fa2c5dfa2f6d0ee22ff15,0.0,6,4,1,6a3fa2c4dfa2f6d0ee22ff0e,0,5,2,0.0,0.0,0.0,0.0,0.2857142857142857,0.7559289460184545
2026-04-20,6a3fa2c5dfa2f6d0ee22ff15,9.0,0,4,0,6a3fa2c4dfa2f6d0ee22ff0e,1,11,2,0.0,0.0,2.0,0.0,0.2857142857142857,0.7559289460184545
2026-04-21,6a3fa2c5dfa2f6d0ee22ff15,0.0,1,4,0,6a3fa2c4dfa2f6d0ee22ff0e,0,11,2,9.0,0.0,0.0,3.0,1.2857142857142858,3.401680257083045
2026-04-22,6a3fa2c5dfa2f6d0ee22ff15,3.0,2,4,0,6a3fa2c4dfa2f6d0ee22ff0e,1,11,2,0.0,9.0,0.0,3.0,1.2857142857142858,3.401680257083045
2026-04-23,6a3fa2c5dfa2f6d0ee22ff15,0.0,3,4,0,6a3fa2c4dfa2f6d0ee22ff0e,0,10,2,3.0,0.0,0.0,4.0,1.7142857142857142,3.401680257083045
2026-04-24,6a3fa2c5dfa2f6d0ee22ff15,0.0,4,4,0,6a3fa2c4dfa2f6d0ee22ff0e,0,12,2,0.0,3.0,0.0,1.0,1.7142857142857142,3.401680257083045
2026-04-25,6a3fa2c5dfa2f6d0ee22ff15,0.0,5,4,1,6a3fa2c4dfa2f6d0ee22ff0e,0,10,2,0.0,0.0,0.0,1.0,1.7142857142857142,3.401680257083045
2026-04-26,6a3fa2c5dfa2f6d0ee22ff15,0.0,6,4,1,6a3fa2c4dfa2f6d0ee22ff0e,0,5,2,0.0,0.0,0.0,0.0,1.7142857142857142,3.401680257083045
2026-04-27,6a3fa2c5dfa2f6d0ee22ff15,3.0,0,4,0,6a3fa2c4dfa2f6d0ee22ff0e,1,11,2,0.0,0.0,9.0,0.0,1.7142857142857142,3.401680257083045
2026-04-28,6a3fa2c5dfa2f6d0ee22ff15,0.0,1,4,0,6a3fa2c4dfa2f6d0ee22ff0e,0,11,2,3.0,0.0,0.0,1.0,0.8571428571428571,1.4638501094227998
2026-04-29,6a3fa2c5dfa2f6d0ee22ff15,4.0,2,4,0,6a3fa2c4dfa2f6d0ee22ff0e,1,11,2,0.0,3.0,3.0,1.0,0.8571428571428571,1.4638501094227998
2026-04-30,6a3fa2c5dfa2f6d0ee22ff15,0.0,3,4,0,6a3fa2c4dfa2f6d0ee22ff0e,0,10,2,4.0,0.0,0.0,2.3333333333333335,1.0,1.7320508075688772
2026-05-01,6a3fa2c5dfa2f6d0ee22ff15,0.0,4,5,0,6a3fa2c4dfa2f6d0ee22ff0e,0,12,2,0.0,4.0,0.0,1.3333333333333333,1.0,1.7320508075688772
2026-05-02,6a3fa2c5dfa2f6d0ee22ff15,0.0,5,5,1,6a3fa2c4dfa2f6d0ee22ff0e,0,10,2,0.0,0.0,0.0,1.3333333333333333,1.0,1.7320508075688772
2026-05-03,6a3fa2c5dfa2f6d0ee22ff15,0.0,6,5,1,6a3fa2c4dfa2f6d0ee22ff0e,0,5,2,0.0,0.0,0.0,0.0,1.0,1.7320508075688772
2026-05-04,6a3fa2c5dfa2f6d0ee22ff15,1.0,0,5,0,6a3fa2c4dfa2f6d0ee22ff0e,1,11,2,0.0,0.0,3.0,0.0,1.0,1.7320508075688772
2026-05-05,6a3fa2c5dfa2f6d0ee22ff15,0.0,1,5,0,6a3fa2c4dfa2f6d0ee22ff0e,0,11,2,1.0,0.0,0.0,0.3333333333333333,0.7142857142857143,1.4960264830861911
2026-05-06,6a3fa2c5dfa2f6d0ee22ff15,3.0,2,5,0,6a3fa2c4dfa2f6d0ee22ff0e,1,11,2,0.0,1.0,4.0,0.3333333333333333,0.7142857142857143,1.4960264830861911
2026-05-07,6a3fa2c5dfa2f6d0ee22ff15,0.0,3,5,0,6a3fa2c4dfa2f6d0ee22ff0e,0,10,2,3.0,0.0,0.0,1.3333333333333333,0.5714285714285714,1.1338934190276817
2026-05-08,6a3fa2c5dfa2f6d0ee22ff15,0.0,4,5,0,6a3fa2c4dfa2f6d0ee22ff0e,0,12,2,0.0,3.0,0.0,1.0,0.5714285714285714,1.1338934190276817
2026-05-09,6a3fa2c5dfa2f6d0ee22ff15,0.0,5,5,1,6a3fa2c4dfa2f6d0ee22ff0e,0,10,2,0.0,0.0,0.0,1.0,0.5714285714285714,1.1338934190276817
2026-05-10,6a3fa2c5dfa2f6d0ee22ff15,0.0,6,5,1,6a3fa2c4dfa2f6d0ee22ff0e,0,5,2,0.0,0.0,0.0,0.0,0.5714285714285714,1.1338934190276817
2026-05-11,6a3fa2c5dfa2f6d0ee22ff15,3.0,0,5,0,6a3fa2c4dfa2f6d0ee22ff0e,1,11,2,0.0,0.0,1.0,0.0,0.5714285714285714,1.1338934190276817
2026-05-12,6a3fa2c5dfa2f6d0ee22ff15,0.0,1,5,0,6a3fa2c4dfa2f6d0ee22ff0e,0,11,2,3.0,0.0,0.0,1.0,0.8571428571428571,1.4638501094227998
2026-05-13,6a3fa2c5dfa2f6d0ee22ff15,3.0,2,5,0,6a3fa2c4dfa2f6d0ee22ff0e,1,11,2,0.0,3.0,3.0,1.0,0.8571428571428571,1.4638501094227998
2026-05-14,6a3fa2c5dfa2f6d0ee22ff15,0.0,3,5,0,6a3fa2c4dfa2f6d0ee22ff0e,0,10,2,3.0,0.0,0.0,2.0,0.8571428571428571,1.4638501094227998
2026-05-15,6a3fa2c5dfa2f6d0ee22ff15,0.0,4,5,0,6a3fa2c4dfa2f6d0ee22ff0e,0,12,2,0.0,3.0,0.0,1.0,0.8571428571428571,1.4638501094227998
2026-05-16,6a3fa2c5dfa2f6d0ee22ff15,0.0,5,5,1,6a3fa2c4dfa2f6d0ee22ff0e,0,10,2,0.0,0.0,0.0,1.0,0.8571428571428571,1.4638501094227998
2026-05-17,6a3fa2c5dfa2f6d0ee22ff15,0.0,6,5,1,6a3fa2c4dfa2f6d0ee22ff0e,0,5,2,0.0,0.0,0.0,0.0,0.8571428571428571,1.4638501094227998
2026-05-18,6a3fa2c5dfa2f6d0ee22ff15,1.0,0,5,0,6a3fa2c4dfa2f6d0ee22ff0e,1,11,2,0.0,0.0,3.0,0.0,0.8571428571428571,1.4638501094227998
2026-05-19,6a3fa2c5dfa2f6d0ee22ff15,0.0,1,5,0,6a3fa2c4dfa2f6d0ee22ff0e,0,11,2,1.0,0.0,0.0,0.3333333333333333,0.5714285714285714,1.1338934190276817
2026-05-20,6a3fa2c5dfa2f6d0ee22ff15,0.0,2,5,0,6a3fa2c4dfa2f6d0ee22ff0e,1,11,2,0.0,1.0,3.0,0.3333333333333333,0.5714285714285714,1.1338934190276817
2026-05-21,6a3fa2c5dfa2f6d0ee22ff15,0.0,3,5,0,6a3fa2c4dfa2f6d0ee22ff0e,0,10,2,0.0,0.0,0.0,0.3333333333333333,0.14285714285714285,0.37796447300922775
2026-05-22,6a3fa2c5dfa2f6d0ee22ff15,0.0,4,5,0,6a3fa2c4dfa2f6d0ee22ff0e,0,12,2,0.0,0.0,0.0,0.0,0.14285714285714285,0.37796447300922775
2026-05-23,6a3fa2c5dfa2f6d0ee22ff15,0.0,5,5,1,6a3fa2c4dfa2f6d0ee22ff0e,0,10,2,0.0,0.0,0.0,0.0,0.14285714285714285,0.37796447300922775
2026-05-24,6a3fa2c5dfa2f6d0ee22ff15,0.0,6,5,1,6a3fa2c4dfa2f6d0ee22ff0e,0,5,2,0.0,0.0,0.0,0.0,0.14285714285714285,0.37796447300922775
2026-05-25,6a3fa2c5dfa2f6d0ee22ff15,0.0,0,5,0,6a3fa2c4dfa2f6d0ee22ff0e,1,11,2,0.0,0.0,1.0,0.0,0.14285714285714285,0.37796447300922775
2026-05-26,6a3fa2c5dfa2f6d0ee22ff15,0.0,1,5,0,6a3fa2c4dfa2f6d0ee22ff0e,0,11,2,0.0,0.0,0.0,0.0,0.0,0.0
2026-05-27,6a3fa2c5dfa2f6d0ee22ff15,0.0,2,5,0,6a3fa2c4dfa2f6d0ee22ff0e,1,11,2,0.0,0.0,0.0,0.0,0.0,0.0
2026-05-28,6a3fa2c5dfa2f6d0ee22ff15,0.0,3,5,0,6a3fa2c4dfa2f6d0ee22ff0e,0,10,2,0.0,0.0,0.0,0.0,0.0,0.0
2026-05-29,6a3fa2c5dfa2f6d0ee22ff15,0.0,4,5,0,6a3fa2c4dfa2f6d0ee22ff0e,0,12,2,0.0,0.0,0.0,0.0,0.0,0.0
2026-05-30,6a3fa2c5dfa2f6d0ee22ff15,0.0,5,5,1,6a3fa2c4dfa2f6d0ee22ff0e,0,10,2,0.0,0.0,0.0,0.0,0.0,0.0
2026-05-31,6a3fa2c5dfa2f6d0ee22ff15,0.0,6,5,1,6a3fa2c4dfa2f6d0ee22ff0e,0,5,2,0.0,0.0,0.0,0.0,0.0,0.0
2026-06-01,6a3fa2c5dfa2f6d0ee22ff15,5.0,0,6,0,6a3fa2c4dfa2f6d0ee22ff0e,1,11,2,0.0,0.0,0.0,0.0,0.0,0.0
2026-06-02,6a3fa2c5dfa2f6d0ee22ff15,0.0,1,6,0,6a3fa2c4dfa2f6d0ee22ff0e,0,11,2,5.0,0.0,0.0,1.6666666666666667,0.7142857142857143,1.889822365046136
2026-06-03,6a3fa2c5dfa2f6d0ee22ff15,2.0,2,6,0,6a3fa2c4dfa2f6d0ee22ff0e,1,11,2,0.0,5.0,0.0,1.6666666666666667,0.7142857142857143,1.889822365046136
2026-06-04,6a3fa2c5dfa2f6d0ee22ff15,0.0,3,6,0,6a3fa2c4dfa2f6d0ee22ff0e,0,10,2,2.0,0.0,0.0,2.3333333333333335,1.0,1.9148542155126762
2026-06-05,6a3fa2c5dfa2f6d0ee22ff15,0.0,4,6,0,6a3fa2c4dfa2f6d0ee22ff0e,0,12,2,0.0,2.0,0.0,0.6666666666666666,1.0,1.9148542155126762
2026-06-06,6a3fa2c5dfa2f6d0ee22ff15,0.0,5,6,1,6a3fa2c4dfa2f6d0ee22ff0e,0,10,2,0.0,0.0,0.0,0.6666666666666666,1.0,1.9148542155126762
2026-06-07,6a3fa2c5dfa2f6d0ee22ff15,0.0,6,6,1,6a3fa2c4dfa2f6d0ee22ff0e,0,5,2,0.0,0.0,0.0,0.0,1.0,1.9148542155126762
2026-06-08,6a3fa2c5dfa2f6d0ee22ff15,2.0,0,6,0,6a3fa2c4dfa2f6d0ee22ff0e,1,11,2,0.0,0.0,5.0,0.0,1.0,1.9148542155126762
2026-06-09,6a3fa2c5dfa2f6d0ee22ff15,0.0,1,6,0,6a3fa2c4dfa2f6d0ee22ff0e,0,11,2,2.0,0.0,0.0,0.6666666666666666,0.5714285714285714,0.9759000729485331
2026-06-10,6a3fa2c5dfa2f6d0ee22ff15,0.0,2,6,0,6a3fa2c4dfa2f6d0ee22ff0e,1,11,2,0.0,2.0,2.0,0.6666666666666666,0.5714285714285714,0.9759000729485331
2026-06-11,6a3fa2c5dfa2f6d0ee22ff15,0.0,3,6,0,6a3fa2c4dfa2f6d0ee22ff0e,0,10,2,0.0,0.0,0.0,0.6666666666666666,0.2857142857142857,0.7559289460184544
2026-06-12,6a3fa2c5dfa2f6d0ee22ff15,0.0,4,6,0,6a3fa2c4dfa2f6d0ee22ff0e,0,12,2,0.0,0.0,0.0,0.0,0.2857142857142857,0.7559289460184544
2026-06-13,6a3fa2c5dfa2f6d0ee22ff15,0.0,5,6,1,6a3fa2c4dfa2f6d0ee22ff0e,0,10,2,0.0,0.0,0.0,0.0,0.2857142857142857,0.7559289460184544
2026-06-14,6a3fa2c5dfa2f6d0ee22ff15,0.0,6,6,1,6a3fa2c4dfa2f6d0ee22ff0e,0,5,2,0.0,0.0,0.0,0.0,0.2857142857142857,0.7559289460184544
2026-06-15,6a3fa2c5dfa2f6d0ee22ff15,2.0,0,6,0,6a3fa2c4dfa2f6d0ee22ff0e,1,11,2,0.0,0.0,2.0,0.0,0.2857142857142857,0.7559289460184544
2026-06-16,6a3fa2c5dfa2f6d0ee22ff15,0.0,1,6,0,6a3fa2c4dfa2f6d0ee22ff0e,0,11,2,2.0,0.0,0.0,0.6666666666666666,0.2857142857142857,0.7559289460184545
2026-06-17,6a3fa2c5dfa2f6d0ee22ff15,2.0,2,6,0,6a3fa2c4dfa2f6d0ee22ff0e,1,11,2,0.0,2.0,0.0,0.6666666666666666,0.2857142857142857,0.7559289460184545
2026-06-18,6a3fa2c5dfa2f6d0ee22ff15,0.0,3,6,0,6a3fa2c4dfa2f6d0ee22ff0e,0,10,2,2.0,0.0,0.0,1.3333333333333333,0.5714285714285714,0.9759000729485332
2026-06-19,6a3fa2c5dfa2f6d0ee22ff15,0.0,4,6,0,6a3fa2c4dfa2f6d0ee22ff0e,0,12,2,0.0,2.0,0.0,0.6666666666666666,0.5714285714285714,0.9759000729485333
2026-06-20,6a3fa2c5dfa2f6d0ee22ff15,0.0,5,6,1,6a3fa2c4dfa2f6d0ee22ff0e,0,10,2,0.0,0.0,0.0,0.6666666666666666,0.5714285714285714,0.9759000729485333
2026-06-21,6a3fa2c5dfa2f6d0ee22ff15,0.0,6,6,1,6a3fa2c4dfa2f6d0ee22ff0e,0,5,2,0.0,0.0,0.0,0.0,0.5714285714285714,0.9759000729485333
2026-06-22,6a3fa2c5dfa2f6d0ee22ff15,0.0,0,6,0,6a3fa2c4dfa2f6d0ee22ff0e,1,11,2,0.0,0.0,2.0,0.0,0.5714285714285714,0.9759000729485333
2026-06-23,6a3fa2c5dfa2f6d0ee22ff15,0.0,1,6,0,6a3fa2c4dfa2f6d0ee22ff0e,0,11,2,0.0,0.0,0.0,0.0,0.2857142857142857,0.7559289460184546
2026-06-24,6a3fa2c5dfa2f6d0ee22ff15,1.0,2,6,0,6a3fa2c4dfa2f6d0ee22ff0e,1,11,2,0.0,0.0,2.0,0.0,0.2857142857142857,0.7559289460184546
2026-06-25,6a3fa2c5dfa2f6d0ee22ff15,0.0,3,6,0,6a3fa2c4dfa2f6d0ee22ff0e,0,10,2,1.0,0.0,0.0,0.3333333333333333,0.14285714285714285,0.37796447300922725
2026-06-26,6a3fa2c5dfa2f6d0ee22ff15,0.0,4,6,0,6a3fa2c4dfa2f6d0ee22ff0e,0,12,2,0.0,1.0,0.0,0.3333333333333333,0.14285714285714285,0.37796447300922725
2026-06-27,6a3fa2c5dfa2f6d0ee22ff15,0.0,5,6,1,6a3fa2c4dfa2f6d0ee22ff0e,0,10,2,0.0,0.0,0.0,0.3333333333333333,0.14285714285714285,0.37796447300922725
2026-04-06,6a3fa2c5dfa2f6d0ee22ff16,0.0,0,4,0,6a3fa2c4dfa2f6d0ee22ff0e,0,11,2,0.0,0.0,0.0,1.0,0.42857142857142855,1.1338934190276817
2026-04-07,6a3fa2c5dfa2f6d0ee22ff16,1.0,1,4,0,6a3fa2c4dfa2f6d0ee22ff0e,1,11,2,0.0,0.0,0.0,0.0,0.42857142857142855,1.1338934190276817
2026-04-08,6a3fa2c5dfa2f6d0ee22ff16,0.0,2,4,0,6a3fa2c4dfa2f6d0ee22ff0e,0,11,2,1.0,0.0,0.0,0.3333333333333333,0.5714285714285714,1.1338934190276817
2026-04-09,6a3fa2c5dfa2f6d0ee22ff16,0.0,3,4,0,6a3fa2c4dfa2f6d0ee22ff0e,0,10,2,0.0,1.0,0.0,0.3333333333333333,0.5714285714285714,1.1338934190276817
2026-04-10,6a3fa2c5dfa2f6d0ee22ff16,0.0,4,4,0,6a3fa2c4dfa2f6d0ee22ff0e,1,12,2,0.0,0.0,3.0,0.3333333333333333,0.5714285714285714,1.1338934190276817
2026-04-11,6a3fa2c5dfa2f6d0ee22ff16,0.0,5,4,1,6a3fa2c4dfa2f6d0ee22ff0e,0,10,2,0.0,0.0,0.0,0.0,0.14285714285714285,0.37796447300922675
2026-04-12,6a3fa2c5dfa2f6d0ee22ff16,0.0,6,4,1,6a3fa2c4dfa2f6d0ee22ff0e,0,5,2,0.0,0.0,0.0,0.0,0.14285714285714285,0.37796447300922675
2026-04-13,6a3fa2c5dfa2f6d0ee22ff16,0.0,0,4,0,6a3fa2c4dfa2f6d0ee22ff0e,0,11,2,0.0,0.0,0.0,0.0,0.14285714285714285,0.37796447300922675
2026-04-14,6a3fa2c5dfa2f6d0ee22ff16,0.0,1,4,0,6a3fa2c4dfa2f6d0ee22ff0e,1,11,2,0.0,0.0,1.0,0.0,0.14285714285714285,0.37796447300922675
2026-04-15,6a3fa2c5dfa2f6d0ee22ff16,0.0,2,4,0,6a3fa2c4dfa2f6d0ee22ff0e,0,11,2,0.0,0.0,0.0,0.0,0.0,0.0
2026-04-16,6a3fa2c5dfa2f6d0ee22ff16,0.0,3,4,0,6a3fa2c4dfa2f6d0ee22ff0e,0,10,2,0.0,0.0,0.0,0.0,0.0,0.0
2026-04-17,6a3fa2c5dfa2f6d0ee22ff16,0.0,4,4,0,6a3fa2c4dfa2f6d0ee22ff0e,1,12,2,0.0,0.0,0.0,0.0,0.0,0.0
2026-04-18,6a3fa2c5dfa2f6d0ee22ff16,0.0,5,4,1,6a3fa2c4dfa2f6d0ee22ff0e,0,10,2,0.0,0.0,0.0,0.0,0.0,0.0
2026-04-19,6a3fa2c5dfa2f6d0ee22ff16,0.0,6,4,1,6a3fa2c4dfa2f6d0ee22ff0e,0,5,2,0.0,0.0,0.0,0.0,0.0,0.0
2026-04-20,6a3fa2c5dfa2f6d0ee22ff16,0.0,0,4,0,6a3fa2c4dfa2f6d0ee22ff0e,0,11,2,0.0,0.0,0.0,0.0,0.0,0.0
2026-04-21,6a3fa2c5dfa2f6d0ee22ff16,3.0,1,4,0,6a3fa2c4dfa2f6d0ee22ff0e,1,11,2,0.0,0.0,0.0,0.0,0.0,0.0
2026-04-22,6a3fa2c5dfa2f6d0ee22ff16,0.0,2,4,0,6a3fa2c4dfa2f6d0ee22ff0e,0,11,2,3.0,0.0,0.0,1.0,0.42857142857142855,1.1338934190276817
2026-04-23,6a3fa2c5dfa2f6d0ee22ff16,0.0,3,4,0,6a3fa2c4dfa2f6d0ee22ff0e,0,10,2,0.0,3.0,0.0,1.0,0.42857142857142855,1.1338934190276817
2026-04-24,6a3fa2c5dfa2f6d0ee22ff16,1.0,4,4,0,6a3fa2c4dfa2f6d0ee22ff0e,1,12,2,0.0,0.0,0.0,1.0,0.42857142857142855,1.1338934190276817
2026-04-25,6a3fa2c5dfa2f6d0ee22ff16,0.0,5,4,1,6a3fa2c4dfa2f6d0ee22ff0e,0,10,2,1.0,0.0,0.0,0.3333333333333333,0.5714285714285714,1.1338934190276817
2026-04-26,6a3fa2c5dfa2f6d0ee22ff16,0.0,6,4,1,6a3fa2c4dfa2f6d0ee22ff0e,0,5,2,0.0,1.0,0.0,0.3333333333333333,0.5714285714285714,1.1338934190276817
2026-04-27,6a3fa2c5dfa2f6d0ee22ff16,0.0,0,4,0,6a3fa2c4dfa2f6d0ee22ff0e,0,11,2,0.0,0.0,0.0,0.3333333333333333,0.5714285714285714,1.1338934190276817
2026-04-28,6a3fa2c5dfa2f6d0ee22ff16,4.0,1,4,0,6a3fa2c4dfa2f6d0ee22ff0e,1,11,2,0.0,0.0,3.0,0.0,0.5714285714285714,1.1338934190276817
2026-04-29,6a3fa2c5dfa2f6d0ee22ff16,0.0,2,4,0,6a3fa2c4dfa2f6d0ee22ff0e,0,11,2,4.0,0.0,0.0,1.3333333333333333,0.7142857142857143,1.4960264830861911
2026-04-30,6a3fa2c5dfa2f6d0ee22ff16,0.0,3,4,0,6a3fa2c4dfa2f6d0ee22ff0e,0,10,2,0.0,4.0,0.0,1.3333333333333333,0.7142857142857143,1.4960264830861911
2026-05-01,6a3fa2c5dfa2f6d0ee22ff16,0.0,4,5,0,6a3fa2c4dfa2f6d0ee22ff0e,1,12,2,0.0,0.0,1.0,1.3333333333333333,0.7142857142857143,1.4960264830861911
2026-05-02,6a3fa2c5dfa2f6d0ee22ff16,0.0,5,5,1,6a3fa2c4dfa2f6d0ee22ff0e,0,10,2,0.0,0.0,0.0,0.0,0.5714285714285714,1.5118578920369088
2026-05-03,6a3fa2c5dfa2f6d0ee22ff16,0.0,6,5,1,6a3fa2c4dfa2f6d0ee22ff0e,0,5,2,0.0,0.0,0.0,0.0,0.5714285714285714,1.5118578920369088
2026-05-04,6a3fa2c5dfa2f6d0ee22ff16,0.0,0,5,0,6a3fa2c4dfa2f6d0ee22ff0e,0,11,2,0.0,0.0,0.0,0.0,0.5714285714285714,1.5118578920369088
2026-05-05,6a3fa2c5dfa2f6d0ee22ff16,0.0,1,5,0,6a3fa2c4dfa2f6d0ee22ff0e,1,11,2,0.0,0.0,4.0,0.0,0.5714285714285714,1.5118578920369088
2026-05-06,6a3fa2c5dfa2f6d0ee22ff16,0.0,2,5,0,6a3fa2c4dfa2f6d0ee22ff0e,0,11,2,0.0,0.0,0.0,0.0,0.0,0.0
2026-05-07,6a3fa2c5dfa2f6d0ee22ff16,0.0,3,5,0,6a3fa2c4dfa2f6d0ee22ff0e,0,10,2,0.0,0.0,0.0,0.0,0.0,0.0
2026-05-08,6a3fa2c5dfa2f6d0ee22ff16,3.0,4,5,0,6a3fa2c4dfa2f6d0ee22ff0e,1,12,2,0.0,0.0,0.0,0.0,0.0,0.0
2026-05-09,6a3fa2c5dfa2f6d0ee22ff16,0.0,5,5,1,6a3fa2c4dfa2f6d0ee22ff0e,0,10,2,3.0,0.0,0.0,1.0,0.42857142857142855,1.1338934190276817
2026-05-10,6a3fa2c5dfa2f6d0ee22ff16,0.0,6,5,1,6a3fa2c4dfa2f6d0ee22ff0e,0,5,2,0.0,3.0,0.0,1.0,0.42857142857142855,1.1338934190276817
2026-05-11,6a3fa2c5dfa2f6d0ee22ff16,0.0,0,5,0,6a3fa2c4dfa2f6d0ee22ff0e,0,11,2,0.0,0.0,0.0,1.0,0.42857142857142855,1.1338934190276817
2026-05-12,6a3fa2c5dfa2f6d0ee22ff16,0.0,1,5,0,6a3fa2c4dfa2f6d0ee22ff0e,1,11,2,0.0,0.0,0.0,0.0,0.42857142857142855,1.1338934190276817
2026-05-13,6a3fa2c5dfa2f6d0ee22ff16,0.0,2,5,0,6a3fa2c4dfa2f6d0ee22ff0e,0,11,2,0.0,0.0,0.0,0.0,0.42857142857142855,1.1338934190276817
2026-05-14,6a3fa2c5dfa2f6d0ee22ff16,0.0,3,5,0,6a3fa2c4dfa2f6d0ee22ff0e,0,10,2,0.0,0.0,0.0,0.0,0.42857142857142855,1.1338934190276817
2026-05-15,6a3fa2c5dfa2f6d0ee22ff16,0.0,4,5,0,6a3fa2c4dfa2f6d0ee22ff0e,1,12,2,0.0,0.0,3.0,0.0,0.42857142857142855,1.1338934190276817
2026-05-16,6a3fa2c5dfa2f6d0ee22ff16,0.0,5,5,1,6a3fa2c4dfa2f6d0ee22ff0e,0,10,2,0.0,0.0,0.0,0.0,0.0,0.0
2026-05-17,6a3fa2c5dfa2f6d0ee22ff16,0.0,6,5,1,6a3fa2c4dfa2f6d0ee22ff0e,0,5,2,0.0,0.0,0.0,0.0,0.0,0.0
2026-05-18,6a3fa2c5dfa2f6d0ee22ff16,0.0,0,5,0,6a3fa2c4dfa2f6d0ee22ff0e,0,11,2,0.0,0.0,0.0,0.0,0.0,0.0
2026-05-19,6a3fa2c5dfa2f6d0ee22ff16,3.0,1,5,0,6a3fa2c4dfa2f6d0ee22ff0e,1,11,2,0.0,0.0,0.0,0.0,0.0,0.0
2026-05-20,6a3fa2c5dfa2f6d0ee22ff16,0.0,2,5,0,6a3fa2c4dfa2f6d0ee22ff0e,0,11,2,3.0,0.0,0.0,1.0,0.42857142857142855,1.1338934190276817
2026-05-21,6a3fa2c5dfa2f6d0ee22ff16,0.0,3,5,0,6a3fa2c4dfa2f6d0ee22ff0e,0,10,2,0.0,3.0,0.0,1.0,0.42857142857142855,1.1338934190276817
2026-05-22,6a3fa2c5dfa2f6d0ee22ff16,0.0,4,5,0,6a3fa2c4dfa2f6d0ee22ff0e,1,12,2,0.0,0.0,0.0,1.0,0.42857142857142855,1.1338934190276817
2026-05-23,6a3fa2c5dfa2f6d0ee22ff16,0.0,5,5,1,6a3fa2c4dfa2f6d0ee22ff0e,0,10,2,0.0,0.0,0.0,0.0,0.42857142857142855,1.1338934190276817
2026-05-24,6a3fa2c5dfa2f6d0ee22ff16,0.0,6,5,1,6a3fa2c4dfa2f6d0ee22ff0e,0,5,2,0.0,0.0,0.0,0.0,0.42857142857142855,1.1338934190276817
2026-05-25,6a3fa2c5dfa2f6d0ee22ff16,0.0,0,5,0,6a3fa2c4dfa2f6d0ee22ff0e,0,11,2,0.0,0.0,0.0,0.0,0.42857142857142855,1.1338934190276817
2026-05-26,6a3fa2c5dfa2f6d0ee22ff16,0.0,1,5,0,6a3fa2c4dfa2f6d0ee22ff0e,1,11,2,0.0,0.0,3.0,0.0,0.42857142857142855,1.1338934190276817
2026-05-27,6a3fa2c5dfa2f6d0ee22ff16,0.0,2,5,0,6a3fa2c4dfa2f6d0ee22ff0e,0,11,2,0.0,0.0,0.0,0.0,0.0,0.0
2026-05-28,6a3fa2c5dfa2f6d0ee22ff16,0.0,3,5,0,6a3fa2c4dfa2f6d0ee22ff0e,0,10,2,0.0,0.0,0.0,0.0,0.0,0.0
2026-05-29,6a3fa2c5dfa2f6d0ee22ff16,1.0,4,5,0,6a3fa2c4dfa2f6d0ee22ff0e,1,12,2,0.0,0.0,0.0,0.0,0.0,0.0
2026-05-30,6a3fa2c5dfa2f6d0ee22ff16,0.0,5,5,1,6a3fa2c4dfa2f6d0ee22ff0e,0,10,2,1.0,0.0,0.0,0.3333333333333333,0.14285714285714285,0.37796447300922725
2026-05-31,6a3fa2c5dfa2f6d0ee22ff16,0.0,6,5,1,6a3fa2c4dfa2f6d0ee22ff0e,0,5,2,0.0,1.0,0.0,0.3333333333333333,0.14285714285714285,0.37796447300922725
2026-06-01,6a3fa2c5dfa2f6d0ee22ff16,0.0,0,6,0,6a3fa2c4dfa2f6d0ee22ff0e,0,11,2,0.0,0.0,0.0,0.3333333333333333,0.14285714285714285,0.37796447300922725
2026-06-02,6a3fa2c5dfa2f6d0ee22ff16,0.0,1,6,0,6a3fa2c4dfa2f6d0ee22ff0e,1,11,2,0.0,0.0,0.0,0.0,0.14285714285714285,0.37796447300922725
2026-06-03,6a3fa2c5dfa2f6d0ee22ff16,0.0,2,6,0,6a3fa2c4dfa2f6d0ee22ff0e,0,11,2,0.0,0.0,0.0,0.0,0.14285714285714285,0.37796447300922725
2026-06-04,6a3fa2c5dfa2f6d0ee22ff16,0.0,3,6,0,6a3fa2c4dfa2f6d0ee22ff0e,0,10,2,0.0,0.0,0.0,0.0,0.14285714285714285,0.37796447300922725
2026-06-05,6a3fa2c5dfa2f6d0ee22ff16,0.0,4,6,0,6a3fa2c4dfa2f6d0ee22ff0e,1,12,2,0.0,0.0,1.0,0.0,0.14285714285714285,0.37796447300922725
2026-06-06,6a3fa2c5dfa2f6d0ee22ff16,0.0,5,6,1,6a3fa2c4dfa2f6d0ee22ff0e,0,10,2,0.0,0.0,0.0,0.0,0.0,0.0
2026-06-07,6a3fa2c5dfa2f6d0ee22ff16,0.0,6,6,1,6a3fa2c4dfa2f6d0ee22ff0e,0,5,2,0.0,0.0,0.0,0.0,0.0,0.0
2026-06-08,6a3fa2c5dfa2f6d0ee22ff16,0.0,0,6,0,6a3fa2c4dfa2f6d0ee22ff0e,0,11,2,0.0,0.0,0.0,0.0,0.0,0.0
2026-06-09,6a3fa2c5dfa2f6d0ee22ff16,3.0,1,6,0,6a3fa2c4dfa2f6d0ee22ff0e,1,11,2,0.0,0.0,0.0,0.0,0.0,0.0
2026-06-10,6a3fa2c5dfa2f6d0ee22ff16,0.0,2,6,0,6a3fa2c4dfa2f6d0ee22ff0e,0,11,2,3.0,0.0,0.0,1.0,0.42857142857142855,1.1338934190276817
2026-06-11,6a3fa2c5dfa2f6d0ee22ff16,0.0,3,6,0,6a3fa2c4dfa2f6d0ee22ff0e,0,10,2,0.0,3.0,0.0,1.0,0.42857142857142855,1.1338934190276817
2026-06-12,6a3fa2c5dfa2f6d0ee22ff16,1.0,4,6,0,6a3fa2c4dfa2f6d0ee22ff0e,1,12,2,0.0,0.0,0.0,1.0,0.42857142857142855,1.1338934190276817
2026-06-13,6a3fa2c5dfa2f6d0ee22ff16,0.0,5,6,1,6a3fa2c4dfa2f6d0ee22ff0e,0,10,2,1.0,0.0,0.0,0.3333333333333333,0.5714285714285714,1.1338934190276817
2026-06-14,6a3fa2c5dfa2f6d0ee22ff16,0.0,6,6,1,6a3fa2c4dfa2f6d0ee22ff0e,0,5,2,0.0,1.0,0.0,0.3333333333333333,0.5714285714285714,1.1338934190276817
2026-06-15,6a3fa2c5dfa2f6d0ee22ff16,0.0,0,6,0,6a3fa2c4dfa2f6d0ee22ff0e,0,11,2,0.0,0.0,0.0,0.3333333333333333,0.5714285714285714,1.1338934190276817
2026-06-16,6a3fa2c5dfa2f6d0ee22ff16,1.0,1,6,0,6a3fa2c4dfa2f6d0ee22ff0e,1,11,2,0.0,0.0,3.0,0.0,0.5714285714285714,1.1338934190276817
2026-06-17,6a3fa2c5dfa2f6d0ee22ff16,0.0,2,6,0,6a3fa2c4dfa2f6d0ee22ff0e,0,11,2,1.0,0.0,0.0,0.3333333333333333,0.2857142857142857,0.48795003647426655
2026-06-18,6a3fa2c5dfa2f6d0ee22ff16,0.0,3,6,0,6a3fa2c4dfa2f6d0ee22ff0e,0,10,2,0.0,1.0,0.0,0.3333333333333333,0.2857142857142857,0.48795003647426655
2026-06-19,6a3fa2c5dfa2f6d0ee22ff16,1.0,4,6,0,6a3fa2c4dfa2f6d0ee22ff0e,1,12,2,0.0,0.0,1.0,0.3333333333333333,0.2857142857142857,0.48795003647426655
2026-06-20,6a3fa2c5dfa2f6d0ee22ff16,0.0,5,6,1,6a3fa2c4dfa2f6d0ee22ff0e,0,10,2,1.0,0.0,0.0,0.3333333333333333,0.2857142857142857,0.48795003647426655
2026-06-21,6a3fa2c5dfa2f6d0ee22ff16,0.0,6,6,1,6a3fa2c4dfa2f6d0ee22ff0e,0,5,2,0.0,1.0,0.0,0.3333333333333333,0.2857142857142857,0.48795003647426655
2026-06-22,6a3fa2c5dfa2f6d0ee22ff16,0.0,0,6,0,6a3fa2c4dfa2f6d0ee22ff0e,0,11,2,0.0,0.0,0.0,0.3333333333333333,0.2857142857142857,0.48795003647426655
2026-06-23,6a3fa2c5dfa2f6d0ee22ff16,0.0,1,6,0,6a3fa2c4dfa2f6d0ee22ff0e,1,11,2,0.0,0.0,1.0,0.0,0.2857142857142857,0.48795003647426655
2026-06-24,6a3fa2c5dfa2f6d0ee22ff16,0.0,2,6,0,6a3fa2c4dfa2f6d0ee22ff0e,0,11,2,0.0,0.0,0.0,0.0,0.14285714285714285,0.37796447300922714
2026-06-25,6a3fa2c5dfa2f6d0ee22ff16,0.0,3,6,0,6a3fa2c4dfa2f6d0ee22ff0e,0,10,2,0.0,0.0,0.0,0.0,0.14285714285714285,0.37796447300922714
2026-06-26,6a3fa2c5dfa2f6d0ee22ff16,0.0,4,6,0,6a3fa2c4dfa2f6d0ee22ff0e,1,12,2,0.0,0.0,1.0,0.0,0.14285714285714285,0.37796447300922714
2026-06-27,6a3fa2c5dfa2f6d0ee22ff16,0.0,5,6,1,6a3fa2c4dfa2f6d0ee22ff0e,0,10,2,0.0,0.0,0.0,0.0,0.0,0.0
2026-04-06,6a3fa2c5dfa2f6d0ee22ff17,0.0,0,4,0,6a3fa2c4dfa2f6d0ee22ff0e,0,11,2,0.0,0.0,0.0,0.0,0.2857142857142857,0.7559289460184545
2026-04-07,6a3fa2c5dfa2f6d0ee22ff17,2.0,1,4,0,6a3fa2c4dfa2f6d0ee22ff0e,1,11,2,0.0,0.0,2.0,0.0,0.2857142857142857,0.7559289460184545
2026-04-08,6a3fa2c5dfa2f6d0ee22ff17,0.0,2,4,0,6a3fa2c4dfa2f6d0ee22ff0e,0,11,2,2.0,0.0,0.0,0.6666666666666666,0.2857142857142857,0.7559289460184545
2026-04-09,6a3fa2c5dfa2f6d0ee22ff17,0.0,3,4,0,6a3fa2c4dfa2f6d0ee22ff0e,0,10,2,0.0,2.0,0.0,0.6666666666666666,0.2857142857142857,0.7559289460184545
2026-04-10,6a3fa2c5dfa2f6d0ee22ff17,0.0,4,4,0,6a3fa2c4dfa2f6d0ee22ff0e,1,12,2,0.0,0.0,0.0,0.6666666666666666,0.2857142857142857,0.7559289460184545
2026-04-11,6a3fa2c5dfa2f6d0ee22ff17,0.0,5,4,1,6a3fa2c4dfa2f6d0ee22ff0e,0,10,2,0.0,0.0,0.0,0.0,0.2857142857142857,0.7559289460184545
2026-04-12,6a3fa2c5dfa2f6d0ee22ff17,0.0,6,4,1,6a3fa2c4dfa2f6d0ee22ff0e,0,5,2,0.0,0.0,0.0,0.0,0.2857142857142857,0.7559289460184545
2026-04-13,6a3fa2c5dfa2f6d0ee22ff17,0.0,0,4,0,6a3fa2c4dfa2f6d0ee22ff0e,0,11,2,0.0,0.0,0.0,0.0,0.2857142857142857,0.7559289460184545
2026-04-14,6a3fa2c5dfa2f6d0ee22ff17,0.0,1,4,0,6a3fa2c4dfa2f6d0ee22ff0e,1,11,2,0.0,0.0,2.0,0.0,0.2857142857142857,0.7559289460184545
2026-04-15,6a3fa2c5dfa2f6d0ee22ff17,0.0,2,4,0,6a3fa2c4dfa2f6d0ee22ff0e,0,11,2,0.0,0.0,0.0,0.0,0.0,0.0
2026-04-16,6a3fa2c5dfa2f6d0ee22ff17,0.0,3,4,0,6a3fa2c4dfa2f6d0ee22ff0e,0,10,2,0.0,0.0,0.0,0.0,0.0,0.0
2026-04-17,6a3fa2c5dfa2f6d0ee22ff17,3.0,4,4,0,6a3fa2c4dfa2f6d0ee22ff0e,1,12,2,0.0,0.0,0.0,0.0,0.0,0.0
2026-04-18,6a3fa2c5dfa2f6d0ee22ff17,0.0,5,4,1,6a3fa2c4dfa2f6d0ee22ff0e,0,10,2,3.0,0.0,0.0,1.0,0.42857142857142855,1.1338934190276817
2026-04-19,6a3fa2c5dfa2f6d0ee22ff17,0.0,6,4,1,6a3fa2c4dfa2f6d0ee22ff0e,0,5,2,0.0,3.0,0.0,1.0,0.42857142857142855,1.1338934190276817
2026-04-20,6a3fa2c5dfa2f6d0ee22ff17,0.0,0,4,0,6a3fa2c4dfa2f6d0ee22ff0e,0,11,2,0.0,0.0,0.0,1.0,0.42857142857142855,1.1338934190276817
2026-04-21,6a3fa2c5dfa2f6d0ee22ff17,0.0,1,4,0,6a3fa2c4dfa2f6d0ee22ff0e,1,11,2,0.0,0.0,0.0,0.0,0.42857142857142855,1.1338934190276817
2026-04-22,6a3fa2c5dfa2f6d0ee22ff17,0.0,2,4,0,6a3fa2c4dfa2f6d0ee22ff0e,0,11,2,0.0,0.0,0.0,0.0,0.42857142857142855,1.1338934190276817
2026-04-23,6a3fa2c5dfa2f6d0ee22ff17,0.0,3,4,0,6a3fa2c4dfa2f6d0ee22ff0e,0,10,2,0.0,0.0,0.0,0.0,0.42857142857142855,1.1338934190276817
2026-04-24,6a3fa2c5dfa2f6d0ee22ff17,6.0,4,4,0,6a3fa2c4dfa2f6d0ee22ff0e,1,12,2,0.0,0.0,3.0,0.0,0.42857142857142855,1.1338934190276817
2026-04-25,6a3fa2c5dfa2f6d0ee22ff17,0.0,5,4,1,6a3fa2c4dfa2f6d0ee22ff0e,0,10,2,6.0,0.0,0.0,2.0,0.8571428571428571,2.2677868380553634
2026-04-26,6a3fa2c5dfa2f6d0ee22ff17,0.0,6,4,1,6a3fa2c4dfa2f6d0ee22ff0e,0,5,2,0.0,6.0,0.0,2.0,0.8571428571428571,2.2677868380553634
2026-04-27,6a3fa2c5dfa2f6d0ee22ff17,0.0,0,4,0,6a3fa2c4dfa2f6d0ee22ff0e,0,11,2,0.0,0.0,0.0,2.0,0.8571428571428571,2.2677868380553634
2026-04-28,6a3fa2c5dfa2f6d0ee22ff17,0.0,1,4,0,6a3fa2c4dfa2f6d0ee22ff0e,1,11,2,0.0,0.0,0.0,0.0,0.8571428571428571,2.2677868380553634
2026-04-29,6a3fa2c5dfa2f6d0ee22ff17,0.0,2,4,0,6a3fa2c4dfa2f6d0ee22ff0e,0,11,2,0.0,0.0,0.0,0.0,0.8571428571428571,2.2677868380553634
2026-04-30,6a3fa2c5dfa2f6d0ee22ff17,0.0,3,4,0,6a3fa2c4dfa2f6d0ee22ff0e,0,10,2,0.0,0.0,0.0,0.0,0.8571428571428571,2.2677868380553634
2026-05-01,6a3fa2c5dfa2f6d0ee22ff17,2.0,4,5,0,6a3fa2c4dfa2f6d0ee22ff0e,1,12,2,0.0,0.0,6.0,0.0,0.8571428571428571,2.2677868380553634
2026-05-02,6a3fa2c5dfa2f6d0ee22ff17,0.0,5,5,1,6a3fa2c4dfa2f6d0ee22ff0e,0,10,2,2.0,0.0,0.0,0.6666666666666666,0.2857142857142857,0.7559289460184545
2026-05-03,6a3fa2c5dfa2f6d0ee22ff17,0.0,6,5,1,6a3fa2c4dfa2f6d0ee22ff0e,0,5,2,0.0,2.0,0.0,0.6666666666666666,0.2857142857142857,0.7559289460184545
2026-05-04,6a3fa2c5dfa2f6d0ee22ff17,0.0,0,5,0,6a3fa2c4dfa2f6d0ee22ff0e,0,11,2,0.0,0.0,0.0,0.6666666666666666,0.2857142857142857,0.7559289460184545
2026-05-05,6a3fa2c5dfa2f6d0ee22ff17,0.0,1,5,0,6a3fa2c4dfa2f6d0ee22ff0e,1,11,2,0.0,0.0,0.0,0.0,0.2857142857142857,0.7559289460184545
2026-05-06,6a3fa2c5dfa2f6d0ee22ff17,0.0,2,5,0,6a3fa2c4dfa2f6d0ee22ff0e,0,11,2,0.0,0.0,0.0,0.0,0.2857142857142857,0.7559289460184545
2026-05-07,6a3fa2c5dfa2f6d0ee22ff17,0.0,3,5,0,6a3fa2c4dfa2f6d0ee22ff0e,0,10,2,0.0,0.0,0.0,0.0,0.2857142857142857,0.7559289460184545
2026-05-08,6a3fa2c5dfa2f6d0ee22ff17,3.0,4,5,0,6a3fa2c4dfa2f6d0ee22ff0e,1,12,2,0.0,0.0,2.0,0.0,0.2857142857142857,0.7559289460184545
2026-05-09,6a3fa2c5dfa2f6d0ee22ff17,0.0,5,5,1,6a3fa2c4dfa2f6d0ee22ff0e,0,10,2,3.0,0.0,0.0,1.0,0.42857142857142855,1.1338934190276817
2026-05-10,6a3fa2c5dfa2f6d0ee22ff17,0.0,6,5,1,6a3fa2c4dfa2f6d0ee22ff0e,0,5,2,0.0,3.0,0.0,1.0,0.42857142857142855,1.1338934190276817
2026-05-11,6a3fa2c5dfa2f6d0ee22ff17,0.0,0,5,0,6a3fa2c4dfa2f6d0ee22ff0e,0,11,2,0.0,0.0,0.0,1.0,0.42857142857142855,1.1338934190276817
2026-05-12,6a3fa2c5dfa2f6d0ee22ff17,1.0,1,5,0,6a3fa2c4dfa2f6d0ee22ff0e,1,11,2,0.0,0.0,0.0,0.0,0.42857142857142855,1.1338934190276817
2026-05-13,6a3fa2c5dfa2f6d0ee22ff17,0.0,2,5,0,6a3fa2c4dfa2f6d0ee22ff0e,0,11,2,1.0,0.0,0.0,0.3333333333333333,0.5714285714285714,1.1338934190276817
2026-05-14,6a3fa2c5dfa2f6d0ee22ff17,0.0,3,5,0,6a3fa2c4dfa2f6d0ee22ff0e,0,10,2,0.0,1.0,0.0,0.3333333333333333,0.5714285714285714,1.1338934190276817
2026-05-15,6a3fa2c5dfa2f6d0ee22ff17,0.0,4,5,0,6a3fa2c4dfa2f6d0ee22ff0e,1,12,2,0.0,0.0,3.0,0.3333333333333333,0.5714285714285714,1.1338934190276817
2026-05-16,6a3fa2c5dfa2f6d0ee22ff17,0.0,5,5,1,6a3fa2c4dfa2f6d0ee22ff0e,0,10,2,0.0,0.0,0.0,0.0,0.14285714285714285,0.37796447300922714
2026-05-17,6a3fa2c5dfa2f6d0ee22ff17,0.0,6,5,1,6a3fa2c4dfa2f6d0ee22ff0e,0,5,2,0.0,0.0,0.0,0.0,0.14285714285714285,0.37796447300922714
2026-05-18,6a3fa2c5dfa2f6d0ee22ff17,0.0,0,5,0,6a3fa2c4dfa2f6d0ee22ff0e,0,11,2,0.0,0.0,0.0,0.0,0.14285714285714285,0.37796447300922714
2026-05-19,6a3fa2c5dfa2f6d0ee22ff17,0.0,1,5,0,6a3fa2c4dfa2f6d0ee22ff0e,1,11,2,0.0,0.0,1.0,0.0,0.14285714285714285,0.37796447300922714
2026-05-20,6a3fa2c5dfa2f6d0ee22ff17,0.0,2,5,0,6a3fa2c4dfa2f6d0ee22ff0e,0,11,2,0.0,0.0,0.0,0.0,0.0,0.0
2026-05-21,6a3fa2c5dfa2f6d0ee22ff17,0.0,3,5,0,6a3fa2c4dfa2f6d0ee22ff0e,0,10,2,0.0,0.0,0.0,0.0,0.0,0.0
2026-05-22,6a3fa2c5dfa2f6d0ee22ff17,1.0,4,5,0,6a3fa2c4dfa2f6d0ee22ff0e,1,12,2,0.0,0.0,0.0,0.0,0.0,0.0
2026-05-23,6a3fa2c5dfa2f6d0ee22ff17,0.0,5,5,1,6a3fa2c4dfa2f6d0ee22ff0e,0,10,2,1.0,0.0,0.0,0.3333333333333333,0.14285714285714285,0.37796447300922725
2026-05-24,6a3fa2c5dfa2f6d0ee22ff17,0.0,6,5,1,6a3fa2c4dfa2f6d0ee22ff0e,0,5,2,0.0,1.0,0.0,0.3333333333333333,0.14285714285714285,0.37796447300922725
2026-05-25,6a3fa2c5dfa2f6d0ee22ff17,0.0,0,5,0,6a3fa2c4dfa2f6d0ee22ff0e,0,11,2,0.0,0.0,0.0,0.3333333333333333,0.14285714285714285,0.37796447300922725
2026-05-26,6a3fa2c5dfa2f6d0ee22ff17,0.0,1,5,0,6a3fa2c4dfa2f6d0ee22ff0e,1,11,2,0.0,0.0,0.0,0.0,0.14285714285714285,0.37796447300922725
2026-05-27,6a3fa2c5dfa2f6d0ee22ff17,0.0,2,5,0,6a3fa2c4dfa2f6d0ee22ff0e,0,11,2,0.0,0.0,0.0,0.0,0.14285714285714285,0.37796447300922725
2026-05-28,6a3fa2c5dfa2f6d0ee22ff17,0.0,3,5,0,6a3fa2c4dfa2f6d0ee22ff0e,0,10,2,0.0,0.0,0.0,0.0,0.14285714285714285,0.37796447300922725
2026-05-29,6a3fa2c5dfa2f6d0ee22ff17,0.0,4,5,0,6a3fa2c4dfa2f6d0ee22ff0e,1,12,2,0.0,0.0,1.0,0.0,0.14285714285714285,0.37796447300922725
2026-05-30,6a3fa2c5dfa2f6d0ee22ff17,0.0,5,5,1,6a3fa2c4dfa2f6d0ee22ff0e,0,10,2,0.0,0.0,0.0,0.0,0.0,0.0
2026-05-31,6a3fa2c5dfa2f6d0ee22ff17,0.0,6,5,1,6a3fa2c4dfa2f6d0ee22ff0e,0,5,2,0.0,0.0,0.0,0.0,0.0,0.0
2026-06-01,6a3fa2c5dfa2f6d0ee22ff17,0.0,0,6,0,6a3fa2c4dfa2f6d0ee22ff0e,0,11,2,0.0,0.0,0.0,0.0,0.0,0.0
2026-06-02,6a3fa2c5dfa2f6d0ee22ff17,0.0,1,6,0,6a3fa2c4dfa2f6d0ee22ff0e,1,11,2,0.0,0.0,0.0,0.0,0.0,0.0
2026-06-03,6a3fa2c5dfa2f6d0ee22ff17,0.0,2,6,0,6a3fa2c4dfa2f6d0ee22ff0e,0,11,2,0.0,0.0,0.0,0.0,0.0,0.0
2026-06-04,6a3fa2c5dfa2f6d0ee22ff17,0.0,3,6,0,6a3fa2c4dfa2f6d0ee22ff0e,0,10,2,0.0,0.0,0.0,0.0,0.0,0.0
2026-06-05,6a3fa2c5dfa2f6d0ee22ff17,2.0,4,6,0,6a3fa2c4dfa2f6d0ee22ff0e,1,12,2,0.0,0.0,0.0,0.0,0.0,0.0
2026-06-06,6a3fa2c5dfa2f6d0ee22ff17,0.0,5,6,1,6a3fa2c4dfa2f6d0ee22ff0e,0,10,2,2.0,0.0,0.0,0.6666666666666666,0.2857142857142857,0.7559289460184545
2026-06-07,6a3fa2c5dfa2f6d0ee22ff17,0.0,6,6,1,6a3fa2c4dfa2f6d0ee22ff0e,0,5,2,0.0,2.0,0.0,0.6666666666666666,0.2857142857142857,0.7559289460184545
2026-06-08,6a3fa2c5dfa2f6d0ee22ff17,0.0,0,6,0,6a3fa2c4dfa2f6d0ee22ff0e,0,11,2,0.0,0.0,0.0,0.6666666666666666,0.2857142857142857,0.7559289460184545
2026-06-09,6a3fa2c5dfa2f6d0ee22ff17,3.0,1,6,0,6a3fa2c4dfa2f6d0ee22ff0e,1,11,2,0.0,0.0,0.0,0.0,0.2857142857142857,0.7559289460184545
2026-06-10,6a3fa2c5dfa2f6d0ee22ff17,0.0,2,6,0,6a3fa2c4dfa2f6d0ee22ff0e,0,11,2,3.0,0.0,0.0,1.0,0.7142857142857143,1.2535663410560174
2026-06-11,6a3fa2c5dfa2f6d0ee22ff17,0.0,3,6,0,6a3fa2c4dfa2f6d0ee22ff0e,0,10,2,0.0,3.0,0.0,1.0,0.7142857142857143,1.2535663410560174
2026-06-12,6a3fa2c5dfa2f6d0ee22ff17,3.0,4,6,0,6a3fa2c4dfa2f6d0ee22ff0e,1,12,2,0.0,0.0,2.0,1.0,0.7142857142857143,1.2535663410560174
2026-06-13,6a3fa2c5dfa2f6d0ee22ff17,0.0,5,6,1,6a3fa2c4dfa2f6d0ee22ff0e,0,10,2,3.0,0.0,0.0,1.0,0.8571428571428571,1.4638501094227998
2026-06-14,6a3fa2c5dfa2f6d0ee22ff17,0.0,6,6,1,6a3fa2c4dfa2f6d0ee22ff0e,0,5,2,0.0,3.0,0.0,1.0,0.8571428571428571,1.4638501094227998
2026-06-15,6a3fa2c5dfa2f6d0ee22ff17,0.0,0,6,0,6a3fa2c4dfa2f6d0ee22ff0e,0,11,2,0.0,0.0,0.0,1.0,0.8571428571428571,1.4638501094227998
2026-06-16,6a3fa2c5dfa2f6d0ee22ff17,5.0,1,6,0,6a3fa2c4dfa2f6d0ee22ff0e,1,11,2,0.0,0.0,3.0,0.0,0.8571428571428571,1.4638501094227998
2026-06-17,6a3fa2c5dfa2f6d0ee22ff17,0.0,2,6,0,6a3fa2c4dfa2f6d0ee22ff0e,0,11,2,5.0,0.0,0.0,1.6666666666666667,1.1428571428571428,2.0354009783964297
2026-06-18,6a3fa2c5dfa2f6d0ee22ff17,0.0,3,6,0,6a3fa2c4dfa2f6d0ee22ff0e,0,10,2,0.0,5.0,0.0,1.6666666666666667,1.1428571428571428,2.0354009783964297
2026-06-19,6a3fa2c5dfa2f6d0ee22ff17,1.0,4,6,0,6a3fa2c4dfa2f6d0ee22ff0e,1,12,2,0.0,0.0,3.0,1.6666666666666667,1.1428571428571428,2.0354009783964297
2026-06-20,6a3fa2c5dfa2f6d0ee22ff17,0.0,5,6,1,6a3fa2c4dfa2f6d0ee22ff0e,0,10,2,1.0,0.0,0.0,0.3333333333333333,0.8571428571428571,1.864454471471609
2026-06-21,6a3fa2c5dfa2f6d0ee22ff17,0.0,6,6,1,6a3fa2c4dfa2f6d0ee22ff0e,0,5,2,0.0,1.0,0.0,0.3333333333333333,0.8571428571428571,1.864454471471609
2026-06-22,6a3fa2c5dfa2f6d0ee22ff17,0.0,0,6,0,6a3fa2c4dfa2f6d0ee22ff0e,0,11,2,0.0,0.0,0.0,0.3333333333333333,0.8571428571428571,1.864454471471609
2026-06-23,6a3fa2c5dfa2f6d0ee22ff17,1.0,1,6,0,6a3fa2c4dfa2f6d0ee22ff0e,1,11,2,0.0,0.0,5.0,0.0,0.8571428571428571,1.864454471471609
2026-06-24,6a3fa2c5dfa2f6d0ee22ff17,0.0,2,6,0,6a3fa2c4dfa2f6d0ee22ff0e,0,11,2,1.0,0.0,0.0,0.3333333333333333,0.2857142857142857,0.48795003647426816
2026-06-25,6a3fa2c5dfa2f6d0ee22ff17,0.0,3,6,0,6a3fa2c4dfa2f6d0ee22ff0e,0,10,2,0.0,1.0,0.0,0.3333333333333333,0.2857142857142857,0.48795003647426816
2026-06-26,6a3fa2c5dfa2f6d0ee22ff17,0.0,4,6,0,6a3fa2c4dfa2f6d0ee22ff0e,1,12,2,0.0,0.0,1.0,0.3333333333333333,0.2857142857142857,0.48795003647426816
2026-06-27,6a3fa2c5dfa2f6d0ee22ff17,0.0,5,6,1,6a3fa2c4dfa2f6d0ee22ff0e,0,10,2,0.0,0.0,0.0,0.0,0.14285714285714285,0.3779644730092293
2026-04-06,6a3fa2c6dfa2f6d0ee22ff18,0.0,0,4,0,6a3fa2c4dfa2f6d0ee22ff0f,0,11,4,4.0,5.0,0.0,3.0,1.2857142857142858,2.214669705568283
2026-04-07,6a3fa2c6dfa2f6d0ee22ff18,0.0,1,4,0,6a3fa2c4dfa2f6d0ee22ff0f,0,11,4,0.0,4.0,0.0,3.0,1.2857142857142858,2.214669705568283
2026-04-08,6a3fa2c6dfa2f6d0ee22ff18,3.0,2,4,0,6a3fa2c4dfa2f6d0ee22ff0f,1,11,4,0.0,0.0,0.0,1.3333333333333333,1.2857142857142858,2.214669705568283
2026-04-09,6a3fa2c6dfa2f6d0ee22ff18,0.0,3,4,0,6a3fa2c4dfa2f6d0ee22ff0f,0,10,4,3.0,0.0,0.0,1.0,1.7142857142857142,2.214669705568283
2026-04-10,6a3fa2c6dfa2f6d0ee22ff18,0.0,4,4,0,6a3fa2c4dfa2f6d0ee22ff0f,1,12,4,0.0,3.0,0.0,1.0,1.7142857142857142,2.214669705568283
2026-04-11,6a3fa2c6dfa2f6d0ee22ff18,0.0,5,4,1,6a3fa2c4dfa2f6d0ee22ff0f,1,10,4,0.0,0.0,5.0,1.0,1.7142857142857142,2.214669705568283
2026-04-12,6a3fa2c6dfa2f6d0ee22ff18,1.0,6,4,1,6a3fa2c4dfa2f6d0ee22ff0f,1,5,4,0.0,0.0,4.0,0.0,1.0,1.7320508075688774
2026-04-13,6a3fa2c6dfa2f6d0ee22ff18,0.0,0,4,0,6a3fa2c4dfa2f6d0ee22ff0f,0,11,4,1.0,0.0,0.0,0.3333333333333333,0.5714285714285714,1.133893419027682
2026-04-14,6a3fa2c6dfa2f6d0ee22ff18,0.0,1,4,0,6a3fa2c4dfa2f6d0ee22ff0f,0,11,4,0.0,1.0,0.0,0.3333333333333333,0.5714285714285714,1.133893419027682
2026-04-15,6a3fa2c6dfa2f6d0ee22ff18,3.0,2,4,0,6a3fa2c4dfa2f6d0ee22ff0f,1,11,4,0.0,0.0,3.0,0.3333333333333333,0.5714285714285714,1.133893419027682
2026-04-16,6a3fa2c6dfa2f6d0ee22ff18,0.0,3,4,0,6a3fa2c4dfa2f6d0ee22ff0f,0,10,4,3.0,0.0,0.0,1.0,0.5714285714285714,1.133893419027682
2026-04-17,6a3fa2c6dfa2f6d0ee22ff18,0.0,4,4,0,6a3fa2c4dfa2f6d0ee22ff0f,1,12,4,0.0,3.0,0.0,1.0,0.5714285714285714,1.133893419027682
2026-04-18,6a3fa2c6dfa2f6d0ee22ff18,2.0,5,4,1,6a3fa2c4dfa2f6d0ee22ff0f,1,10,4,0.0,0.0,0.0,1.0,0.5714285714285714,1.133893419027682
2026-04-19,6a3fa2c6dfa2f6d0ee22ff18,0.0,6,4,1,6a3fa2c4dfa2f6d0ee22ff0f,1,5,4,2.0,0.0,1.0,0.6666666666666666,0.8571428571428571,1.214985792587912
2026-04-20,6a3fa2c6dfa2f6d0ee22ff18,0.0,0,4,0,6a3fa2c4dfa2f6d0ee22ff0f,0,11,4,0.0,2.0,0.0,0.6666666666666666,0.7142857142857143,1.2535663410560176
2026-04-21,6a3fa2c6dfa2f6d0ee22ff18,0.0,1,4,0,6a3fa2c4dfa2f6d0ee22ff0f,0,11,4,0.0,0.0,0.0,0.6666666666666666,0.7142857142857143,1.2535663410560176
2026-04-22,6a3fa2c6dfa2f6d0ee22ff18,3.0,2,4,0,6a3fa2c4dfa2f6d0ee22ff0f,1,11,4,0.0,0.0,3.0,0.0,0.7142857142857143,1.2535663410560176
2026-04-23,6a3fa2c6dfa2f6d0ee22ff18,0.0,3,4,0,6a3fa2c4dfa2f6d0ee22ff0f,0,10,4,3.0,0.0,0.0,1.0,0.7142857142857143,1.2535663410560176
2026-04-24,6a3fa2c6dfa2f6d0ee22ff18,0.0,4,4,0,6a3fa2c4dfa2f6d0ee22ff0f,1,12,4,0.0,3.0,0.0,1.0,0.7142857142857143,1.2535663410560176
2026-04-25,6a3fa2c6dfa2f6d0ee22ff18,0.0,5,4,1,6a3fa2c4dfa2f6d0ee22ff0f,1,10,4,0.0,0.0,2.0,1.0,0.7142857142857143,1.2535663410560176
2026-04-26,6a3fa2c6dfa2f6d0ee22ff18,0.0,6,4,1,6a3fa2c4dfa2f6d0ee22ff0f,1,5,4,0.0,0.0,0.0,0.0,0.42857142857142855,1.133893419027682
2026-04-27,6a3fa2c6dfa2f6d0ee22ff18,0.0,0,4,0,6a3fa2c4dfa2f6d0ee22ff0f,0,11,4,0.0,0.0,0.0,0.0,0.42857142857142855,1.133893419027682
2026-04-28,6a3fa2c6dfa2f6d0ee22ff18,0.0,1,4,0,6a3fa2c4dfa2f6d0ee22ff0f,0,11,4,0.0,0.0,0.0,0.0,0.42857142857142855,1.133893419027682
2026-04-29,6a3fa2c6dfa2f6d0ee22ff18,3.0,2,4,0,6a3fa2c4dfa2f6d0ee22ff0f,1,11,4,0.0,0.0,3.0,0.0,0.42857142857142855,1.133893419027682
2026-04-30,6a3fa2c6dfa2f6d0ee22ff18,0.0,3,4,0,6a3fa2c4dfa2f6d0ee22ff0f,0,10,4,3.0,0.0,0.0,1.0,0.42857142857142855,1.1338934190276817
2026-05-01,6a3fa2c6dfa2f6d0ee22ff18,0.0,4,5,0,6a3fa2c4dfa2f6d0ee22ff0f,1,12,4,0.0,3.0,0.0,1.0,0.42857142857142855,1.1338934190276817
2026-05-02,6a3fa2c6dfa2f6d0ee22ff18,2.0,5,5,1,6a3fa2c4dfa2f6d0ee22ff0f,1,10,4,0.0,0.0,0.0,1.0,0.42857142857142855,1.1338934190276817
2026-05-03,6a3fa2c6dfa2f6d0ee22ff18,0.0,6,5,1,6a3fa2c4dfa2f6d0ee22ff0f,1,5,4,2.0,0.0,0.0,0.6666666666666666,0.7142857142857143,1.2535663410560174
2026-05-04,6a3fa2c6dfa2f6d0ee22ff18,0.0,0,5,0,6a3fa2c4dfa2f6d0ee22ff0f,0,11,4,0.0,2.0,0.0,0.6666666666666666,0.7142857142857143,1.2535663410560174
2026-05-05,6a3fa2c6dfa2f6d0ee22ff18,0.0,1,5,0,6a3fa2c4dfa2f6d0ee22ff0f,0,11,4,0.0,0.0,0.0,0.6666666666666666,0.7142857142857143,1.2535663410560174
2026-05-06,6a3fa2c6dfa2f6d0ee22ff18,1.0,2,5,0,6a3fa2c4dfa2f6d0ee22ff0f,1,11,4,0.0,0.0,3.0,0.0,0.7142857142857143,1.2535663410560174
2026-05-07,6a3fa2c6dfa2f6d0ee22ff18,0.0,3,5,0,6a3fa2c4dfa2f6d0ee22ff0f,0,10,4,1.0,0.0,0.0,0.3333333333333333,0.42857142857142855,0.7867957924694432
2026-05-08,6a3fa2c6dfa2f6d0ee22ff18,2.0,4,5,0,6a3fa2c4dfa2f6d0ee22ff0f,1,12,4,0.0,1.0,0.0,0.3333333333333333,0.42857142857142855,0.7867957924694432
2026-05-09,6a3fa2c6dfa2f6d0ee22ff18,8.0,5,5,1,6a3fa2c4dfa2f6d0ee22ff0f,1,10,4,2.0,0.0,2.0,1.0,0.7142857142857143,0.9511897312113419
2026-05-10,6a3fa2c6dfa2f6d0ee22ff18,9.0,6,5,1,6a3fa2c4dfa2f6d0ee22ff0f,1,5,4,8.0,2.0,0.0,3.3333333333333335,1.5714285714285714,2.9358214555806383
2026-05-11,6a3fa2c6dfa2f6d0ee22ff18,0.0,0,5,0,6a3fa2c4dfa2f6d0ee22ff0f,0,11,4,9.0,8.0,0.0,6.333333333333333,2.857142857142857,3.933978962347216
2026-05-12,6a3fa2c6dfa2f6d0ee22ff18,0.0,1,5,0,6a3fa2c4dfa2f6d0ee22ff0f,0,11,4,0.0,9.0,0.0,5.666666666666667,2.857142857142857,3.933978962347216
2026-05-13,6a3fa2c6dfa2f6d0ee22ff18,1.0,2,5,0,6a3fa2c4dfa2f6d0ee22ff0f,1,11,4,0.0,0.0,1.0,3.0,2.857142857142857,3.933978962347216
2026-05-14,6a3fa2c6dfa2f6d0ee22ff18,0.0,3,5,0,6a3fa2c4dfa2f6d0ee22ff0f,0,10,4,1.0,0.0,0.0,0.3333333333333333,2.857142857142857,3.933978962347216
2026-05-15,6a3fa2c6dfa2f6d0ee22ff18,0.0,4,5,0,6a3fa2c4dfa2f6d0ee22ff0f,1,12,4,0.0,1.0,2.0,0.3333333333333333,2.857142857142857,3.933978962347216
2026-05-16,6a3fa2c6dfa2f6d0ee22ff18,0.0,5,5,1,6a3fa2c4dfa2f6d0ee22ff0f,1,10,4,0.0,0.0,8.0,0.3333333333333333,2.5714285714285716,4.07664661444276
2026-05-17,6a3fa2c6dfa2f6d0ee22ff18,0.0,6,5,1,6a3fa2c4dfa2f6d0ee22ff0f,1,5,4,0.0,0.0,9.0,0.0,1.4285714285714286,3.359421718944242
2026-05-18,6a3fa2c6dfa2f6d0ee22ff18,0.0,0,5,0,6a3fa2c4dfa2f6d0ee22ff0f,0,11,4,0.0,0.0,0.0,0.0,0.14285714285714285,0.37796447300923247
2026-05-19,6a3fa2c6dfa2f6d0ee22ff18,0.0,1,5,0,6a3fa2c4dfa2f6d0ee22ff0f,0,11,4,0.0,0.0,0.0,0.0,0.14285714285714285,0.37796447300923247
2026-05-20,6a3fa2c6dfa2f6d0ee22ff18,2.0,2,5,0,6a3fa2c4dfa2f6d0ee22ff0f,1,11,4,0.0,0.0,1.0,0.0,0.14285714285714285,0.37796447300923247
2026-05-21,6a3fa2c6dfa2f6d0ee22ff18,0.0,3,5,0,6a3fa2c4dfa2f6d0ee22ff0f,0,10,4,2.0,0.0,0.0,0.6666666666666666,0.2857142857142857,0.7559289460184545
2026-05-22,6a3fa2c6dfa2f6d0ee22ff18,3.0,4,5,0,6a3fa2c4dfa2f6d0ee22ff0f,1,12,4,0.0,2.0,0.0,0.6666666666666666,0.2857142857142857,0.7559289460184545
2026-05-23,6a3fa2c6dfa2f6d0ee22ff18,1.0,5,5,1,6a3fa2c4dfa2f6d0ee22ff0f,1,10,4,3.0,0.0,0.0,1.6666666666666667,0.7142857142857143,1.2535663410560174
2026-05-24,6a3fa2c6dfa2f6d0ee22ff18,2.0,6,5,1,6a3fa2c4dfa2f6d0ee22ff0f,1,5,4,1.0,3.0,0.0,1.3333333333333333,0.8571428571428571,1.2149857925879117
2026-05-25,6a3fa2c6dfa2f6d0ee22ff18,0.0,0,5,0,6a3fa2c4dfa2f6d0ee22ff0f,0,11,4,2.0,1.0,0.0,2.0,1.1428571428571428,1.2149857925879117
2026-05-26,6a3fa2c6dfa2f6d0ee22ff18,0.0,1,5,0,6a3fa2c4dfa2f6d0ee22ff0f,0,11,4,0.0,2.0,0.0,1.0,1.1428571428571428,1.2149857925879117
2026-05-27,6a3fa2c6dfa2f6d0ee22ff18,2.0,2,5,0,6a3fa2c4dfa2f6d0ee22ff0f,1,11,4,0.0,0.0,2.0,0.6666666666666666,1.1428571428571428,1.2149857925879117
2026-05-28,6a3fa2c6dfa2f6d0ee22ff18,0.0,3,5,0,6a3fa2c4dfa2f6d0ee22ff0f,0,10,4,2.0,0.0,0.0,0.6666666666666666,1.1428571428571428,1.2149857925879117
2026-05-29,6a3fa2c6dfa2f6d0ee22ff18,4.0,4,5,0,6a3fa2c4dfa2f6d0ee22ff0f,1,12,4,0.0,2.0,3.0,0.6666666666666666,1.1428571428571428,1.2149857925879117
2026-05-30,6a3fa2c6dfa2f6d0ee22ff18,2.0,5,5,1,6a3fa2c4dfa2f6d0ee22ff0f,1,10,4,4.0,0.0,1.0,2.0,1.2857142857142858,1.4960264830861913
2026-05-31,6a3fa2c6dfa2f6d0ee22ff18,4.0,6,5,1,6a3fa2c4dfa2f6d0ee22ff0f,1,5,4,2.0,4.0,2.0,2.0,1.4285714285714286,1.511857892036909
2026-06-01,6a3fa2c6dfa2f6d0ee22ff18,0.0,0,6,0,6a3fa2c4dfa2f6d0ee22ff0f,0,11,4,4.0,2.0,0.0,3.3333333333333335,1.7142857142857142,1.799470821684875
2026-06-02,6a3fa2c6dfa2f6d0ee22ff18,0.0,1,6,0,6a3fa2c4dfa2f6d0ee22ff0f,0,11,4,0.0,4.0,0.0,2.0,1.7142857142857142,1.799470821684875
2026-06-03,6a3fa2c6dfa2f6d0ee22ff18,8.0,2,6,0,6a3fa2c4dfa2f6d0ee22ff0f,1,11,4,0.0,0.0,2.0,1.3333333333333333,1.7142857142857142,1.799470821684875
2026-06-04,6a3fa2c6dfa2f6d0ee22ff18,0.0,3,6,0,6a3fa2c4dfa2f6d0ee22ff0f,0,10,4,8.0,0.0,0.0,2.6666666666666665,2.5714285714285716,2.9920529661723827
2026-06-05,6a3fa2c6dfa2f6d0ee22ff18,2.0,4,6,0,6a3fa2c4dfa2f6d0ee22ff0f,1,12,4,0.0,8.0,4.0,2.6666666666666665,2.5714285714285716,2.9920529661723827
2026-06-06,6a3fa2c6dfa2f6d0ee22ff18,0.0,5,6,1,6a3fa2c4dfa2f6d0ee22ff0f,1,10,4,2.0,0.0,2.0,3.3333333333333335,2.2857142857142856,2.9277002188455996
2026-06-07,6a3fa2c6dfa2f6d0ee22ff18,0.0,6,6,1,6a3fa2c4dfa2f6d0ee22ff0f,1,5,4,0.0,2.0,4.0,0.6666666666666666,2.0,3.0550504633038935
2026-06-08,6a3fa2c6dfa2f6d0ee22ff18,0.0,0,6,0,6a3fa2c4dfa2f6d0ee22ff0f,0,11,4,0.0,0.0,0.0,0.6666666666666666,1.4285714285714286,2.9920529661723827
2026-06-09,6a3fa2c6dfa2f6d0ee22ff18,0.0,1,6,0,6a3fa2c4dfa2f6d0ee22ff0f,0,11,4,0.0,0.0,0.0,0.0,1.4285714285714286,2.9920529661723827
2026-06-10,6a3fa2c6dfa2f6d0ee22ff18,5.0,2,6,0,6a3fa2c4dfa2f6d0ee22ff0f,1,11,4,0.0,0.0,8.0,0.0,1.4285714285714286,2.9920529661723827
2026-06-11,6a3fa2c6dfa2f6d0ee22ff18,0.0,3,6,0,6a3fa2c4dfa2f6d0ee22ff0f,0,10,4,5.0,0.0,0.0,1.6666666666666667,1.0,1.9148542155126766
2026-06-12,6a3fa2c6dfa2f6d0ee22ff18,0.0,4,6,0,6a3fa2c4dfa2f6d0ee22ff0f,1,12,4,0.0,5.0,2.0,1.6666666666666667,1.0,1.9148542155126766
2026-06-13,6a3fa2c6dfa2f6d0ee22ff18,2.0,5,6,1,6a3fa2c4dfa2f6d0ee22ff0f,1,10,4,0.0,0.0,0.0,1.6666666666666667,0.7142857142857143,1.8898223650461368
2026-06-14,6a3fa2c6dfa2f6d0ee22ff18,8.0,6,6,1,6a3fa2c4dfa2f6d0ee22ff0f,1,5,4,2.0,0.0,0.0,0.6666666666666666,1.0,1.9148542155126766
2026-06-15,6a3fa2c6dfa2f6d0ee22ff18,0.0,0,6,0,6a3fa2c4dfa2f6d0ee22ff0f,0,11,4,8.0,2.0,0.0,3.3333333333333335,2.142857142857143,3.184785258515422
2026-06-16,6a3fa2c6dfa2f6d0ee22ff18,0.0,1,6,0,6a3fa2c4dfa2f6d0ee22ff0f,0,11,4,0.0,8.0,0.0,3.3333333333333335,2.142857142857143,3.184785258515422
2026-06-17,6a3fa2c6dfa2f6d0ee22ff18,0.0,2,6,0,6a3fa2c4dfa2f6d0ee22ff0f,1,11,4,0.0,0.0,5.0,2.6666666666666665,2.142857142857143,3.184785258515422
2026-06-18,6a3fa2c6dfa2f6d0ee22ff18,0.0,3,6,0,6a3fa2c4dfa2f6d0ee22ff0f,0,10,4,0.0,0.0,0.0,0.0,1.4285714285714286,2.9920529661723827
2026-06-19,6a3fa2c6dfa2f6d0ee22ff18,0.0,4,6,0,6a3fa2c4dfa2f6d0ee22ff0f,1,12,4,0.0,0.0,0.0,0.0,1.4285714285714286,2.9920529661723827
2026-06-20,6a3fa2c6dfa2f6d0ee22ff18,0.0,5,6,1,6a3fa2c4dfa2f6d0ee22ff0f,1,10,4,0.0,0.0,2.0,0.0,1.4285714285714286,2.9920529661723827
2026-06-21,6a3fa2c6dfa2f6d0ee22ff18,4.0,6,6,1,6a3fa2c4dfa2f6d0ee22ff0f,1,5,4,0.0,0.0,8.0,0.0,1.1428571428571428,3.023715784073818
2026-06-22,6a3fa2c6dfa2f6d0ee22ff18,0.0,0,6,0,6a3fa2c4dfa2f6d0ee22ff0f,0,11,4,4.0,0.0,0.0,1.3333333333333333,0.5714285714285714,1.511857892036909
2026-06-23,6a3fa2c6dfa2f6d0ee22ff18,0.0,1,6,0,6a3fa2c4dfa2f6d0ee22ff0f,0,11,4,0.0,4.0,0.0,1.3333333333333333,0.5714285714285714,1.511857892036909
2026-06-24,6a3fa2c6dfa2f6d0ee22ff18,0.0,2,6,0,6a3fa2c4dfa2f6d0ee22ff0f,1,11,4,0.0,0.0,0.0,1.3333333333333333,0.5714285714285714,1.511857892036909
2026-06-25,6a3fa2c6dfa2f6d0ee22ff18,0.0,3,6,0,6a3fa2c4dfa2f6d0ee22ff0f,0,10,4,0.0,0.0,0.0,0.0,0.5714285714285714,1.511857892036909
2026-06-26,6a3fa2c6dfa2f6d0ee22ff18,0.0,4,6,0,6a3fa2c4dfa2f6d0ee22ff0f,1,12,4,0.0,0.0,0.0,0.0,0.5714285714285714,1.511857892036909
2026-06-27,6a3fa2c6dfa2f6d0ee22ff18,0.0,5,6,1,6a3fa2c4dfa2f6d0ee22ff0f,1,10,4,0.0,0.0,0.0,0.0,0.5714285714285714,1.511857892036909
2026-04-06,6a3fa373da5b18e68c8bc43c,0.0,0,4,0,6a3fa2c4dfa2f6d0ee22ff0f,0,11,2,0.0,0.0,0.0,0.0,0.0,0.0
2026-04-07,6a3fa373da5b18e68c8bc43c,0.0,1,4,0,6a3fa2c4dfa2f6d0ee22ff0f,1,11,2,0.0,0.0,0.0,0.0,0.0,0.0
2026-04-08,6a3fa373da5b18e68c8bc43c,1.0,2,4,0,6a3fa2c4dfa2f6d0ee22ff0f,1,11,2,0.0,0.0,0.0,0.0,0.0,0.0
2026-04-09,6a3fa373da5b18e68c8bc43c,0.0,3,4,0,6a3fa2c4dfa2f6d0ee22ff0f,0,10,2,1.0,0.0,0.0,0.3333333333333333,0.14285714285714285,0.37796447300922725
2026-04-10,6a3fa373da5b18e68c8bc43c,0.0,4,4,0,6a3fa2c4dfa2f6d0ee22ff0f,0,12,2,0.0,1.0,0.0,0.3333333333333333,0.14285714285714285,0.37796447300922725
2026-04-11,6a3fa373da5b18e68c8bc43c,0.0,5,4,1,6a3fa2c4dfa2f6d0ee22ff0f,0,10,2,0.0,0.0,0.0,0.3333333333333333,0.14285714285714285,0.37796447300922725
2026-04-12,6a3fa373da5b18e68c8bc43c,0.0,6,4,1,6a3fa2c4dfa2f6d0ee22ff0f,0,5,2,0.0,0.0,0.0,0.0,0.14285714285714285,0.37796447300922725
2026-04-13,6a3fa373da5b18e68c8bc43c,0.0,0,4,0,6a3fa2c4dfa2f6d0ee22ff0f,0,11,2,0.0,0.0,0.0,0.0,0.14285714285714285,0.37796447300922725
2026-04-14,6a3fa373da5b18e68c8bc43c,0.0,1,4,0,6a3fa2c4dfa2f6d0ee22ff0f,1,11,2,0.0,0.0,0.0,0.0,0.14285714285714285,0.37796447300922725
2026-04-15,6a3fa373da5b18e68c8bc43c,1.0,2,4,0,6a3fa2c4dfa2f6d0ee22ff0f,1,11,2,0.0,0.0,1.0,0.0,0.14285714285714285,0.37796447300922725
2026-04-16,6a3fa373da5b18e68c8bc43c,0.0,3,4,0,6a3fa2c4dfa2f6d0ee22ff0f,0,10,2,1.0,0.0,0.0,0.3333333333333333,0.14285714285714285,0.37796447300922725
2026-04-17,6a3fa373da5b18e68c8bc43c,0.0,4,4,0,6a3fa2c4dfa2f6d0ee22ff0f,0,12,2,0.0,1.0,0.0,0.3333333333333333,0.14285714285714285,0.37796447300922725
2026-04-18,6a3fa373da5b18e68c8bc43c,0.0,5,4,1,6a3fa2c4dfa2f6d0ee22ff0f,0,10,2,0.0,0.0,0.0,0.3333333333333333,0.14285714285714285,0.37796447300922725
2026-04-19,6a3fa373da5b18e68c8bc43c,0.0,6,4,1,6a3fa2c4dfa2f6d0ee22ff0f,0,5,2,0.0,0.0,0.0,0.0,0.14285714285714285,0.37796447300922725
2026-04-20,6a3fa373da5b18e68c8bc43c,0.0,0,4,0,6a3fa2c4dfa2f6d0ee22ff0f,0,11,2,0.0,0.0,0.0,0.0,0.14285714285714285,0.37796447300922725
2026-04-21,6a3fa373da5b18e68c8bc43c,1.0,1,4,0,6a3fa2c4dfa2f6d0ee22ff0f,1,11,2,0.0,0.0,0.0,0.0,0.14285714285714285,0.37796447300922725
2026-04-22,6a3fa373da5b18e68c8bc43c,8.0,2,4,0,6a3fa2c4dfa2f6d0ee22ff0f,1,11,2,1.0,0.0,1.0,0.3333333333333333,0.2857142857142857,0.4879500364742666
2026-04-23,6a3fa373da5b18e68c8bc43c,0.0,3,4,0,6a3fa2c4dfa2f6d0ee22ff0f,0,10,2,8.0,1.0,0.0,3.0,1.2857142857142858,2.984084768360628
2026-04-24,6a3fa373da5b18e68c8bc43c,0.0,4,4,0,6a3fa2c4dfa2f6d0ee22ff0f,0,12,2,0.0,8.0,0.0,3.0,1.2857142857142858,2.984084768360628
2026-04-25,6a3fa373da5b18e68c8bc43c,0.0,5,4,1,6a3fa2c4dfa2f6d0ee22ff0f,0,10,2,0.0,0.0,0.0,2.6666666666666665,1.2857142857142858,2.984084768360628
2026-04-26,6a3fa373da5b18e68c8bc43c,0.0,6,4,1,6a3fa2c4dfa2f6d0ee22ff0f,0,5,2,0.0,0.0,0.0,0.0,1.2857142857142858,2.984084768360628
2026-04-27,6a3fa373da5b18e68c8bc43c,0.0,0,4,0,6a3fa2c4dfa2f6d0ee22ff0f,0,11,2,0.0,0.0,0.0,0.0,1.2857142857142858,2.984084768360628
2026-04-28,6a3fa373da5b18e68c8bc43c,4.0,1,4,0,6a3fa2c4dfa2f6d0ee22ff0f,1,11,2,0.0,0.0,1.0,0.0,1.2857142857142858,2.984084768360628
2026-04-29,6a3fa373da5b18e68c8bc43c,1.0,2,4,0,6a3fa2c4dfa2f6d0ee22ff0f,1,11,2,4.0,0.0,8.0,1.3333333333333333,1.7142857142857142,3.147183169877773
2026-04-30,6a3fa373da5b18e68c8bc43c,0.0,3,4,0,6a3fa2c4dfa2f6d0ee22ff0f,0,10,2,1.0,4.0,0.0,1.6666666666666667,0.7142857142857143,1.4960264830861913
2026-05-01,6a3fa373da5b18e68c8bc43c,0.0,4,5,0,6a3fa2c4dfa2f6d0ee22ff0f,0,12,2,0.0,1.0,0.0,1.6666666666666667,0.7142857142857143,1.4960264830861913
2026-05-02,6a3fa373da5b18e68c8bc43c,0.0,5,5,1,6a3fa2c4dfa2f6d0ee22ff0f,0,10,2,0.0,0.0,0.0,0.3333333333333333,0.7142857142857143,1.4960264830861913
2026-05-03,6a3fa373da5b18e68c8bc43c,0.0,6,5,1,6a3fa2c4dfa2f6d0ee22ff0f,0,5,2,0.0,0.0,0.0,0.0,0.7142857142857143,1.4960264830861913
2026-05-04,6a3fa373da5b18e68c8bc43c,0.0,0,5,0,6a3fa2c4dfa2f6d0ee22ff0f,0,11,2,0.0,0.0,0.0,0.0,0.7142857142857143,1.4960264830861913
2026-05-05,6a3fa373da5b18e68c8bc43c,2.0,1,5,0,6a3fa2c4dfa2f6d0ee22ff0f,1,11,2,0.0,0.0,4.0,0.0,0.7142857142857143,1.4960264830861913
2026-05-06,6a3fa373da5b18e68c8bc43c,0.0,2,5,0,6a3fa2c4dfa2f6d0ee22ff0f,1,11,2,2.0,0.0,1.0,0.6666666666666666,0.42857142857142855,0.7867957924694434
2026-05-07,6a3fa373da5b18e68c8bc43c,0.0,3,5,0,6a3fa2c4dfa2f6d0ee22ff0f,0,10,2,0.0,2.0,0.0,0.6666666666666666,0.2857142857142857,0.7559289460184547
2026-05-08,6a3fa373da5b18e68c8bc43c,0.0,4,5,0,6a3fa2c4dfa2f6d0ee22ff0f,0,12,2,0.0,0.0,0.0,0.6666666666666666,0.2857142857142857,0.7559289460184547
2026-05-09,6a3fa373da5b18e68c8bc43c,0.0,5,5,1,6a3fa2c4dfa2f6d0ee22ff0f,0,10,2,0.0,0.0,0.0,0.0,0.2857142857142857,0.7559289460184547
2026-05-10,6a3fa373da5b18e68c8bc43c,0.0,6,5,1,6a3fa2c4dfa2f6d0ee22ff0f,0,5,2,0.0,0.0,0.0,0.0,0.2857142857142857,0.7559289460184547
2026-05-11,6a3fa373da5b18e68c8bc43c,0.0,0,5,0,6a3fa2c4dfa2f6d0ee22ff0f,0,11,2,0.0,0.0,0.0,0.0,0.2857142857142857,0.7559289460184547
2026-05-12,6a3fa373da5b18e68c8bc43c,1.0,1,5,0,6a3fa2c4dfa2f6d0ee22ff0f,1,11,2,0.0,0.0,2.0,0.0,0.2857142857142857,0.7559289460184547
2026-05-13,6a3fa373da5b18e68c8bc43c,0.0,2,5,0,6a3fa2c4dfa2f6d0ee22ff0f,1,11,2,1.0,0.0,0.0,0.3333333333333333,0.14285714285714285,0.37796447300922725
2026-05-14,6a3fa373da5b18e68c8bc43c,0.0,3,5,0,6a3fa2c4dfa2f6d0ee22ff0f,0,10,2,0.0,1.0,0.0,0.3333333333333333,0.14285714285714285,0.37796447300922725
2026-05-15,6a3fa373da5b18e68c8bc43c,0.0,4,5,0,6a3fa2c4dfa2f6d0ee22ff0f,0,12,2,0.0,0.0,0.0,0.3333333333333333,0.14285714285714285,0.37796447300922725
2026-05-16,6a3fa373da5b18e68c8bc43c,0.0,5,5,1,6a3fa2c4dfa2f6d0ee22ff0f,0,10,2,0.0,0.0,0.0,0.0,0.14285714285714285,0.37796447300922725
2026-05-17,6a3fa373da5b18e68c8bc43c,0.0,6,5,1,6a3fa2c4dfa2f6d0ee22ff0f,0,5,2,0.0,0.0,0.0,0.0,0.14285714285714285,0.37796447300922725
2026-05-18,6a3fa373da5b18e68c8bc43c,0.0,0,5,0,6a3fa2c4dfa2f6d0ee22ff0f,0,11,2,0.0,0.0,0.0,0.0,0.14285714285714285,0.37796447300922725
2026-05-19,6a3fa373da5b18e68c8bc43c,4.0,1,5,0,6a3fa2c4dfa2f6d0ee22ff0f,1,11,2,0.0,0.0,1.0,0.0,0.14285714285714285,0.37796447300922725
2026-05-20,6a3fa373da5b18e68c8bc43c,3.0,2,5,0,6a3fa2c4dfa2f6d0ee22ff0f,1,11,2,4.0,0.0,0.0,1.3333333333333333,0.5714285714285714,1.511857892036909
2026-05-21,6a3fa373da5b18e68c8bc43c,0.0,3,5,0,6a3fa2c4dfa2f6d0ee22ff0f,0,10,2,3.0,4.0,0.0,2.3333333333333335,1.0,1.7320508075688772
2026-05-22,6a3fa373da5b18e68c8bc43c,0.0,4,5,0,6a3fa2c4dfa2f6d0ee22ff0f,0,12,2,0.0,3.0,0.0,2.3333333333333335,1.0,1.7320508075688772
2026-05-23,6a3fa373da5b18e68c8bc43c,0.0,5,5,1,6a3fa2c4dfa2f6d0ee22ff0f,0,10,2,0.0,0.0,0.0,1.0,1.0,1.7320508075688772
2026-05-24,6a3fa373da5b18e68c8bc43c,0.0,6,5,1,6a3fa2c4dfa2f6d0ee22ff0f,0,5,2,0.0,0.0,0.0,0.0,1.0,1.7320508075688772
2026-05-25,6a3fa373da5b18e68c8bc43c,0.0,0,5,0,6a3fa2c4dfa2f6d0ee22ff0f,0,11,2,0.0,0.0,0.0,0.0,1.0,1.7320508075688772
2026-05-26,6a3fa373da5b18e68c8bc43c,0.0,1,5,0,6a3fa2c4dfa2f6d0ee22ff0f,1,11,2,0.0,0.0,4.0,0.0,1.0,1.7320508075688772
2026-05-27,6a3fa373da5b18e68c8bc43c,3.0,2,5,0,6a3fa2c4dfa2f6d0ee22ff0f,1,11,2,0.0,0.0,3.0,0.0,0.42857142857142855,1.1338934190276817
2026-05-28,6a3fa373da5b18e68c8bc43c,0.0,3,5,0,6a3fa2c4dfa2f6d0ee22ff0f,0,10,2,3.0,0.0,0.0,1.0,0.42857142857142855,1.1338934190276817
2026-05-29,6a3fa373da5b18e68c8bc43c,0.0,4,5,0,6a3fa2c4dfa2f6d0ee22ff0f,0,12,2,0.0,3.0,0.0,1.0,0.42857142857142855,1.1338934190276817
2026-05-30,6a3fa373da5b18e68c8bc43c,0.0,5,5,1,6a3fa2c4dfa2f6d0ee22ff0f,0,10,2,0.0,0.0,0.0,1.0,0.42857142857142855,1.1338934190276817
2026-05-31,6a3fa373da5b18e68c8bc43c,0.0,6,5,1,6a3fa2c4dfa2f6d0ee22ff0f,0,5,2,0.0,0.0,0.0,0.0,0.42857142857142855,1.1338934190276817
2026-06-01,6a3fa373da5b18e68c8bc43c,0.0,0,6,0,6a3fa2c4dfa2f6d0ee22ff0f,0,11,2,0.0,0.0,0.0,0.0,0.42857142857142855,1.1338934190276817
2026-06-02,6a3fa373da5b18e68c8bc43c,0.0,1,6,0,6a3fa2c4dfa2f6d0ee22ff0f,1,11,2,0.0,0.0,0.0,0.0,0.42857142857142855,1.1338934190276817
2026-06-03,6a3fa373da5b18e68c8bc43c,1.0,2,6,0,6a3fa2c4dfa2f6d0ee22ff0f,1,11,2,0.0,0.0,3.0,0.0,0.42857142857142855,1.1338934190276817
2026-06-04,6a3fa373da5b18e68c8bc43c,0.0,3,6,0,6a3fa2c4dfa2f6d0ee22ff0f,0,10,2,1.0,0.0,0.0,0.3333333333333333,0.14285714285714285,0.37796447300922725
2026-06-05,6a3fa373da5b18e68c8bc43c,0.0,4,6,0,6a3fa2c4dfa2f6d0ee22ff0f,0,12,2,0.0,1.0,0.0,0.3333333333333333,0.14285714285714285,0.37796447300922725
2026-06-06,6a3fa373da5b18e68c8bc43c,0.0,5,6,1,6a3fa2c4dfa2f6d0ee22ff0f,0,10,2,0.0,0.0,0.0,0.3333333333333333,0.14285714285714285,0.37796447300922725
2026-06-07,6a3fa373da5b18e68c8bc43c,0.0,6,6,1,6a3fa2c4dfa2f6d0ee22ff0f,0,5,2,0.0,0.0,0.0,0.0,0.14285714285714285,0.37796447300922725
2026-06-08,6a3fa373da5b18e68c8bc43c,0.0,0,6,0,6a3fa2c4dfa2f6d0ee22ff0f,0,11,2,0.0,0.0,0.0,0.0,0.14285714285714285,0.37796447300922725
2026-06-09,6a3fa373da5b18e68c8bc43c,3.0,1,6,0,6a3fa2c4dfa2f6d0ee22ff0f,1,11,2,0.0,0.0,0.0,0.0,0.14285714285714285,0.37796447300922725
2026-06-10,6a3fa373da5b18e68c8bc43c,2.0,2,6,0,6a3fa2c4dfa2f6d0ee22ff0f,1,11,2,3.0,0.0,1.0,1.0,0.5714285714285714,1.1338934190276817
2026-06-11,6a3fa373da5b18e68c8bc43c,0.0,3,6,0,6a3fa2c4dfa2f6d0ee22ff0f,0,10,2,2.0,3.0,0.0,1.6666666666666667,0.7142857142857143,1.2535663410560176
2026-06-12,6a3fa373da5b18e68c8bc43c,0.0,4,6,0,6a3fa2c4dfa2f6d0ee22ff0f,0,12,2,0.0,2.0,0.0,1.6666666666666667,0.7142857142857143,1.2535663410560176
2026-06-13,6a3fa373da5b18e68c8bc43c,0.0,5,6,1,6a3fa2c4dfa2f6d0ee22ff0f,0,10,2,0.0,0.0,0.0,0.6666666666666666,0.7142857142857143,1.2535663410560176
2026-06-14,6a3fa373da5b18e68c8bc43c,0.0,6,6,1,6a3fa2c4dfa2f6d0ee22ff0f,0,5,2,0.0,0.0,0.0,0.0,0.7142857142857143,1.2535663410560176
2026-06-15,6a3fa373da5b18e68c8bc43c,0.0,0,6,0,6a3fa2c4dfa2f6d0ee22ff0f,0,11,2,0.0,0.0,0.0,0.0,0.7142857142857143,1.2535663410560176
2026-06-16,6a3fa373da5b18e68c8bc43c,0.0,1,6,0,6a3fa2c4dfa2f6d0ee22ff0f,1,11,2,0.0,0.0,3.0,0.0,0.7142857142857143,1.2535663410560176
2026-06-17,6a3fa373da5b18e68c8bc43c,0.0,2,6,0,6a3fa2c4dfa2f6d0ee22ff0f,1,11,2,0.0,0.0,2.0,0.0,0.2857142857142857,0.7559289460184546
2026-06-18,6a3fa373da5b18e68c8bc43c,0.0,3,6,0,6a3fa2c4dfa2f6d0ee22ff0f,0,10,2,0.0,0.0,0.0,0.0,0.0,0.0
2026-06-19,6a3fa373da5b18e68c8bc43c,0.0,4,6,0,6a3fa2c4dfa2f6d0ee22ff0f,0,12,2,0.0,0.0,0.0,0.0,0.0,0.0
2026-06-20,6a3fa373da5b18e68c8bc43c,0.0,5,6,1,6a3fa2c4dfa2f6d0ee22ff0f,0,10,2,0.0,0.0,0.0,0.0,0.0,0.0
2026-06-21,6a3fa373da5b18e68c8bc43c,0.0,6,6,1,6a3fa2c4dfa2f6d0ee22ff0f,0,5,2,0.0,0.0,0.0,0.0,0.0,0.0
2026-06-22,6a3fa373da5b18e68c8bc43c,0.0,0,6,0,6a3fa2c4dfa2f6d0ee22ff0f,0,11,2,0.0,0.0,0.0,0.0,0.0,0.0
2026-06-23,6a3fa373da5b18e68c8bc43c,0.0,1,6,0,6a3fa2c4dfa2f6d0ee22ff0f,1,11,2,0.0,0.0,0.0,0.0,0.0,0.0
2026-06-24,6a3fa373da5b18e68c8bc43c,1.0,2,6,0,6a3fa2c4dfa2f6d0ee22ff0f,1,11,2,0.0,0.0,0.0,0.0,0.0,0.0
2026-06-25,6a3fa373da5b18e68c8bc43c,0.0,3,6,0,6a3fa2c4dfa2f6d0ee22ff0f,0,10,2,1.0,0.0,0.0,0.3333333333333333,0.14285714285714285,0.37796447300922725
2026-06-26,6a3fa373da5b18e68c8bc43c,0.0,4,6,0,6a3fa2c4dfa2f6d0ee22ff0f,0,12,2,0.0,1.0,0.0,0.3333333333333333,0.14285714285714285,0.37796447300922725
2026-06-27,6a3fa373da5b18e68c8bc43c,0.0,5,6,1,6a3fa2c4dfa2f6d0ee22ff0f,0,10,2,0.0,0.0,0.0,0.3333333333333333,0.14285714285714285,0.37796447300922725
2026-04-06,6a3fa373da5b18e68c8bc43d,0.0,0,4,0,6a3fa2c4dfa2f6d0ee22ff0f,0,11,2,0.0,0.0,0.0,0.0,0.2857142857142857,0.7559289460184545
2026-04-07,6a3fa373da5b18e68c8bc43d,0.0,1,4,0,6a3fa2c4dfa2f6d0ee22ff0f,1,11,2,0.0,0.0,2.0,0.0,0.2857142857142857,0.7559289460184545
2026-04-08,6a3fa373da5b18e68c8bc43d,0.0,2,4,0,6a3fa2c4dfa2f6d0ee22ff0f,0,11,2,0.0,0.0,0.0,0.0,0.0,0.0
2026-04-09,6a3fa373da5b18e68c8bc43d,0.0,3,4,0,6a3fa2c4dfa2f6d0ee22ff0f,0,10,2,0.0,0.0,0.0,0.0,0.0,0.0
2026-04-10,6a3fa373da5b18e68c8bc43d,0.0,4,4,0,6a3fa2c4dfa2f6d0ee22ff0f,1,12,2,0.0,0.0,0.0,0.0,0.0,0.0
2026-04-11,6a3fa373da5b18e68c8bc43d,0.0,5,4,1,6a3fa2c4dfa2f6d0ee22ff0f,0,10,2,0.0,0.0,0.0,0.0,0.0,0.0
2026-04-12,6a3fa373da5b18e68c8bc43d,0.0,6,4,1,6a3fa2c4dfa2f6d0ee22ff0f,0,5,2,0.0,0.0,0.0,0.0,0.0,0.0
2026-04-13,6a3fa373da5b18e68c8bc43d,0.0,0,4,0,6a3fa2c4dfa2f6d0ee22ff0f,0,11,2,0.0,0.0,0.0,0.0,0.0,0.0
2026-04-14,6a3fa373da5b18e68c8bc43d,0.0,1,4,0,6a3fa2c4dfa2f6d0ee22ff0f,1,11,2,0.0,0.0,0.0,0.0,0.0,0.0
2026-04-15,6a3fa373da5b18e68c8bc43d,0.0,2,4,0,6a3fa2c4dfa2f6d0ee22ff0f,0,11,2,0.0,0.0,0.0,0.0,0.0,0.0
2026-04-16,6a3fa373da5b18e68c8bc43d,0.0,3,4,0,6a3fa2c4dfa2f6d0ee22ff0f,0,10,2,0.0,0.0,0.0,0.0,0.0,0.0
2026-04-17,6a3fa373da5b18e68c8bc43d,2.0,4,4,0,6a3fa2c4dfa2f6d0ee22ff0f,1,12,2,0.0,0.0,0.0,0.0,0.0,0.0
2026-04-18,6a3fa373da5b18e68c8bc43d,0.0,5,4,1,6a3fa2c4dfa2f6d0ee22ff0f,0,10,2,2.0,0.0,0.0,0.6666666666666666,0.2857142857142857,0.7559289460184545
2026-04-19,6a3fa373da5b18e68c8bc43d,0.0,6,4,1,6a3fa2c4dfa2f6d0ee22ff0f,0,5,2,0.0,2.0,0.0,0.6666666666666666,0.2857142857142857,0.7559289460184545
2026-04-20,6a3fa373da5b18e68c8bc43d,0.0,0,4,0,6a3fa2c4dfa2f6d0ee22ff0f,0,11,2,0.0,0.0,0.0,0.6666666666666666,0.2857142857142857,0.7559289460184545
2026-04-21,6a3fa373da5b18e68c8bc43d,0.0,1,4,0,6a3fa2c4dfa2f6d0ee22ff0f,1,11,2,0.0,0.0,0.0,0.0,0.2857142857142857,0.7559289460184545
2026-04-22,6a3fa373da5b18e68c8bc43d,0.0,2,4,0,6a3fa2c4dfa2f6d0ee22ff0f,0,11,2,0.0,0.0,0.0,0.0,0.2857142857142857,0.7559289460184545
2026-04-23,6a3fa373da5b18e68c8bc43d,0.0,3,4,0,6a3fa2c4dfa2f6d0ee22ff0f,0,10,2,0.0,0.0,0.0,0.0,0.2857142857142857,0.7559289460184545
2026-04-24,6a3fa373da5b18e68c8bc43d,2.0,4,4,0,6a3fa2c4dfa2f6d0ee22ff0f,1,12,2,0.0,0.0,2.0,0.0,0.2857142857142857,0.7559289460184545
2026-04-25,6a3fa373da5b18e68c8bc43d,0.0,5,4,1,6a3fa2c4dfa2f6d0ee22ff0f,0,10,2,2.0,0.0,0.0,0.6666666666666666,0.2857142857142857,0.7559289460184545
2026-04-26,6a3fa373da5b18e68c8bc43d,0.0,6,4,1,6a3fa2c4dfa2f6d0ee22ff0f,0,5,2,0.0,2.0,0.0,0.6666666666666666,0.2857142857142857,0.7559289460184545
2026-04-27,6a3fa373da5b18e68c8bc43d,0.0,0,4,0,6a3fa2c4dfa2f6d0ee22ff0f,0,11,2,0.0,0.0,0.0,0.6666666666666666,0.2857142857142857,0.7559289460184545
2026-04-28,6a3fa373da5b18e68c8bc43d,0.0,1,4,0,6a3fa2c4dfa2f6d0ee22ff0f,1,11,2,0.0,0.0,0.0,0.0,0.2857142857142857,0.7559289460184545
2026-04-29,6a3fa373da5b18e68c8bc43d,0.0,2,4,0,6a3fa2c4dfa2f6d0ee22ff0f,0,11,2,0.0,0.0,0.0,0.0,0.2857142857142857,0.7559289460184545
2026-04-30,6a3fa373da5b18e68c8bc43d,0.0,3,4,0,6a3fa2c4dfa2f6d0ee22ff0f,0,10,2,0.0,0.0,0.0,0.0,0.2857142857142857,0.7559289460184545
2026-05-01,6a3fa373da5b18e68c8bc43d,5.0,4,5,0,6a3fa2c4dfa2f6d0ee22ff0f,1,12,2,0.0,0.0,2.0,0.0,0.2857142857142857,0.7559289460184545
2026-05-02,6a3fa373da5b18e68c8bc43d,0.0,5,5,1,6a3fa2c4dfa2f6d0ee22ff0f,0,10,2,5.0,0.0,0.0,1.6666666666666667,0.7142857142857143,1.889822365046136
2026-05-03,6a3fa373da5b18e68c8bc43d,0.0,6,5,1,6a3fa2c4dfa2f6d0ee22ff0f,0,5,2,0.0,5.0,0.0,1.6666666666666667,0.7142857142857143,1.889822365046136
2026-05-04,6a3fa373da5b18e68c8bc43d,0.0,0,5,0,6a3fa2c4dfa2f6d0ee22ff0f,0,11,2,0.0,0.0,0.0,1.6666666666666667,0.7142857142857143,1.889822365046136
2026-05-05,6a3fa373da5b18e68c8bc43d,2.0,1,5,0,6a3fa2c4dfa2f6d0ee22ff0f,1,11,2,0.0,0.0,0.0,0.0,0.7142857142857143,1.889822365046136
2026-05-06,6a3fa373da5b18e68c8bc43d,0.0,2,5,0,6a3fa2c4dfa2f6d0ee22ff0f,0,11,2,2.0,0.0,0.0,0.6666666666666666,1.0,1.9148542155126762
2026-05-07,6a3fa373da5b18e68c8bc43d,0.0,3,5,0,6a3fa2c4dfa2f6d0ee22ff0f,0,10,2,0.0,2.0,0.0,0.6666666666666666,1.0,1.9148542155126762
2026-05-08,6a3fa373da5b18e68c8bc43d,0.0,4,5,0,6a3fa2c4dfa2f6d0ee22ff0f,1,12,2,0.0,0.0,5.0,0.6666666666666666,1.0,1.9148542155126762
2026-05-09,6a3fa373da5b18e68c8bc43d,0.0,5,5,1,6a3fa2c4dfa2f6d0ee22ff0f,0,10,2,0.0,0.0,0.0,0.0,0.2857142857142857,0.7559289460184544
2026-05-10,6a3fa373da5b18e68c8bc43d,0.0,6,5,1,6a3fa2c4dfa2f6d0ee22ff0f,0,5,2,0.0,0.0,0.0,0.0,0.2857142857142857,0.7559289460184544
2026-05-11,6a3fa373da5b18e68c8bc43d,0.0,0,5,0,6a3fa2c4dfa2f6d0ee22ff0f,0,11,2,0.0,0.0,0.0,0.0,0.2857142857142857,0.7559289460184544
2026-05-12,6a3fa373da5b18e68c8bc43d,0.0,1,5,0,6a3fa2c4dfa2f6d0ee22ff0f,1,11,2,0.0,0.0,2.0,0.0,0.2857142857142857,0.7559289460184544
2026-05-13,6a3fa373da5b18e68c8bc43d,0.0,2,5,0,6a3fa2c4dfa2f6d0ee22ff0f,0,11,2,0.0,0.0,0.0,0.0,0.0,0.0
2026-05-14,6a3fa373da5b18e68c8bc43d,0.0,3,5,0,6a3fa2c4dfa2f6d0ee22ff0f,0,10,2,0.0,0.0,0.0,0.0,0.0,0.0
2026-05-15,6a3fa373da5b18e68c8bc43d,1.0,4,5,0,6a3fa2c4dfa2f6d0ee22ff0f,1,12,2,0.0,0.0,0.0,0.0,0.0,0.0
2026-05-16,6a3fa373da5b18e68c8bc43d,0.0,5,5,1,6a3fa2c4dfa2f6d0ee22ff0f,0,10,2,1.0,0.0,0.0,0.3333333333333333,0.14285714285714285,0.37796447300922725
2026-05-17,6a3fa373da5b18e68c8bc43d,0.0,6,5,1,6a3fa2c4dfa2f6d0ee22ff0f,0,5,2,0.0,1.0,0.0,0.3333333333333333,0.14285714285714285,0.37796447300922725
2026-05-18,6a3fa373da5b18e68c8bc43d,0.0,0,5,0,6a3fa2c4dfa2f6d0ee22ff0f,0,11,2,0.0,0.0,0.0,0.3333333333333333,0.14285714285714285,0.37796447300922725
2026-05-19,6a3fa373da5b18e68c8bc43d,0.0,1,5,0,6a3fa2c4dfa2f6d0ee22ff0f,1,11,2,0.0,0.0,0.0,0.0,0.14285714285714285,0.37796447300922725
2026-05-20,6a3fa373da5b18e68c8bc43d,0.0,2,5,0,6a3fa2c4dfa2f6d0ee22ff0f,0,11,2,0.0,0.0,0.0,0.0,0.14285714285714285,0.37796447300922725
2026-05-21,6a3fa373da5b18e68c8bc43d,0.0,3,5,0,6a3fa2c4dfa2f6d0ee22ff0f,0,10,2,0.0,0.0,0.0,0.0,0.14285714285714285,0.37796447300922725
2026-05-22,6a3fa373da5b18e68c8bc43d,0.0,4,5,0,6a3fa2c4dfa2f6d0ee22ff0f,1,12,2,0.0,0.0,1.0,0.0,0.14285714285714285,0.37796447300922725
2026-05-23,6a3fa373da5b18e68c8bc43d,0.0,5,5,1,6a3fa2c4dfa2f6d0ee22ff0f,0,10,2,0.0,0.0,0.0,0.0,0.0,0.0
2026-05-24,6a3fa373da5b18e68c8bc43d,0.0,6,5,1,6a3fa2c4dfa2f6d0ee22ff0f,0,5,2,0.0,0.0,0.0,0.0,0.0,0.0
2026-05-25,6a3fa373da5b18e68c8bc43d,0.0,0,5,0,6a3fa2c4dfa2f6d0ee22ff0f,0,11,2,0.0,0.0,0.0,0.0,0.0,0.0
2026-05-26,6a3fa373da5b18e68c8bc43d,1.0,1,5,0,6a3fa2c4dfa2f6d0ee22ff0f,1,11,2,0.0,0.0,0.0,0.0,0.0,0.0
2026-05-27,6a3fa373da5b18e68c8bc43d,0.0,2,5,0,6a3fa2c4dfa2f6d0ee22ff0f,0,11,2,1.0,0.0,0.0,0.3333333333333333,0.14285714285714285,0.37796447300922725
2026-05-28,6a3fa373da5b18e68c8bc43d,0.0,3,5,0,6a3fa2c4dfa2f6d0ee22ff0f,0,10,2,0.0,1.0,0.0,0.3333333333333333,0.14285714285714285,0.37796447300922725
2026-05-29,6a3fa373da5b18e68c8bc43d,5.0,4,5,0,6a3fa2c4dfa2f6d0ee22ff0f,1,12,2,0.0,0.0,0.0,0.3333333333333333,0.14285714285714285,0.37796447300922725
2026-05-30,6a3fa373da5b18e68c8bc43d,0.0,5,5,1,6a3fa2c4dfa2f6d0ee22ff0f,0,10,2,5.0,0.0,0.0,1.6666666666666667,0.8571428571428571,1.864454471471609
2026-05-31,6a3fa373da5b18e68c8bc43d,0.0,6,5,1,6a3fa2c4dfa2f6d0ee22ff0f,0,5,2,0.0,5.0,0.0,1.6666666666666667,0.8571428571428571,1.864454471471609
2026-06-01,6a3fa373da5b18e68c8bc43d,0.0,0,6,0,6a3fa2c4dfa2f6d0ee22ff0f,0,11,2,0.0,0.0,0.0,1.6666666666666667,0.8571428571428571,1.864454471471609
2026-06-02,6a3fa373da5b18e68c8bc43d,2.0,1,6,0,6a3fa2c4dfa2f6d0ee22ff0f,1,11,2,0.0,0.0,1.0,0.0,0.8571428571428571,1.864454471471609
2026-06-03,6a3fa373da5b18e68c8bc43d,0.0,2,6,0,6a3fa2c4dfa2f6d0ee22ff0f,0,11,2,2.0,0.0,0.0,0.6666666666666666,1.0,1.9148542155126762
2026-06-04,6a3fa373da5b18e68c8bc43d,0.0,3,6,0,6a3fa2c4dfa2f6d0ee22ff0f,0,10,2,0.0,2.0,0.0,0.6666666666666666,1.0,1.9148542155126762
2026-06-05,6a3fa373da5b18e68c8bc43d,2.0,4,6,0,6a3fa2c4dfa2f6d0ee22ff0f,1,12,2,0.0,0.0,5.0,0.6666666666666666,1.0,1.9148542155126762
2026-06-06,6a3fa373da5b18e68c8bc43d,0.0,5,6,1,6a3fa2c4dfa2f6d0ee22ff0f,0,10,2,2.0,0.0,0.0,0.6666666666666666,0.5714285714285714,0.9759000729485331
2026-06-07,6a3fa373da5b18e68c8bc43d,0.0,6,6,1,6a3fa2c4dfa2f6d0ee22ff0f,0,5,2,0.0,2.0,0.0,0.6666666666666666,0.5714285714285714,0.9759000729485331
2026-06-08,6a3fa373da5b18e68c8bc43d,0.0,0,6,0,6a3fa2c4dfa2f6d0ee22ff0f,0,11,2,0.0,0.0,0.0,0.6666666666666666,0.5714285714285714,0.9759000729485331
2026-06-09,6a3fa373da5b18e68c8bc43d,0.0,1,6,0,6a3fa2c4dfa2f6d0ee22ff0f,1,11,2,0.0,0.0,2.0,0.0,0.5714285714285714,0.9759000729485331
2026-06-10,6a3fa373da5b18e68c8bc43d,0.0,2,6,0,6a3fa2c4dfa2f6d0ee22ff0f,0,11,2,0.0,0.0,0.0,0.0,0.2857142857142857,0.7559289460184544
2026-06-11,6a3fa373da5b18e68c8bc43d,0.0,3,6,0,6a3fa2c4dfa2f6d0ee22ff0f,0,10,2,0.0,0.0,0.0,0.0,0.2857142857142857,0.7559289460184544
2026-06-12,6a3fa373da5b18e68c8bc43d,0.0,4,6,0,6a3fa2c4dfa2f6d0ee22ff0f,1,12,2,0.0,0.0,2.0,0.0,0.2857142857142857,0.7559289460184544
2026-06-13,6a3fa373da5b18e68c8bc43d,0.0,5,6,1,6a3fa2c4dfa2f6d0ee22ff0f,0,10,2,0.0,0.0,0.0,0.0,0.0,0.0
2026-06-14,6a3fa373da5b18e68c8bc43d,0.0,6,6,1,6a3fa2c4dfa2f6d0ee22ff0f,0,5,2,0.0,0.0,0.0,0.0,0.0,0.0
2026-06-15,6a3fa373da5b18e68c8bc43d,0.0,0,6,0,6a3fa2c4dfa2f6d0ee22ff0f,0,11,2,0.0,0.0,0.0,0.0,0.0,0.0
2026-06-16,6a3fa373da5b18e68c8bc43d,0.0,1,6,0,6a3fa2c4dfa2f6d0ee22ff0f,1,11,2,0.0,0.0,0.0,0.0,0.0,0.0
2026-06-17,6a3fa373da5b18e68c8bc43d,0.0,2,6,0,6a3fa2c4dfa2f6d0ee22ff0f,0,11,2,0.0,0.0,0.0,0.0,0.0,0.0
2026-06-18,6a3fa373da5b18e68c8bc43d,0.0,3,6,0,6a3fa2c4dfa2f6d0ee22ff0f,0,10,2,0.0,0.0,0.0,0.0,0.0,0.0
2026-06-19,6a3fa373da5b18e68c8bc43d,1.0,4,6,0,6a3fa2c4dfa2f6d0ee22ff0f,1,12,2,0.0,0.0,0.0,0.0,0.0,0.0
2026-06-20,6a3fa373da5b18e68c8bc43d,0.0,5,6,1,6a3fa2c4dfa2f6d0ee22ff0f,0,10,2,1.0,0.0,0.0,0.3333333333333333,0.14285714285714285,0.37796447300922725
2026-06-21,6a3fa373da5b18e68c8bc43d,0.0,6,6,1,6a3fa2c4dfa2f6d0ee22ff0f,0,5,2,0.0,1.0,0.0,0.3333333333333333,0.14285714285714285,0.37796447300922725
2026-06-22,6a3fa373da5b18e68c8bc43d,0.0,0,6,0,6a3fa2c4dfa2f6d0ee22ff0f,0,11,2,0.0,0.0,0.0,0.3333333333333333,0.14285714285714285,0.37796447300922725
2026-06-23,6a3fa373da5b18e68c8bc43d,0.0,1,6,0,6a3fa2c4dfa2f6d0ee22ff0f,1,11,2,0.0,0.0,0.0,0.0,0.14285714285714285,0.37796447300922725
2026-06-24,6a3fa373da5b18e68c8bc43d,0.0,2,6,0,6a3fa2c4dfa2f6d0ee22ff0f,0,11,2,0.0,0.0,0.0,0.0,0.14285714285714285,0.37796447300922725
2026-06-25,6a3fa373da5b18e68c8bc43d,0.0,3,6,0,6a3fa2c4dfa2f6d0ee22ff0f,0,10,2,0.0,0.0,0.0,0.0,0.14285714285714285,0.37796447300922725
2026-06-26,6a3fa373da5b18e68c8bc43d,0.0,4,6,0,6a3fa2c4dfa2f6d0ee22ff0f,1,12,2,0.0,0.0,1.0,0.0,0.14285714285714285,0.37796447300922725
2026-06-27,6a3fa373da5b18e68c8bc43d,0.0,5,6,1,6a3fa2c4dfa2f6d0ee22ff0f,0,10,2,0.0,0.0,0.0,0.0,0.0,0.0
2026-04-06,6a3fa373da5b18e68c8bc43e,0.0,0,4,0,6a3fa2c4dfa2f6d0ee22ff10,0,11,2,0.0,6.0,0.0,2.6666666666666665,1.1428571428571428,2.2677868380553634
2026-04-07,6a3fa373da5b18e68c8bc43e,0.0,1,4,0,6a3fa2c4dfa2f6d0ee22ff10,0,11,2,0.0,0.0,0.0,2.0,1.1428571428571428,2.2677868380553634
2026-04-08,6a3fa373da5b18e68c8bc43e,0.0,2,4,0,6a3fa2c4dfa2f6d0ee22ff10,0,11,2,0.0,0.0,0.0,0.0,1.1428571428571428,2.2677868380553634
2026-04-09,6a3fa373da5b18e68c8bc43e,0.0,3,4,0,6a3fa2c4dfa2f6d0ee22ff10,0,10,2,0.0,0.0,0.0,0.0,1.1428571428571428,2.2677868380553634
2026-04-10,6a3fa373da5b18e68c8bc43e,0.0,4,4,0,6a3fa2c4dfa2f6d0ee22ff10,1,12,2,0.0,0.0,2.0,0.0,1.1428571428571428,2.2677868380553634
2026-04-11,6a3fa373da5b18e68c8bc43e,3.0,5,4,1,6a3fa2c4dfa2f6d0ee22ff10,1,10,2,0.0,0.0,6.0,0.0,0.8571428571428571,2.2677868380553634
2026-04-12,6a3fa373da5b18e68c8bc43e,0.0,6,4,1,6a3fa2c4dfa2f6d0ee22ff10,0,5,2,3.0,0.0,0.0,1.0,0.42857142857142855,1.1338934190276817
2026-04-13,6a3fa373da5b18e68c8bc43e,0.0,0,4,0,6a3fa2c4dfa2f6d0ee22ff10,0,11,2,0.0,3.0,0.0,1.0,0.42857142857142855,1.1338934190276817
2026-04-14,6a3fa373da5b18e68c8bc43e,0.0,1,4,0,6a3fa2c4dfa2f6d0ee22ff10,0,11,2,0.0,0.0,0.0,1.0,0.42857142857142855,1.1338934190276817
2026-04-15,6a3fa373da5b18e68c8bc43e,0.0,2,4,0,6a3fa2c4dfa2f6d0ee22ff10,0,11,2,0.0,0.0,0.0,0.0,0.42857142857142855,1.1338934190276817
2026-04-16,6a3fa373da5b18e68c8bc43e,0.0,3,4,0,6a3fa2c4dfa2f6d0ee22ff10,0,10,2,0.0,0.0,0.0,0.0,0.42857142857142855,1.1338934190276817
2026-04-17,6a3fa373da5b18e68c8bc43e,1.0,4,4,0,6a3fa2c4dfa2f6d0ee22ff10,1,12,2,0.0,0.0,0.0,0.0,0.42857142857142855,1.1338934190276817
2026-04-18,6a3fa373da5b18e68c8bc43e,1.0,5,4,1,6a3fa2c4dfa2f6d0ee22ff10,1,10,2,1.0,0.0,3.0,0.3333333333333333,0.5714285714285714,1.1338934190276817
2026-04-19,6a3fa373da5b18e68c8bc43e,0.0,6,4,1,6a3fa2c4dfa2f6d0ee22ff10,0,5,2,1.0,1.0,0.0,0.6666666666666666,0.2857142857142857,0.48795003647426655
2026-04-20,6a3fa373da5b18e68c8bc43e,0.0,0,4,0,6a3fa2c4dfa2f6d0ee22ff10,0,11,2,0.0,1.0,0.0,0.6666666666666666,0.2857142857142857,0.48795003647426655
2026-04-21,6a3fa373da5b18e68c8bc43e,0.0,1,4,0,6a3fa2c4dfa2f6d0ee22ff10,0,11,2,0.0,0.0,0.0,0.3333333333333333,0.2857142857142857,0.48795003647426655
2026-04-22,6a3fa373da5b18e68c8bc43e,0.0,2,4,0,6a3fa2c4dfa2f6d0ee22ff10,0,11,2,0.0,0.0,0.0,0.0,0.2857142857142857,0.48795003647426655
2026-04-23,6a3fa373da5b18e68c8bc43e,0.0,3,4,0,6a3fa2c4dfa2f6d0ee22ff10,0,10,2,0.0,0.0,0.0,0.0,0.2857142857142857,0.48795003647426655
2026-04-24,6a3fa373da5b18e68c8bc43e,0.0,4,4,0,6a3fa2c4dfa2f6d0ee22ff10,1,12,2,0.0,0.0,1.0,0.0,0.2857142857142857,0.48795003647426655
2026-04-25,6a3fa373da5b18e68c8bc43e,0.0,5,4,1,6a3fa2c4dfa2f6d0ee22ff10,1,10,2,0.0,0.0,1.0,0.0,0.14285714285714285,0.37796447300922714
2026-04-26,6a3fa373da5b18e68c8bc43e,0.0,6,4,1,6a3fa2c4dfa2f6d0ee22ff10,0,5,2,0.0,0.0,0.0,0.0,0.0,0.0
2026-04-27,6a3fa373da5b18e68c8bc43e,0.0,0,4,0,6a3fa2c4dfa2f6d0ee22ff10,0,11,2,0.0,0.0,0.0,0.0,0.0,0.0
2026-04-28,6a3fa373da5b18e68c8bc43e,0.0,1,4,0,6a3fa2c4dfa2f6d0ee22ff10,0,11,2,0.0,0.0,0.0,0.0,0.0,0.0
2026-04-29,6a3fa373da5b18e68c8bc43e,0.0,2,4,0,6a3fa2c4dfa2f6d0ee22ff10,0,11,2,0.0,0.0,0.0,0.0,0.0,0.0
2026-04-30,6a3fa373da5b18e68c8bc43e,0.0,3,4,0,6a3fa2c4dfa2f6d0ee22ff10,0,10,2,0.0,0.0,0.0,0.0,0.0,0.0
2026-05-01,6a3fa373da5b18e68c8bc43e,0.0,4,5,0,6a3fa2c4dfa2f6d0ee22ff10,1,12,2,0.0,0.0,0.0,0.0,0.0,0.0
2026-05-02,6a3fa373da5b18e68c8bc43e,0.0,5,5,1,6a3fa2c4dfa2f6d0ee22ff10,1,10,2,0.0,0.0,0.0,0.0,0.0,0.0
2026-05-03,6a3fa373da5b18e68c8bc43e,0.0,6,5,1,6a3fa2c4dfa2f6d0ee22ff10,0,5,2,0.0,0.0,0.0,0.0,0.0,0.0
2026-05-04,6a3fa373da5b18e68c8bc43e,0.0,0,5,0,6a3fa2c4dfa2f6d0ee22ff10,0,11,2,0.0,0.0,0.0,0.0,0.0,0.0
2026-05-05,6a3fa373da5b18e68c8bc43e,0.0,1,5,0,6a3fa2c4dfa2f6d0ee22ff10,0,11,2,0.0,0.0,0.0,0.0,0.0,0.0
2026-05-06,6a3fa373da5b18e68c8bc43e,0.0,2,5,0,6a3fa2c4dfa2f6d0ee22ff10,0,11,2,0.0,0.0,0.0,0.0,0.0,0.0
2026-05-07,6a3fa373da5b18e68c8bc43e,0.0,3,5,0,6a3fa2c4dfa2f6d0ee22ff10,0,10,2,0.0,0.0,0.0,0.0,0.0,0.0
2026-05-08,6a3fa373da5b18e68c8bc43e,0.0,4,5,0,6a3fa2c4dfa2f6d0ee22ff10,1,12,2,0.0,0.0,0.0,0.0,0.0,0.0
2026-05-09,6a3fa373da5b18e68c8bc43e,0.0,5,5,1,6a3fa2c4dfa2f6d0ee22ff10,1,10,2,0.0,0.0,0.0,0.0,0.0,0.0
2026-05-10,6a3fa373da5b18e68c8bc43e,0.0,6,5,1,6a3fa2c4dfa2f6d0ee22ff10,0,5,2,0.0,0.0,0.0,0.0,0.0,0.0
2026-05-11,6a3fa373da5b18e68c8bc43e,0.0,0,5,0,6a3fa2c4dfa2f6d0ee22ff10,0,11,2,0.0,0.0,0.0,0.0,0.0,0.0
2026-05-12,6a3fa373da5b18e68c8bc43e,0.0,1,5,0,6a3fa2c4dfa2f6d0ee22ff10,0,11,2,0.0,0.0,0.0,0.0,0.0,0.0
2026-05-13,6a3fa373da5b18e68c8bc43e,0.0,2,5,0,6a3fa2c4dfa2f6d0ee22ff10,0,11,2,0.0,0.0,0.0,0.0,0.0,0.0
2026-05-14,6a3fa373da5b18e68c8bc43e,0.0,3,5,0,6a3fa2c4dfa2f6d0ee22ff10,0,10,2,0.0,0.0,0.0,0.0,0.0,0.0
2026-05-15,6a3fa373da5b18e68c8bc43e,2.0,4,5,0,6a3fa2c4dfa2f6d0ee22ff10,1,12,2,0.0,0.0,0.0,0.0,0.0,0.0
2026-05-16,6a3fa373da5b18e68c8bc43e,3.0,5,5,1,6a3fa2c4dfa2f6d0ee22ff10,1,10,2,2.0,0.0,0.0,0.6666666666666666,0.2857142857142857,0.7559289460184545
2026-05-17,6a3fa373da5b18e68c8bc43e,0.0,6,5,1,6a3fa2c4dfa2f6d0ee22ff10,0,5,2,3.0,2.0,0.0,1.6666666666666667,0.7142857142857143,1.2535663410560174
2026-05-18,6a3fa373da5b18e68c8bc43e,0.0,0,5,0,6a3fa2c4dfa2f6d0ee22ff10,0,11,2,0.0,3.0,0.0,1.6666666666666667,0.7142857142857143,1.2535663410560174
2026-05-19,6a3fa373da5b18e68c8bc43e,0.0,1,5,0,6a3fa2c4dfa2f6d0ee22ff10,0,11,2,0.0,0.0,0.0,1.0,0.7142857142857143,1.2535663410560174
2026-05-20,6a3fa373da5b18e68c8bc43e,0.0,2,5,0,6a3fa2c4dfa2f6d0ee22ff10,0,11,2,0.0,0.0,0.0,0.0,0.7142857142857143,1.2535663410560174
2026-05-21,6a3fa373da5b18e68c8bc43e,0.0,3,5,0,6a3fa2c4dfa2f6d0ee22ff10,0,10,2,0.0,0.0,0.0,0.0,0.7142857142857143,1.2535663410560174
2026-05-22,6a3fa373da5b18e68c8bc43e,0.0,4,5,0,6a3fa2c4dfa2f6d0ee22ff10,1,12,2,0.0,0.0,2.0,0.0,0.7142857142857143,1.2535663410560174
2026-05-23,6a3fa373da5b18e68c8bc43e,4.0,5,5,1,6a3fa2c4dfa2f6d0ee22ff10,1,10,2,0.0,0.0,3.0,0.0,0.42857142857142855,1.1338934190276817
2026-05-24,6a3fa373da5b18e68c8bc43e,0.0,6,5,1,6a3fa2c4dfa2f6d0ee22ff10,0,5,2,4.0,0.0,0.0,1.3333333333333333,0.5714285714285714,1.511857892036909
2026-05-25,6a3fa373da5b18e68c8bc43e,0.0,0,5,0,6a3fa2c4dfa2f6d0ee22ff10,0,11,2,0.0,4.0,0.0,1.3333333333333333,0.5714285714285714,1.511857892036909
2026-05-26,6a3fa373da5b18e68c8bc43e,0.0,1,5,0,6a3fa2c4dfa2f6d0ee22ff10,0,11,2,0.0,0.0,0.0,1.3333333333333333,0.5714285714285714,1.511857892036909
2026-05-27,6a3fa373da5b18e68c8bc43e,0.0,2,5,0,6a3fa2c4dfa2f6d0ee22ff10,0,11,2,0.0,0.0,0.0,0.0,0.5714285714285714,1.511857892036909
2026-05-28,6a3fa373da5b18e68c8bc43e,0.0,3,5,0,6a3fa2c4dfa2f6d0ee22ff10,0,10,2,0.0,0.0,0.0,0.0,0.5714285714285714,1.511857892036909
2026-05-29,6a3fa373da5b18e68c8bc43e,3.0,4,5,0,6a3fa2c4dfa2f6d0ee22ff10,1,12,2,0.0,0.0,0.0,0.0,0.5714285714285714,1.511857892036909
2026-05-30,6a3fa373da5b18e68c8bc43e,1.0,5,5,1,6a3fa2c4dfa2f6d0ee22ff10,1,10,2,3.0,0.0,4.0,1.0,1.0,1.7320508075688772
2026-05-31,6a3fa373da5b18e68c8bc43e,0.0,6,5,1,6a3fa2c4dfa2f6d0ee22ff10,0,5,2,1.0,3.0,0.0,1.3333333333333333,0.5714285714285714,1.1338934190276817
2026-06-01,6a3fa373da5b18e68c8bc43e,0.0,0,6,0,6a3fa2c4dfa2f6d0ee22ff10,0,11,2,0.0,1.0,0.0,1.3333333333333333,0.5714285714285714,1.1338934190276817
2026-06-02,6a3fa373da5b18e68c8bc43e,0.0,1,6,0,6a3fa2c4dfa2f6d0ee22ff10,0,11,2,0.0,0.0,0.0,0.3333333333333333,0.5714285714285714,1.1338934190276817
2026-06-03,6a3fa373da5b18e68c8bc43e,0.0,2,6,0,6a3fa2c4dfa2f6d0ee22ff10,0,11,2,0.0,0.0,0.0,0.0,0.5714285714285714,1.1338934190276817
2026-06-04,6a3fa373da5b18e68c8bc43e,0.0,3,6,0,6a3fa2c4dfa2f6d0ee22ff10,0,10,2,0.0,0.0,0.0,0.0,0.5714285714285714,1.1338934190276817
2026-06-05,6a3fa373da5b18e68c8bc43e,3.0,4,6,0,6a3fa2c4dfa2f6d0ee22ff10,1,12,2,0.0,0.0,3.0,0.0,0.5714285714285714,1.1338934190276817
2026-06-06,6a3fa373da5b18e68c8bc43e,4.0,5,6,1,6a3fa2c4dfa2f6d0ee22ff10,1,10,2,3.0,0.0,1.0,1.0,0.5714285714285714,1.1338934190276817
2026-06-07,6a3fa373da5b18e68c8bc43e,0.0,6,6,1,6a3fa2c4dfa2f6d0ee22ff10,0,5,2,4.0,3.0,0.0,2.3333333333333335,1.0,1.7320508075688772
2026-06-08,6a3fa373da5b18e68c8bc43e,0.0,0,6,0,6a3fa2c4dfa2f6d0ee22ff10,0,11,2,0.0,4.0,0.0,2.3333333333333335,1.0,1.7320508075688772
2026-06-09,6a3fa373da5b18e68c8bc43e,0.0,1,6,0,6a3fa2c4dfa2f6d0ee22ff10,0,11,2,0.0,0.0,0.0,1.3333333333333333,1.0,1.7320508075688772
2026-06-10,6a3fa373da5b18e68c8bc43e,0.0,2,6,0,6a3fa2c4dfa2f6d0ee22ff10,0,11,2,0.0,0.0,0.0,0.0,1.0,1.7320508075688772
2026-06-11,6a3fa373da5b18e68c8bc43e,0.0,3,6,0,6a3fa2c4dfa2f6d0ee22ff10,0,10,2,0.0,0.0,0.0,0.0,1.0,1.7320508075688772
2026-06-12,6a3fa373da5b18e68c8bc43e,0.0,4,6,0,6a3fa2c4dfa2f6d0ee22ff10,1,12,2,0.0,0.0,3.0,0.0,1.0,1.7320508075688772
2026-06-13,6a3fa373da5b18e68c8bc43e,1.0,5,6,1,6a3fa2c4dfa2f6d0ee22ff10,1,10,2,0.0,0.0,4.0,0.0,0.5714285714285714,1.511857892036909
2026-06-14,6a3fa373da5b18e68c8bc43e,0.0,6,6,1,6a3fa2c4dfa2f6d0ee22ff10,0,5,2,1.0,0.0,0.0,0.3333333333333333,0.14285714285714285,0.37796447300922725
2026-06-15,6a3fa373da5b18e68c8bc43e,0.0,0,6,0,6a3fa2c4dfa2f6d0ee22ff10,0,11,2,0.0,1.0,0.0,0.3333333333333333,0.14285714285714285,0.37796447300922725
2026-06-16,6a3fa373da5b18e68c8bc43e,0.0,1,6,0,6a3fa2c4dfa2f6d0ee22ff10,0,11,2,0.0,0.0,0.0,0.3333333333333333,0.14285714285714285,0.37796447300922725
2026-06-17,6a3fa373da5b18e68c8bc43e,0.0,2,6,0,6a3fa2c4dfa2f6d0ee22ff10,0,11,2,0.0,0.0,0.0,0.0,0.14285714285714285,0.37796447300922725
2026-06-18,6a3fa373da5b18e68c8bc43e,0.0,3,6,0,6a3fa2c4dfa2f6d0ee22ff10,0,10,2,0.0,0.0,0.0,0.0,0.14285714285714285,0.37796447300922725
2026-06-19,6a3fa373da5b18e68c8bc43e,3.0,4,6,0,6a3fa2c4dfa2f6d0ee22ff10,1,12,2,0.0,0.0,0.0,0.0,0.14285714285714285,0.37796447300922725
2026-06-20,6a3fa373da5b18e68c8bc43e,0.0,5,6,1,6a3fa2c4dfa2f6d0ee22ff10,1,10,2,3.0,0.0,1.0,1.0,0.5714285714285714,1.1338934190276817
2026-06-21,6a3fa373da5b18e68c8bc43e,0.0,6,6,1,6a3fa2c4dfa2f6d0ee22ff10,0,5,2,0.0,3.0,0.0,1.0,0.42857142857142855,1.1338934190276817
2026-06-22,6a3fa373da5b18e68c8bc43e,0.0,0,6,0,6a3fa2c4dfa2f6d0ee22ff10,0,11,2,0.0,0.0,0.0,1.0,0.42857142857142855,1.1338934190276817
2026-06-23,6a3fa373da5b18e68c8bc43e,0.0,1,6,0,6a3fa2c4dfa2f6d0ee22ff10,0,11,2,0.0,0.0,0.0,0.0,0.42857142857142855,1.1338934190276817
2026-06-24,6a3fa373da5b18e68c8bc43e,0.0,2,6,0,6a3fa2c4dfa2f6d0ee22ff10,0,11,2,0.0,0.0,0.0,0.0,0.42857142857142855,1.1338934190276817
2026-06-25,6a3fa373da5b18e68c8bc43e,0.0,3,6,0,6a3fa2c4dfa2f6d0ee22ff10,0,10,2,0.0,0.0,0.0,0.0,0.42857142857142855,1.1338934190276817
2026-06-26,6a3fa373da5b18e68c8bc43e,0.0,4,6,0,6a3fa2c4dfa2f6d0ee22ff10,1,12,2,0.0,0.0,3.0,0.0,0.42857142857142855,1.1338934190276817
2026-06-27,6a3fa373da5b18e68c8bc43e,0.0,5,6,1,6a3fa2c4dfa2f6d0ee22ff10,1,10,2,0.0,0.0,0.0,0.0,0.0,0.0
2026-04-06,6a3fa373da5b18e68c8bc43f,0.0,0,4,0,6a3fa2c4dfa2f6d0ee22ff10,1,11,2,0.0,0.0,0.0,0.0,0.7142857142857143,1.8898223650461359
2026-04-07,6a3fa373da5b18e68c8bc43f,0.0,1,4,0,6a3fa2c4dfa2f6d0ee22ff10,0,11,2,0.0,0.0,0.0,0.0,0.7142857142857143,1.8898223650461359
2026-04-08,6a3fa373da5b18e68c8bc43f,0.0,2,4,0,6a3fa2c4dfa2f6d0ee22ff10,1,11,2,0.0,0.0,5.0,0.0,0.7142857142857143,1.8898223650461359
2026-04-09,6a3fa373da5b18e68c8bc43f,0.0,3,4,0,6a3fa2c4dfa2f6d0ee22ff10,0,10,2,0.0,0.0,0.0,0.0,0.0,0.0
2026-04-10,6a3fa373da5b18e68c8bc43f,0.0,4,4,0,6a3fa2c4dfa2f6d0ee22ff10,0,12,2,0.0,0.0,0.0,0.0,0.0,0.0
2026-04-11,6a3fa373da5b18e68c8bc43f,0.0,5,4,1,6a3fa2c4dfa2f6d0ee22ff10,0,10,2,0.0,0.0,0.0,0.0,0.0,0.0
2026-04-12,6a3fa373da5b18e68c8bc43f,0.0,6,4,1,6a3fa2c4dfa2f6d0ee22ff10,0,5,2,0.0,0.0,0.0,0.0,0.0,0.0
2026-04-13,6a3fa373da5b18e68c8bc43f,3.0,0,4,0,6a3fa2c4dfa2f6d0ee22ff10,1,11,2,0.0,0.0,0.0,0.0,0.0,0.0
2026-04-14,6a3fa373da5b18e68c8bc43f,0.0,1,4,0,6a3fa2c4dfa2f6d0ee22ff10,0,11,2,3.0,0.0,0.0,1.0,0.42857142857142855,1.1338934190276817
2026-04-15,6a3fa373da5b18e68c8bc43f,4.0,2,4,0,6a3fa2c4dfa2f6d0ee22ff10,1,11,2,0.0,3.0,0.0,1.0,0.42857142857142855,1.1338934190276817
2026-04-16,6a3fa373da5b18e68c8bc43f,0.0,3,4,0,6a3fa2c4dfa2f6d0ee22ff10,0,10,2,4.0,0.0,0.0,2.3333333333333335,1.0,1.7320508075688772
2026-04-17,6a3fa373da5b18e68c8bc43f,0.0,4,4,0,6a3fa2c4dfa2f6d0ee22ff10,0,12,2,0.0,4.0,0.0,1.3333333333333333,1.0,1.7320508075688772
2026-04-18,6a3fa373da5b18e68c8bc43f,0.0,5,4,1,6a3fa2c4dfa2f6d0ee22ff10,0,10,2,0.0,0.0,0.0,1.3333333333333333,1.0,1.7320508075688772
2026-04-19,6a3fa373da5b18e68c8bc43f,0.0,6,4,1,6a3fa2c4dfa2f6d0ee22ff10,0,5,2,0.0,0.0,0.0,0.0,1.0,1.7320508075688772
2026-04-20,6a3fa373da5b18e68c8bc43f,0.0,0,4,0,6a3fa2c4dfa2f6d0ee22ff10,1,11,2,0.0,0.0,3.0,0.0,1.0,1.7320508075688772
2026-04-21,6a3fa373da5b18e68c8bc43f,0.0,1,4,0,6a3fa2c4dfa2f6d0ee22ff10,0,11,2,0.0,0.0,0.0,0.0,0.5714285714285714,1.511857892036909
2026-04-22,6a3fa373da5b18e68c8bc43f,0.0,2,4,0,6a3fa2c4dfa2f6d0ee22ff10,1,11,2,0.0,0.0,4.0,0.0,0.5714285714285714,1.511857892036909
2026-04-23,6a3fa373da5b18e68c8bc43f,0.0,3,4,0,6a3fa2c4dfa2f6d0ee22ff10,0,10,2,0.0,0.0,0.0,0.0,0.0,0.0
2026-04-24,6a3fa373da5b18e68c8bc43f,0.0,4,4,0,6a3fa2c4dfa2f6d0ee22ff10,0,12,2,0.0,0.0,0.0,0.0,0.0,0.0
2026-04-25,6a3fa373da5b18e68c8bc43f,0.0,5,4,1,6a3fa2c4dfa2f6d0ee22ff10,0,10,2,0.0,0.0,0.0,0.0,0.0,0.0
2026-04-26,6a3fa373da5b18e68c8bc43f,0.0,6,4,1,6a3fa2c4dfa2f6d0ee22ff10,0,5,2,0.0,0.0,0.0,0.0,0.0,0.0
2026-04-27,6a3fa373da5b18e68c8bc43f,0.0,0,4,0,6a3fa2c4dfa2f6d0ee22ff10,1,11,2,0.0,0.0,0.0,0.0,0.0,0.0
2026-04-28,6a3fa373da5b18e68c8bc43f,0.0,1,4,0,6a3fa2c4dfa2f6d0ee22ff10,0,11,2,0.0,0.0,0.0,0.0,0.0,0.0
2026-04-29,6a3fa373da5b18e68c8bc43f,0.0,2,4,0,6a3fa2c4dfa2f6d0ee22ff10,1,11,2,0.0,0.0,0.0,0.0,0.0,0.0
2026-04-30,6a3fa373da5b18e68c8bc43f,0.0,3,4,0,6a3fa2c4dfa2f6d0ee22ff10,0,10,2,0.0,0.0,0.0,0.0,0.0,0.0
2026-05-01,6a3fa373da5b18e68c8bc43f,0.0,4,5,0,6a3fa2c4dfa2f6d0ee22ff10,0,12,2,0.0,0.0,0.0,0.0,0.0,0.0
2026-05-02,6a3fa373da5b18e68c8bc43f,0.0,5,5,1,6a3fa2c4dfa2f6d0ee22ff10,0,10,2,0.0,0.0,0.0,0.0,0.0,0.0
2026-05-03,6a3fa373da5b18e68c8bc43f,0.0,6,5,1,6a3fa2c4dfa2f6d0ee22ff10,0,5,2,0.0,0.0,0.0,0.0,0.0,0.0
2026-05-04,6a3fa373da5b18e68c8bc43f,0.0,0,5,0,6a3fa2c4dfa2f6d0ee22ff10,1,11,2,0.0,0.0,0.0,0.0,0.0,0.0
2026-05-05,6a3fa373da5b18e68c8bc43f,0.0,1,5,0,6a3fa2c4dfa2f6d0ee22ff10,0,11,2,0.0,0.0,0.0,0.0,0.0,0.0
2026-05-06,6a3fa373da5b18e68c8bc43f,0.0,2,5,0,6a3fa2c4dfa2f6d0ee22ff10,1,11,2,0.0,0.0,0.0,0.0,0.0,0.0
2026-05-07,6a3fa373da5b18e68c8bc43f,0.0,3,5,0,6a3fa2c4dfa2f6d0ee22ff10,0,10,2,0.0,0.0,0.0,0.0,0.0,0.0
2026-05-08,6a3fa373da5b18e68c8bc43f,0.0,4,5,0,6a3fa2c4dfa2f6d0ee22ff10,0,12,2,0.0,0.0,0.0,0.0,0.0,0.0
2026-05-09,6a3fa373da5b18e68c8bc43f,0.0,5,5,1,6a3fa2c4dfa2f6d0ee22ff10,0,10,2,0.0,0.0,0.0,0.0,0.0,0.0
2026-05-10,6a3fa373da5b18e68c8bc43f,0.0,6,5,1,6a3fa2c4dfa2f6d0ee22ff10,0,5,2,0.0,0.0,0.0,0.0,0.0,0.0
2026-05-11,6a3fa373da5b18e68c8bc43f,0.0,0,5,0,6a3fa2c4dfa2f6d0ee22ff10,1,11,2,0.0,0.0,0.0,0.0,0.0,0.0
2026-05-12,6a3fa373da5b18e68c8bc43f,0.0,1,5,0,6a3fa2c4dfa2f6d0ee22ff10,0,11,2,0.0,0.0,0.0,0.0,0.0,0.0
2026-05-13,6a3fa373da5b18e68c8bc43f,2.0,2,5,0,6a3fa2c4dfa2f6d0ee22ff10,1,11,2,0.0,0.0,0.0,0.0,0.0,0.0
2026-05-14,6a3fa373da5b18e68c8bc43f,0.0,3,5,0,6a3fa2c4dfa2f6d0ee22ff10,0,10,2,2.0,0.0,0.0,0.6666666666666666,0.2857142857142857,0.7559289460184545
2026-05-15,6a3fa373da5b18e68c8bc43f,0.0,4,5,0,6a3fa2c4dfa2f6d0ee22ff10,0,12,2,0.0,2.0,0.0,0.6666666666666666,0.2857142857142857,0.7559289460184545
2026-05-16,6a3fa373da5b18e68c8bc43f,0.0,5,5,1,6a3fa2c4dfa2f6d0ee22ff10,0,10,2,0.0,0.0,0.0,0.6666666666666666,0.2857142857142857,0.7559289460184545
2026-05-17,6a3fa373da5b18e68c8bc43f,0.0,6,5,1,6a3fa2c4dfa2f6d0ee22ff10,0,5,2,0.0,0.0,0.0,0.0,0.2857142857142857,0.7559289460184545
2026-05-18,6a3fa373da5b18e68c8bc43f,2.0,0,5,0,6a3fa2c4dfa2f6d0ee22ff10,1,11,2,0.0,0.0,0.0,0.0,0.2857142857142857,0.7559289460184545
2026-05-19,6a3fa373da5b18e68c8bc43f,0.0,1,5,0,6a3fa2c4dfa2f6d0ee22ff10,0,11,2,2.0,0.0,0.0,0.6666666666666666,0.5714285714285714,0.9759000729485332
2026-05-20,6a3fa373da5b18e68c8bc43f,0.0,2,5,0,6a3fa2c4dfa2f6d0ee22ff10,1,11,2,0.0,2.0,2.0,0.6666666666666666,0.5714285714285714,0.9759000729485333
2026-05-21,6a3fa373da5b18e68c8bc43f,0.0,3,5,0,6a3fa2c4dfa2f6d0ee22ff10,0,10,2,0.0,0.0,0.0,0.6666666666666666,0.2857142857142857,0.7559289460184546
2026-05-22,6a3fa373da5b18e68c8bc43f,0.0,4,5,0,6a3fa2c4dfa2f6d0ee22ff10,0,12,2,0.0,0.0,0.0,0.0,0.2857142857142857,0.7559289460184546
2026-05-23,6a3fa373da5b18e68c8bc43f,0.0,5,5,1,6a3fa2c4dfa2f6d0ee22ff10,0,10,2,0.0,0.0,0.0,0.0,0.2857142857142857,0.7559289460184546
2026-05-24,6a3fa373da5b18e68c8bc43f,0.0,6,5,1,6a3fa2c4dfa2f6d0ee22ff10,0,5,2,0.0,0.0,0.0,0.0,0.2857142857142857,0.7559289460184546
2026-05-25,6a3fa373da5b18e68c8bc43f,2.0,0,5,0,6a3fa2c4dfa2f6d0ee22ff10,1,11,2,0.0,0.0,2.0,0.0,0.2857142857142857,0.7559289460184546
2026-05-26,6a3fa373da5b18e68c8bc43f,0.0,1,5,0,6a3fa2c4dfa2f6d0ee22ff10,0,11,2,2.0,0.0,0.0,0.6666666666666666,0.2857142857142857,0.7559289460184545
2026-05-27,6a3fa373da5b18e68c8bc43f,0.0,2,5,0,6a3fa2c4dfa2f6d0ee22ff10,1,11,2,0.0,2.0,0.0,0.6666666666666666,0.2857142857142857,0.7559289460184545
2026-05-28,6a3fa373da5b18e68c8bc43f,0.0,3,5,0,6a3fa2c4dfa2f6d0ee22ff10,0,10,2,0.0,0.0,0.0,0.6666666666666666,0.2857142857142857,0.7559289460184545
2026-05-29,6a3fa373da5b18e68c8bc43f,0.0,4,5,0,6a3fa2c4dfa2f6d0ee22ff10,0,12,2,0.0,0.0,0.0,0.0,0.2857142857142857,0.7559289460184545
2026-05-30,6a3fa373da5b18e68c8bc43f,0.0,5,5,1,6a3fa2c4dfa2f6d0ee22ff10,0,10,2,0.0,0.0,0.0,0.0,0.2857142857142857,0.7559289460184545
2026-05-31,6a3fa373da5b18e68c8bc43f,0.0,6,5,1,6a3fa2c4dfa2f6d0ee22ff10,0,5,2,0.0,0.0,0.0,0.0,0.2857142857142857,0.7559289460184545
2026-06-01,6a3fa373da5b18e68c8bc43f,0.0,0,6,0,6a3fa2c4dfa2f6d0ee22ff10,1,11,2,0.0,0.0,2.0,0.0,0.2857142857142857,0.7559289460184545
2026-06-02,6a3fa373da5b18e68c8bc43f,0.0,1,6,0,6a3fa2c4dfa2f6d0ee22ff10,0,11,2,0.0,0.0,0.0,0.0,0.0,0.0
2026-06-03,6a3fa373da5b18e68c8bc43f,3.0,2,6,0,6a3fa2c4dfa2f6d0ee22ff10,1,11,2,0.0,0.0,0.0,0.0,0.0,0.0
2026-06-04,6a3fa373da5b18e68c8bc43f,0.0,3,6,0,6a3fa2c4dfa2f6d0ee22ff10,0,10,2,3.0,0.0,0.0,1.0,0.42857142857142855,1.1338934190276817
2026-06-05,6a3fa373da5b18e68c8bc43f,0.0,4,6,0,6a3fa2c4dfa2f6d0ee22ff10,0,12,2,0.0,3.0,0.0,1.0,0.42857142857142855,1.1338934190276817
2026-06-06,6a3fa373da5b18e68c8bc43f,0.0,5,6,1,6a3fa2c4dfa2f6d0ee22ff10,0,10,2,0.0,0.0,0.0,1.0,0.42857142857142855,1.1338934190276817
2026-06-07,6a3fa373da5b18e68c8bc43f,0.0,6,6,1,6a3fa2c4dfa2f6d0ee22ff10,0,5,2,0.0,0.0,0.0,0.0,0.42857142857142855,1.1338934190276817
2026-06-08,6a3fa373da5b18e68c8bc43f,0.0,0,6,0,6a3fa2c4dfa2f6d0ee22ff10,1,11,2,0.0,0.0,0.0,0.0,0.42857142857142855,1.1338934190276817
2026-06-09,6a3fa373da5b18e68c8bc43f,0.0,1,6,0,6a3fa2c4dfa2f6d0ee22ff10,0,11,2,0.0,0.0,0.0,0.0,0.42857142857142855,1.1338934190276817
2026-06-10,6a3fa373da5b18e68c8bc43f,0.0,2,6,0,6a3fa2c4dfa2f6d0ee22ff10,1,11,2,0.0,0.0,3.0,0.0,0.42857142857142855,1.1338934190276817
2026-06-11,6a3fa373da5b18e68c8bc43f,0.0,3,6,0,6a3fa2c4dfa2f6d0ee22ff10,0,10,2,0.0,0.0,0.0,0.0,0.0,0.0
2026-06-12,6a3fa373da5b18e68c8bc43f,0.0,4,6,0,6a3fa2c4dfa2f6d0ee22ff10,0,12,2,0.0,0.0,0.0,0.0,0.0,0.0
2026-06-13,6a3fa373da5b18e68c8bc43f,0.0,5,6,1,6a3fa2c4dfa2f6d0ee22ff10,0,10,2,0.0,0.0,0.0,0.0,0.0,0.0
2026-06-14,6a3fa373da5b18e68c8bc43f,0.0,6,6,1,6a3fa2c4dfa2f6d0ee22ff10,0,5,2,0.0,0.0,0.0,0.0,0.0,0.0
2026-06-15,6a3fa373da5b18e68c8bc43f,2.0,0,6,0,6a3fa2c4dfa2f6d0ee22ff10,1,11,2,0.0,0.0,0.0,0.0,0.0,0.0
2026-06-16,6a3fa373da5b18e68c8bc43f,0.0,1,6,0,6a3fa2c4dfa2f6d0ee22ff10,0,11,2,2.0,0.0,0.0,0.6666666666666666,0.2857142857142857,0.7559289460184545
2026-06-17,6a3fa373da5b18e68c8bc43f,0.0,2,6,0,6a3fa2c4dfa2f6d0ee22ff10,1,11,2,0.0,2.0,0.0,0.6666666666666666,0.2857142857142857,0.7559289460184545
2026-06-18,6a3fa373da5b18e68c8bc43f,0.0,3,6,0,6a3fa2c4dfa2f6d0ee22ff10,0,10,2,0.0,0.0,0.0,0.6666666666666666,0.2857142857142857,0.7559289460184545
2026-06-19,6a3fa373da5b18e68c8bc43f,0.0,4,6,0,6a3fa2c4dfa2f6d0ee22ff10,0,12,2,0.0,0.0,0.0,0.0,0.2857142857142857,0.7559289460184545
2026-06-20,6a3fa373da5b18e68c8bc43f,0.0,5,6,1,6a3fa2c4dfa2f6d0ee22ff10,0,10,2,0.0,0.0,0.0,0.0,0.2857142857142857,0.7559289460184545
2026-06-21,6a3fa373da5b18e68c8bc43f,0.0,6,6,1,6a3fa2c4dfa2f6d0ee22ff10,0,5,2,0.0,0.0,0.0,0.0,0.2857142857142857,0.7559289460184545
2026-06-22,6a3fa373da5b18e68c8bc43f,3.0,0,6,0,6a3fa2c4dfa2f6d0ee22ff10,1,11,2,0.0,0.0,2.0,0.0,0.2857142857142857,0.7559289460184545
2026-06-23,6a3fa373da5b18e68c8bc43f,0.0,1,6,0,6a3fa2c4dfa2f6d0ee22ff10,0,11,2,3.0,0.0,0.0,1.0,0.42857142857142855,1.1338934190276817
2026-06-24,6a3fa373da5b18e68c8bc43f,0.0,2,6,0,6a3fa2c4dfa2f6d0ee22ff10,1,11,2,0.0,3.0,0.0,1.0,0.42857142857142855,1.1338934190276817
2026-06-25,6a3fa373da5b18e68c8bc43f,0.0,3,6,0,6a3fa2c4dfa2f6d0ee22ff10,0,10,2,0.0,0.0,0.0,1.0,0.42857142857142855,1.1338934190276817
2026-06-26,6a3fa373da5b18e68c8bc43f,0.0,4,6,0,6a3fa2c4dfa2f6d0ee22ff10,0,12,2,0.0,0.0,0.0,0.0,0.42857142857142855,1.1338934190276817
2026-06-27,6a3fa373da5b18e68c8bc43f,0.0,5,6,1,6a3fa2c4dfa2f6d0ee22ff10,0,10,2,0.0,0.0,0.0,0.0,0.42857142857142855,1.1338934190276817
2026-04-06,6a3fa373da5b18e68c8bc440,3.0,0,4,0,6a3fa2c4dfa2f6d0ee22ff10,1,11,2,0.0,0.0,1.0,0.0,0.14285714285714285,0.37796447300922725
2026-04-07,6a3fa373da5b18e68c8bc440,0.0,1,4,0,6a3fa2c4dfa2f6d0ee22ff10,0,11,2,3.0,0.0,0.0,1.0,0.42857142857142855,1.1338934190276817
2026-04-08,6a3fa373da5b18e68c8bc440,0.0,2,4,0,6a3fa2c4dfa2f6d0ee22ff10,0,11,2,0.0,3.0,0.0,1.0,0.42857142857142855,1.1338934190276817
2026-04-09,6a3fa373da5b18e68c8bc440,1.0,3,4,0,6a3fa2c4dfa2f6d0ee22ff10,1,10,2,0.0,0.0,0.0,1.0,0.42857142857142855,1.1338934190276817
2026-04-10,6a3fa373da5b18e68c8bc440,0.0,4,4,0,6a3fa2c4dfa2f6d0ee22ff10,0,12,2,1.0,0.0,0.0,0.3333333333333333,0.5714285714285714,1.1338934190276817
2026-04-11,6a3fa373da5b18e68c8bc440,0.0,5,4,1,6a3fa2c4dfa2f6d0ee22ff10,0,10,2,0.0,1.0,0.0,0.3333333333333333,0.5714285714285714,1.1338934190276817
2026-04-12,6a3fa373da5b18e68c8bc440,0.0,6,4,1,6a3fa2c4dfa2f6d0ee22ff10,0,5,2,0.0,0.0,0.0,0.3333333333333333,0.5714285714285714,1.1338934190276817
2026-04-13,6a3fa373da5b18e68c8bc440,5.0,0,4,0,6a3fa2c4dfa2f6d0ee22ff10,1,11,2,0.0,0.0,3.0,0.0,0.5714285714285714,1.1338934190276817
2026-04-14,6a3fa373da5b18e68c8bc440,0.0,1,4,0,6a3fa2c4dfa2f6d0ee22ff10,0,11,2,5.0,0.0,0.0,1.6666666666666667,0.8571428571428571,1.864454471471609
2026-04-15,6a3fa373da5b18e68c8bc440,0.0,2,4,0,6a3fa2c4dfa2f6d0ee22ff10,0,11,2,0.0,5.0,0.0,1.6666666666666667,0.8571428571428571,1.864454471471609
2026-04-16,6a3fa373da5b18e68c8bc440,0.0,3,4,0,6a3fa2c4dfa2f6d0ee22ff10,1,10,2,0.0,0.0,1.0,1.6666666666666667,0.8571428571428571,1.864454471471609
2026-04-17,6a3fa373da5b18e68c8bc440,0.0,4,4,0,6a3fa2c4dfa2f6d0ee22ff10,0,12,2,0.0,0.0,0.0,0.0,0.7142857142857143,1.889822365046136
2026-04-18,6a3fa373da5b18e68c8bc440,0.0,5,4,1,6a3fa2c4dfa2f6d0ee22ff10,0,10,2,0.0,0.0,0.0,0.0,0.7142857142857143,1.889822365046136
2026-04-19,6a3fa373da5b18e68c8bc440,0.0,6,4,1,6a3fa2c4dfa2f6d0ee22ff10,0,5,2,0.0,0.0,0.0,0.0,0.7142857142857143,1.889822365046136
2026-04-20,6a3fa373da5b18e68c8bc440,5.0,0,4,0,6a3fa2c4dfa2f6d0ee22ff10,1,11,2,0.0,0.0,5.0,0.0,0.7142857142857143,1.889822365046136
2026-04-21,6a3fa373da5b18e68c8bc440,0.0,1,4,0,6a3fa2c4dfa2f6d0ee22ff10,0,11,2,5.0,0.0,0.0,1.6666666666666667,0.7142857142857143,1.889822365046136
2026-04-22,6a3fa373da5b18e68c8bc440,0.0,2,4,0,6a3fa2c4dfa2f6d0ee22ff10,0,11,2,0.0,5.0,0.0,1.6666666666666667,0.7142857142857143,1.889822365046136
2026-04-23,6a3fa373da5b18e68c8bc440,0.0,3,4,0,6a3fa2c4dfa2f6d0ee22ff10,1,10,2,0.0,0.0,0.0,1.6666666666666667,0.7142857142857143,1.889822365046136
2026-04-24,6a3fa373da5b18e68c8bc440,0.0,4,4,0,6a3fa2c4dfa2f6d0ee22ff10,0,12,2,0.0,0.0,0.0,0.0,0.7142857142857143,1.889822365046136
2026-04-25,6a3fa373da5b18e68c8bc440,0.0,5,4,1,6a3fa2c4dfa2f6d0ee22ff10,0,10,2,0.0,0.0,0.0,0.0,0.7142857142857143,1.889822365046136
2026-04-26,6a3fa373da5b18e68c8bc440,0.0,6,4,1,6a3fa2c4dfa2f6d0ee22ff10,0,5,2,0.0,0.0,0.0,0.0,0.7142857142857143,1.889822365046136
2026-04-27,6a3fa373da5b18e68c8bc440,0.0,0,4,0,6a3fa2c4dfa2f6d0ee22ff10,1,11,2,0.0,0.0,5.0,0.0,0.7142857142857143,1.889822365046136
2026-04-28,6a3fa373da5b18e68c8bc440,0.0,1,4,0,6a3fa2c4dfa2f6d0ee22ff10,0,11,2,0.0,0.0,0.0,0.0,0.0,0.0
2026-04-29,6a3fa373da5b18e68c8bc440,0.0,2,4,0,6a3fa2c4dfa2f6d0ee22ff10,0,11,2,0.0,0.0,0.0,0.0,0.0,0.0
2026-04-30,6a3fa373da5b18e68c8bc440,0.0,3,4,0,6a3fa2c4dfa2f6d0ee22ff10,1,10,2,0.0,0.0,0.0,0.0,0.0,0.0
2026-05-01,6a3fa373da5b18e68c8bc440,0.0,4,5,0,6a3fa2c4dfa2f6d0ee22ff10,0,12,2,0.0,0.0,0.0,0.0,0.0,0.0
2026-05-02,6a3fa373da5b18e68c8bc440,0.0,5,5,1,6a3fa2c4dfa2f6d0ee22ff10,0,10,2,0.0,0.0,0.0,0.0,0.0,0.0
2026-05-03,6a3fa373da5b18e68c8bc440,0.0,6,5,1,6a3fa2c4dfa2f6d0ee22ff10,0,5,2,0.0,0.0,0.0,0.0,0.0,0.0
2026-05-04,6a3fa373da5b18e68c8bc440,0.0,0,5,0,6a3fa2c4dfa2f6d0ee22ff10,1,11,2,0.0,0.0,0.0,0.0,0.0,0.0
2026-05-05,6a3fa373da5b18e68c8bc440,0.0,1,5,0,6a3fa2c4dfa2f6d0ee22ff10,0,11,2,0.0,0.0,0.0,0.0,0.0,0.0
2026-05-06,6a3fa373da5b18e68c8bc440,0.0,2,5,0,6a3fa2c4dfa2f6d0ee22ff10,0,11,2,0.0,0.0,0.0,0.0,0.0,0.0
2026-05-07,6a3fa373da5b18e68c8bc440,0.0,3,5,0,6a3fa2c4dfa2f6d0ee22ff10,1,10,2,0.0,0.0,0.0,0.0,0.0,0.0
2026-05-08,6a3fa373da5b18e68c8bc440,0.0,4,5,0,6a3fa2c4dfa2f6d0ee22ff10,0,12,2,0.0,0.0,0.0,0.0,0.0,0.0
2026-05-09,6a3fa373da5b18e68c8bc440,0.0,5,5,1,6a3fa2c4dfa2f6d0ee22ff10,0,10,2,0.0,0.0,0.0,0.0,0.0,0.0
2026-05-10,6a3fa373da5b18e68c8bc440,0.0,6,5,1,6a3fa2c4dfa2f6d0ee22ff10,0,5,2,0.0,0.0,0.0,0.0,0.0,0.0
2026-05-11,6a3fa373da5b18e68c8bc440,0.0,0,5,0,6a3fa2c4dfa2f6d0ee22ff10,1,11,2,0.0,0.0,0.0,0.0,0.0,0.0
2026-05-12,6a3fa373da5b18e68c8bc440,0.0,1,5,0,6a3fa2c4dfa2f6d0ee22ff10,0,11,2,0.0,0.0,0.0,0.0,0.0,0.0
2026-05-13,6a3fa373da5b18e68c8bc440,0.0,2,5,0,6a3fa2c4dfa2f6d0ee22ff10,0,11,2,0.0,0.0,0.0,0.0,0.0,0.0
2026-05-14,6a3fa373da5b18e68c8bc440,0.0,3,5,0,6a3fa2c4dfa2f6d0ee22ff10,1,10,2,0.0,0.0,0.0,0.0,0.0,0.0
2026-05-15,6a3fa373da5b18e68c8bc440,0.0,4,5,0,6a3fa2c4dfa2f6d0ee22ff10,0,12,2,0.0,0.0,0.0,0.0,0.0,0.0
2026-05-16,6a3fa373da5b18e68c8bc440,0.0,5,5,1,6a3fa2c4dfa2f6d0ee22ff10,0,10,2,0.0,0.0,0.0,0.0,0.0,0.0
2026-05-17,6a3fa373da5b18e68c8bc440,0.0,6,5,1,6a3fa2c4dfa2f6d0ee22ff10,0,5,2,0.0,0.0,0.0,0.0,0.0,0.0
2026-05-18,6a3fa373da5b18e68c8bc440,0.0,0,5,0,6a3fa2c4dfa2f6d0ee22ff10,1,11,2,0.0,0.0,0.0,0.0,0.0,0.0
2026-05-19,6a3fa373da5b18e68c8bc440,0.0,1,5,0,6a3fa2c4dfa2f6d0ee22ff10,0,11,2,0.0,0.0,0.0,0.0,0.0,0.0
2026-05-20,6a3fa373da5b18e68c8bc440,0.0,2,5,0,6a3fa2c4dfa2f6d0ee22ff10,0,11,2,0.0,0.0,0.0,0.0,0.0,0.0
2026-05-21,6a3fa373da5b18e68c8bc440,0.0,3,5,0,6a3fa2c4dfa2f6d0ee22ff10,1,10,2,0.0,0.0,0.0,0.0,0.0,0.0
2026-05-22,6a3fa373da5b18e68c8bc440,0.0,4,5,0,6a3fa2c4dfa2f6d0ee22ff10,0,12,2,0.0,0.0,0.0,0.0,0.0,0.0
2026-05-23,6a3fa373da5b18e68c8bc440,0.0,5,5,1,6a3fa2c4dfa2f6d0ee22ff10,0,10,2,0.0,0.0,0.0,0.0,0.0,0.0
2026-05-24,6a3fa373da5b18e68c8bc440,0.0,6,5,1,6a3fa2c4dfa2f6d0ee22ff10,0,5,2,0.0,0.0,0.0,0.0,0.0,0.0
2026-05-25,6a3fa373da5b18e68c8bc440,0.0,0,5,0,6a3fa2c4dfa2f6d0ee22ff10,1,11,2,0.0,0.0,0.0,0.0,0.0,0.0
2026-05-26,6a3fa373da5b18e68c8bc440,0.0,1,5,0,6a3fa2c4dfa2f6d0ee22ff10,0,11,2,0.0,0.0,0.0,0.0,0.0,0.0
2026-05-27,6a3fa373da5b18e68c8bc440,0.0,2,5,0,6a3fa2c4dfa2f6d0ee22ff10,0,11,2,0.0,0.0,0.0,0.0,0.0,0.0
2026-05-28,6a3fa373da5b18e68c8bc440,0.0,3,5,0,6a3fa2c4dfa2f6d0ee22ff10,1,10,2,0.0,0.0,0.0,0.0,0.0,0.0
2026-05-29,6a3fa373da5b18e68c8bc440,0.0,4,5,0,6a3fa2c4dfa2f6d0ee22ff10,0,12,2,0.0,0.0,0.0,0.0,0.0,0.0
2026-05-30,6a3fa373da5b18e68c8bc440,0.0,5,5,1,6a3fa2c4dfa2f6d0ee22ff10,0,10,2,0.0,0.0,0.0,0.0,0.0,0.0
2026-05-31,6a3fa373da5b18e68c8bc440,0.0,6,5,1,6a3fa2c4dfa2f6d0ee22ff10,0,5,2,0.0,0.0,0.0,0.0,0.0,0.0
2026-06-01,6a3fa373da5b18e68c8bc440,3.0,0,6,0,6a3fa2c4dfa2f6d0ee22ff10,1,11,2,0.0,0.0,0.0,0.0,0.0,0.0
2026-06-02,6a3fa373da5b18e68c8bc440,0.0,1,6,0,6a3fa2c4dfa2f6d0ee22ff10,0,11,2,3.0,0.0,0.0,1.0,0.42857142857142855,1.1338934190276817
2026-06-03,6a3fa373da5b18e68c8bc440,0.0,2,6,0,6a3fa2c4dfa2f6d0ee22ff10,0,11,2,0.0,3.0,0.0,1.0,0.42857142857142855,1.1338934190276817
2026-06-04,6a3fa373da5b18e68c8bc440,0.0,3,6,0,6a3fa2c4dfa2f6d0ee22ff10,1,10,2,0.0,0.0,0.0,1.0,0.42857142857142855,1.1338934190276817
2026-06-05,6a3fa373da5b18e68c8bc440,0.0,4,6,0,6a3fa2c4dfa2f6d0ee22ff10,0,12,2,0.0,0.0,0.0,0.0,0.42857142857142855,1.1338934190276817
2026-06-06,6a3fa373da5b18e68c8bc440,0.0,5,6,1,6a3fa2c4dfa2f6d0ee22ff10,0,10,2,0.0,0.0,0.0,0.0,0.42857142857142855,1.1338934190276817
2026-06-07,6a3fa373da5b18e68c8bc440,0.0,6,6,1,6a3fa2c4dfa2f6d0ee22ff10,0,5,2,0.0,0.0,0.0,0.0,0.42857142857142855,1.1338934190276817
2026-06-08,6a3fa373da5b18e68c8bc440,3.0,0,6,0,6a3fa2c4dfa2f6d0ee22ff10,1,11,2,0.0,0.0,3.0,0.0,0.42857142857142855,1.1338934190276817
2026-06-09,6a3fa373da5b18e68c8bc440,0.0,1,6,0,6a3fa2c4dfa2f6d0ee22ff10,0,11,2,3.0,0.0,0.0,1.0,0.42857142857142855,1.1338934190276817
2026-06-10,6a3fa373da5b18e68c8bc440,0.0,2,6,0,6a3fa2c4dfa2f6d0ee22ff10,0,11,2,0.0,3.0,0.0,1.0,0.42857142857142855,1.1338934190276817
2026-06-11,6a3fa373da5b18e68c8bc440,0.0,3,6,0,6a3fa2c4dfa2f6d0ee22ff10,1,10,2,0.0,0.0,0.0,1.0,0.42857142857142855,1.1338934190276817
2026-06-12,6a3fa373da5b18e68c8bc440,0.0,4,6,0,6a3fa2c4dfa2f6d0ee22ff10,0,12,2,0.0,0.0,0.0,0.0,0.42857142857142855,1.1338934190276817
2026-06-13,6a3fa373da5b18e68c8bc440,0.0,5,6,1,6a3fa2c4dfa2f6d0ee22ff10,0,10,2,0.0,0.0,0.0,0.0,0.42857142857142855,1.1338934190276817
2026-06-14,6a3fa373da5b18e68c8bc440,0.0,6,6,1,6a3fa2c4dfa2f6d0ee22ff10,0,5,2,0.0,0.0,0.0,0.0,0.42857142857142855,1.1338934190276817
2026-06-15,6a3fa373da5b18e68c8bc440,6.0,0,6,0,6a3fa2c4dfa2f6d0ee22ff10,1,11,2,0.0,0.0,3.0,0.0,0.42857142857142855,1.1338934190276817
2026-06-16,6a3fa373da5b18e68c8bc440,0.0,1,6,0,6a3fa2c4dfa2f6d0ee22ff10,0,11,2,6.0,0.0,0.0,2.0,0.8571428571428571,2.2677868380553634
2026-06-17,6a3fa373da5b18e68c8bc440,0.0,2,6,0,6a3fa2c4dfa2f6d0ee22ff10,0,11,2,0.0,6.0,0.0,2.0,0.8571428571428571,2.2677868380553634
2026-06-18,6a3fa373da5b18e68c8bc440,2.0,3,6,0,6a3fa2c4dfa2f6d0ee22ff10,1,10,2,0.0,0.0,0.0,2.0,0.8571428571428571,2.2677868380553634
2026-06-19,6a3fa373da5b18e68c8bc440,0.0,4,6,0,6a3fa2c4dfa2f6d0ee22ff10,0,12,2,2.0,0.0,0.0,0.6666666666666666,1.1428571428571428,2.2677868380553634
2026-06-20,6a3fa373da5b18e68c8bc440,0.0,5,6,1,6a3fa2c4dfa2f6d0ee22ff10,0,10,2,0.0,2.0,0.0,0.6666666666666666,1.1428571428571428,2.2677868380553634
2026-06-21,6a3fa373da5b18e68c8bc440,0.0,6,6,1,6a3fa2c4dfa2f6d0ee22ff10,0,5,2,0.0,0.0,0.0,0.6666666666666666,1.1428571428571428,2.2677868380553634
2026-06-22,6a3fa373da5b18e68c8bc440,2.0,0,6,0,6a3fa2c4dfa2f6d0ee22ff10,1,11,2,0.0,0.0,6.0,0.0,1.1428571428571428,2.2677868380553634
2026-06-23,6a3fa373da5b18e68c8bc440,0.0,1,6,0,6a3fa2c4dfa2f6d0ee22ff10,0,11,2,2.0,0.0,0.0,0.6666666666666666,0.5714285714285714,0.9759000729485331
2026-06-24,6a3fa373da5b18e68c8bc440,0.0,2,6,0,6a3fa2c4dfa2f6d0ee22ff10,0,11,2,0.0,2.0,0.0,0.6666666666666666,0.5714285714285714,0.9759000729485331
2026-06-25,6a3fa373da5b18e68c8bc440,0.0,3,6,0,6a3fa2c4dfa2f6d0ee22ff10,1,10,2,0.0,0.0,2.0,0.6666666666666666,0.5714285714285714,0.9759000729485331
2026-06-26,6a3fa373da5b18e68c8bc440,0.0,4,6,0,6a3fa2c4dfa2f6d0ee22ff10,0,12,2,0.0,0.0,0.0,0.0,0.2857142857142857,0.7559289460184543
2026-06-27,6a3fa373da5b18e68c8bc440,0.0,5,6,1,6a3fa2c4dfa2f6d0ee22ff10,0,10,2,0.0,0.0,0.0,0.0,0.2857142857142857,0.7559289460184543
2026-04-06,6a3fa373da5b18e68c8bc441,3.0,0,4,0,6a3fa2c4dfa2f6d0ee22ff11,1,11,4,0.0,0.0,4.0,0.3333333333333333,0.7142857142857143,1.4960264830861913
2026-04-07,6a3fa373da5b18e68c8bc441,0.0,1,4,0,6a3fa2c4dfa2f6d0ee22ff11,0,11,4,3.0,0.0,0.0,1.0,0.5714285714285714,1.133893419027682
2026-04-08,6a3fa373da5b18e68c8bc441,0.0,2,4,0,6a3fa2c4dfa2f6d0ee22ff11,1,11,4,0.0,3.0,0.0,1.0,0.5714285714285714,1.133893419027682
2026-04-09,6a3fa373da5b18e68c8bc441,0.0,3,4,0,6a3fa2c4dfa2f6d0ee22ff11,0,10,4,0.0,0.0,0.0,1.0,0.5714285714285714,1.133893419027682
2026-04-10,6a3fa373da5b18e68c8bc441,0.0,4,4,0,6a3fa2c4dfa2f6d0ee22ff11,1,12,4,0.0,0.0,1.0,0.0,0.5714285714285714,1.133893419027682
2026-04-11,6a3fa373da5b18e68c8bc441,0.0,5,4,1,6a3fa2c4dfa2f6d0ee22ff11,1,10,4,0.0,0.0,0.0,0.0,0.42857142857142855,1.133893419027682
2026-04-12,6a3fa373da5b18e68c8bc441,0.0,6,4,1,6a3fa2c4dfa2f6d0ee22ff11,0,5,4,0.0,0.0,0.0,0.0,0.42857142857142855,1.133893419027682
2026-04-13,6a3fa373da5b18e68c8bc441,0.0,0,4,0,6a3fa2c4dfa2f6d0ee22ff11,1,11,4,0.0,0.0,3.0,0.0,0.42857142857142855,1.133893419027682
2026-04-14,6a3fa373da5b18e68c8bc441,0.0,1,4,0,6a3fa2c4dfa2f6d0ee22ff11,0,11,4,0.0,0.0,0.0,0.0,0.0,0.0
2026-04-15,6a3fa373da5b18e68c8bc441,3.0,2,4,0,6a3fa2c4dfa2f6d0ee22ff11,1,11,4,0.0,0.0,0.0,0.0,0.0,0.0
2026-04-16,6a3fa373da5b18e68c8bc441,0.0,3,4,0,6a3fa2c4dfa2f6d0ee22ff11,0,10,4,3.0,0.0,0.0,1.0,0.42857142857142855,1.1338934190276817
2026-04-17,6a3fa373da5b18e68c8bc441,0.0,4,4,0,6a3fa2c4dfa2f6d0ee22ff11,1,12,4,0.0,3.0,0.0,1.0,0.42857142857142855,1.1338934190276817
2026-04-18,6a3fa373da5b18e68c8bc441,0.0,5,4,1,6a3fa2c4dfa2f6d0ee22ff11,1,10,4,0.0,0.0,0.0,1.0,0.42857142857142855,1.1338934190276817
2026-04-19,6a3fa373da5b18e68c8bc441,0.0,6,4,1,6a3fa2c4dfa2f6d0ee22ff11,0,5,4,0.0,0.0,0.0,0.0,0.42857142857142855,1.1338934190276817
2026-04-20,6a3fa373da5b18e68c8bc441,0.0,0,4,0,6a3fa2c4dfa2f6d0ee22ff11,1,11,4,0.0,0.0,0.0,0.0,0.42857142857142855,1.1338934190276817
2026-04-21,6a3fa373da5b18e68c8bc441,0.0,1,4,0,6a3fa2c4dfa2f6d0ee22ff11,0,11,4,0.0,0.0,0.0,0.0,0.42857142857142855,1.1338934190276817
2026-04-22,6a3fa373da5b18e68c8bc441,0.0,2,4,0,6a3fa2c4dfa2f6d0ee22ff11,1,11,4,0.0,0.0,3.0,0.0,0.42857142857142855,1.1338934190276817
2026-04-23,6a3fa373da5b18e68c8bc441,0.0,3,4,0,6a3fa2c4dfa2f6d0ee22ff11,0,10,4,0.0,0.0,0.0,0.0,0.0,0.0
2026-04-24,6a3fa373da5b18e68c8bc441,3.0,4,4,0,6a3fa2c4dfa2f6d0ee22ff11,1,12,4,0.0,0.0,0.0,0.0,0.0,0.0
2026-04-25,6a3fa373da5b18e68c8bc441,1.0,5,4,1,6a3fa2c4dfa2f6d0ee22ff11,1,10,4,3.0,0.0,0.0,1.0,0.42857142857142855,1.1338934190276817
2026-04-26,6a3fa373da5b18e68c8bc441,0.0,6,4,1,6a3fa2c4dfa2f6d0ee22ff11,0,5,4,1.0,3.0,0.0,1.3333333333333333,0.5714285714285714,1.1338934190276817
2026-04-27,6a3fa373da5b18e68c8bc441,1.0,0,4,0,6a3fa2c4dfa2f6d0ee22ff11,1,11,4,0.0,1.0,0.0,1.3333333333333333,0.5714285714285714,1.1338934190276817
2026-04-28,6a3fa373da5b18e68c8bc441,0.0,1,4,0,6a3fa2c4dfa2f6d0ee22ff11,0,11,4,1.0,0.0,0.0,0.6666666666666666,0.7142857142857143,1.1126972805283737
2026-04-29,6a3fa373da5b18e68c8bc441,1.0,2,4,0,6a3fa2c4dfa2f6d0ee22ff11,1,11,4,0.0,1.0,0.0,0.3333333333333333,0.7142857142857143,1.1126972805283737
2026-04-30,6a3fa373da5b18e68c8bc441,0.0,3,4,0,6a3fa2c4dfa2f6d0ee22ff11,0,10,4,1.0,0.0,0.0,0.6666666666666666,0.8571428571428571,1.0690449676496976
2026-05-01,6a3fa373da5b18e68c8bc441,0.0,4,5,0,6a3fa2c4dfa2f6d0ee22ff11,1,12,4,0.0,1.0,3.0,0.3333333333333333,0.8571428571428571,1.0690449676496976
2026-05-02,6a3fa373da5b18e68c8bc441,0.0,5,5,1,6a3fa2c4dfa2f6d0ee22ff11,1,10,4,0.0,0.0,1.0,0.3333333333333333,0.42857142857142855,0.5345224838248489
2026-05-03,6a3fa373da5b18e68c8bc441,0.0,6,5,1,6a3fa2c4dfa2f6d0ee22ff11,0,5,4,0.0,0.0,0.0,0.0,0.2857142857142857,0.48795003647426677
2026-05-04,6a3fa373da5b18e68c8bc441,0.0,0,5,0,6a3fa2c4dfa2f6d0ee22ff11,1,11,4,0.0,0.0,1.0,0.0,0.2857142857142857,0.48795003647426677
2026-05-05,6a3fa373da5b18e68c8bc441,0.0,1,5,0,6a3fa2c4dfa2f6d0ee22ff11,0,11,4,0.0,0.0,0.0,0.0,0.14285714285714285,0.37796447300922753
2026-05-06,6a3fa373da5b18e68c8bc441,3.0,2,5,0,6a3fa2c4dfa2f6d0ee22ff11,1,11,4,0.0,0.0,1.0,0.0,0.14285714285714285,0.37796447300922753
2026-05-07,6a3fa373da5b18e68c8bc441,0.0,3,5,0,6a3fa2c4dfa2f6d0ee22ff11,0,10,4,3.0,0.0,0.0,1.0,0.42857142857142855,1.1338934190276817
2026-05-08,6a3fa373da5b18e68c8bc441,2.0,4,5,0,6a3fa2c4dfa2f6d0ee22ff11,1,12,4,0.0,3.0,0.0,1.0,0.42857142857142855,1.1338934190276817
2026-05-09,6a3fa373da5b18e68c8bc441,1.0,5,5,1,6a3fa2c4dfa2f6d0ee22ff11,1,10,4,2.0,0.0,0.0,1.6666666666666667,0.7142857142857143,1.2535663410560174
2026-05-10,6a3fa373da5b18e68c8bc441,0.0,6,5,1,6a3fa2c4dfa2f6d0ee22ff11,0,5,4,1.0,2.0,0.0,1.0,0.8571428571428571,1.2149857925879117
2026-05-11,6a3fa373da5b18e68c8bc441,0.0,0,5,0,6a3fa2c4dfa2f6d0ee22ff11,1,11,4,0.0,1.0,0.0,1.0,0.8571428571428571,1.2149857925879117
2026-05-12,6a3fa373da5b18e68c8bc441,0.0,1,5,0,6a3fa2c4dfa2f6d0ee22ff11,0,11,4,0.0,0.0,0.0,0.3333333333333333,0.8571428571428571,1.2149857925879117
2026-05-13,6a3fa373da5b18e68c8bc441,1.0,2,5,0,6a3fa2c4dfa2f6d0ee22ff11,1,11,4,0.0,0.0,3.0,0.0,0.8571428571428571,1.2149857925879117
2026-05-14,6a3fa373da5b18e68c8bc441,0.0,3,5,0,6a3fa2c4dfa2f6d0ee22ff11,0,10,4,1.0,0.0,0.0,0.3333333333333333,0.5714285714285714,0.7867957924694432
2026-05-15,6a3fa373da5b18e68c8bc441,0.0,4,5,0,6a3fa2c4dfa2f6d0ee22ff11,1,12,4,0.0,1.0,2.0,0.3333333333333333,0.5714285714285714,0.7867957924694432
2026-05-16,6a3fa373da5b18e68c8bc441,2.0,5,5,1,6a3fa2c4dfa2f6d0ee22ff11,1,10,4,0.0,0.0,1.0,0.3333333333333333,0.2857142857142857,0.48795003647426677
2026-05-17,6a3fa373da5b18e68c8bc441,0.0,6,5,1,6a3fa2c4dfa2f6d0ee22ff11,0,5,4,2.0,0.0,0.0,0.6666666666666666,0.42857142857142855,0.7867957924694432
2026-05-18,6a3fa373da5b18e68c8bc441,0.0,0,5,0,6a3fa2c4dfa2f6d0ee22ff11,1,11,4,0.0,2.0,0.0,0.6666666666666666,0.42857142857142855,0.7867957924694432
2026-05-19,6a3fa373da5b18e68c8bc441,0.0,1,5,0,6a3fa2c4dfa2f6d0ee22ff11,0,11,4,0.0,0.0,0.0,0.6666666666666666,0.42857142857142855,0.7867957924694432
2026-05-20,6a3fa373da5b18e68c8bc441,1.0,2,5,0,6a3fa2c4dfa2f6d0ee22ff11,1,11,4,0.0,0.0,1.0,0.0,0.42857142857142855,0.7867957924694432
2026-05-21,6a3fa373da5b18e68c8bc441,0.0,3,5,0,6a3fa2c4dfa2f6d0ee22ff11,0,10,4,1.0,0.0,0.0,0.3333333333333333,0.42857142857142855,0.7867957924694432
2026-05-22,6a3fa373da5b18e68c8bc441,2.0,4,5,0,6a3fa2c4dfa2f6d0ee22ff11,1,12,4,0.0,1.0,0.0,0.3333333333333333,0.42857142857142855,0.7867957924694432
2026-05-23,6a3fa373da5b18e68c8bc441,3.0,5,5,1,6a3fa2c4dfa2f6d0ee22ff11,1,10,4,2.0,0.0,2.0,1.0,0.7142857142857143,0.951189731211342
2026-05-24,6a3fa373da5b18e68c8bc441,0.0,6,5,1,6a3fa2c4dfa2f6d0ee22ff11,0,5,4,3.0,2.0,0.0,1.6666666666666667,0.8571428571428571,1.2149857925879117
2026-05-25,6a3fa373da5b18e68c8bc441,0.0,0,5,0,6a3fa2c4dfa2f6d0ee22ff11,1,11,4,0.0,3.0,0.0,1.6666666666666667,0.8571428571428571,1.2149857925879117
2026-05-26,6a3fa373da5b18e68c8bc441,0.0,1,5,0,6a3fa2c4dfa2f6d0ee22ff11,0,11,4,0.0,0.0,0.0,1.0,0.8571428571428571,1.2149857925879117
2026-05-27,6a3fa373da5b18e68c8bc441,3.0,2,5,0,6a3fa2c4dfa2f6d0ee22ff11,1,11,4,0.0,0.0,1.0,0.0,0.8571428571428571,1.2149857925879117
2026-05-28,6a3fa373da5b18e68c8bc441,0.0,3,5,0,6a3fa2c4dfa2f6d0ee22ff11,0,10,4,3.0,0.0,0.0,1.0,1.1428571428571428,1.4638501094227998
2026-05-29,6a3fa373da5b18e68c8bc441,0.0,4,5,0,6a3fa2c4dfa2f6d0ee22ff11,1,12,4,0.0,3.0,2.0,1.0,1.1428571428571428,1.4638501094227998
2026-05-30,6a3fa373da5b18e68c8bc441,0.0,5,5,1,6a3fa2c4dfa2f6d0ee22ff11,1,10,4,0.0,0.0,3.0,1.0,0.8571428571428571,1.4638501094227998
2026-05-31,6a3fa373da5b18e68c8bc441,0.0,6,5,1,6a3fa2c4dfa2f6d0ee22ff11,0,5,4,0.0,0.0,0.0,0.0,0.42857142857142855,1.1338934190276817
2026-06-01,6a3fa373da5b18e68c8bc441,2.0,0,6,0,6a3fa2c4dfa2f6d0ee22ff11,1,11,4,0.0,0.0,0.0,0.0,0.42857142857142855,1.1338934190276817
2026-06-02,6a3fa373da5b18e68c8bc441,0.0,1,6,0,6a3fa2c4dfa2f6d0ee22ff11,0,11,4,2.0,0.0,0.0,0.6666666666666666,0.7142857142857143,1.2535663410560174
2026-06-03,6a3fa373da5b18e68c8bc441,3.0,2,6,0,6a3fa2c4dfa2f6d0ee22ff11,1,11,4,0.0,2.0,3.0,0.6666666666666666,0.7142857142857143,1.2535663410560174
2026-06-04,6a3fa373da5b18e68c8bc441,0.0,3,6,0,6a3fa2c4dfa2f6d0ee22ff11,0,10,4,3.0,0.0,0.0,1.6666666666666667,0.7142857142857143,1.2535663410560174
2026-06-05,6a3fa373da5b18e68c8bc441,0.0,4,6,0,6a3fa2c4dfa2f6d0ee22ff11,1,12,4,0.0,3.0,0.0,1.0,0.7142857142857143,1.2535663410560174
2026-06-06,6a3fa373da5b18e68c8bc441,0.0,5,6,1,6a3fa2c4dfa2f6d0ee22ff11,1,10,4,0.0,0.0,0.0,1.0,0.7142857142857143,1.2535663410560174
2026-06-07,6a3fa373da5b18e68c8bc441,0.0,6,6,1,6a3fa2c4dfa2f6d0ee22ff11,0,5,4,0.0,0.0,0.0,0.0,0.7142857142857143,1.2535663410560174
2026-06-08,6a3fa373da5b18e68c8bc441,3.0,0,6,0,6a3fa2c4dfa2f6d0ee22ff11,1,11,4,0.0,0.0,2.0,0.0,0.7142857142857143,1.2535663410560174
2026-06-09,6a3fa373da5b18e68c8bc441,0.0,1,6,0,6a3fa2c4dfa2f6d0ee22ff11,0,11,4,3.0,0.0,0.0,1.0,0.8571428571428571,1.4638501094227998
2026-06-10,6a3fa373da5b18e68c8bc441,0.0,2,6,0,6a3fa2c4dfa2f6d0ee22ff11,1,11,4,0.0,3.0,3.0,1.0,0.8571428571428571,1.4638501094227998
2026-06-11,6a3fa373da5b18e68c8bc441,0.0,3,6,0,6a3fa2c4dfa2f6d0ee22ff11,0,10,4,0.0,0.0,0.0,1.0,0.42857142857142855,1.1338934190276817
2026-06-12,6a3fa373da5b18e68c8bc441,0.0,4,6,0,6a3fa2c4dfa2f6d0ee22ff11,1,12,4,0.0,0.0,0.0,0.0,0.42857142857142855,1.1338934190276817
2026-06-13,6a3fa373da5b18e68c8bc441,2.0,5,6,1,6a3fa2c4dfa2f6d0ee22ff11,1,10,4,0.0,0.0,0.0,0.0,0.42857142857142855,1.1338934190276817
2026-06-14,6a3fa373da5b18e68c8bc441,0.0,6,6,1,6a3fa2c4dfa2f6d0ee22ff11,0,5,4,2.0,0.0,0.0,0.6666666666666666,0.7142857142857143,1.2535663410560174
2026-06-15,6a3fa373da5b18e68c8bc441,0.0,0,6,0,6a3fa2c4dfa2f6d0ee22ff11,1,11,4,0.0,2.0,3.0,0.6666666666666666,0.7142857142857143,1.2535663410560174
2026-06-16,6a3fa373da5b18e68c8bc441,0.0,1,6,0,6a3fa2c4dfa2f6d0ee22ff11,0,11,4,0.0,0.0,0.0,0.6666666666666666,0.2857142857142857,0.7559289460184543
2026-06-17,6a3fa373da5b18e68c8bc441,0.0,2,6,0,6a3fa2c4dfa2f6d0ee22ff11,1,11,4,0.0,0.0,0.0,0.0,0.2857142857142857,0.7559289460184543
2026-06-18,6a3fa373da5b18e68c8bc441,0.0,3,6,0,6a3fa2c4dfa2f6d0ee22ff11,0,10,4,0.0,0.0,0.0,0.0,0.2857142857142857,0.7559289460184543
2026-06-19,6a3fa373da5b18e68c8bc441,3.0,4,6,0,6a3fa2c4dfa2f6d0ee22ff11,1,12,4,0.0,0.0,0.0,0.0,0.2857142857142857,0.7559289460184543
2026-06-20,6a3fa373da5b18e68c8bc441,0.0,5,6,1,6a3fa2c4dfa2f6d0ee22ff11,1,10,4,3.0,0.0,2.0,1.0,0.7142857142857143,1.2535663410560174
2026-06-21,6a3fa373da5b18e68c8bc441,0.0,6,6,1,6a3fa2c4dfa2f6d0ee22ff11,0,5,4,0.0,3.0,0.0,1.0,0.42857142857142855,1.1338934190276815
2026-06-22,6a3fa373da5b18e68c8bc441,0.0,0,6,0,6a3fa2c4dfa2f6d0ee22ff11,1,11,4,0.0,0.0,0.0,1.0,0.42857142857142855,1.1338934190276815
2026-06-23,6a3fa373da5b18e68c8bc441,0.0,1,6,0,6a3fa2c4dfa2f6d0ee22ff11,0,11,4,0.0,0.0,0.0,0.0,0.42857142857142855,1.1338934190276815
2026-06-24,6a3fa373da5b18e68c8bc441,0.0,2,6,0,6a3fa2c4dfa2f6d0ee22ff11,1,11,4,0.0,0.0,0.0,0.0,0.42857142857142855,1.1338934190276815
2026-06-25,6a3fa373da5b18e68c8bc441,0.0,3,6,0,6a3fa2c4dfa2f6d0ee22ff11,0,10,4,0.0,0.0,0.0,0.0,0.42857142857142855,1.1338934190276815
2026-06-26,6a3fa373da5b18e68c8bc441,0.0,4,6,0,6a3fa2c4dfa2f6d0ee22ff11,1,12,4,0.0,0.0,3.0,0.0,0.42857142857142855,1.1338934190276815
2026-06-27,6a3fa373da5b18e68c8bc441,0.0,5,6,1,6a3fa2c4dfa2f6d0ee22ff11,1,10,4,0.0,0.0,0.0,0.0,0.0,0.0
2026-04-06,6a3fa373da5b18e68c8bc442,0.0,0,4,0,6a3fa2c4dfa2f6d0ee22ff11,1,11,4,0.0,2.0,3.0,0.6666666666666666,1.1428571428571428,1.4638501094227998
2026-04-07,6a3fa373da5b18e68c8bc442,0.0,1,4,0,6a3fa2c4dfa2f6d0ee22ff11,0,11,4,0.0,0.0,0.0,0.6666666666666666,0.7142857142857143,1.2535663410560174
2026-04-08,6a3fa373da5b18e68c8bc442,1.0,2,4,0,6a3fa2c4dfa2f6d0ee22ff11,1,11,4,0.0,0.0,3.0,0.0,0.7142857142857143,1.2535663410560174
2026-04-09,6a3fa373da5b18e68c8bc442,0.0,3,4,0,6a3fa2c4dfa2f6d0ee22ff11,0,10,4,1.0,0.0,0.0,0.3333333333333333,0.42857142857142855,0.786795792469443
2026-04-10,6a3fa373da5b18e68c8bc442,0.0,4,4,0,6a3fa2c4dfa2f6d0ee22ff11,1,12,4,0.0,1.0,0.0,0.3333333333333333,0.42857142857142855,0.786795792469443
2026-04-11,6a3fa373da5b18e68c8bc442,0.0,5,4,1,6a3fa2c4dfa2f6d0ee22ff11,1,10,4,0.0,0.0,2.0,0.3333333333333333,0.42857142857142855,0.786795792469443
2026-04-12,6a3fa373da5b18e68c8bc442,0.0,6,4,1,6a3fa2c4dfa2f6d0ee22ff11,0,5,4,0.0,0.0,0.0,0.0,0.14285714285714285,0.37796447300922675
2026-04-13,6a3fa373da5b18e68c8bc442,2.0,0,4,0,6a3fa2c4dfa2f6d0ee22ff11,1,11,4,0.0,0.0,0.0,0.0,0.14285714285714285,0.37796447300922675
2026-04-14,6a3fa373da5b18e68c8bc442,0.0,1,4,0,6a3fa2c4dfa2f6d0ee22ff11,0,11,4,2.0,0.0,0.0,0.6666666666666666,0.42857142857142855,0.786795792469443
2026-04-15,6a3fa373da5b18e68c8bc442,0.0,2,4,0,6a3fa2c4dfa2f6d0ee22ff11,1,11,4,0.0,2.0,1.0,0.6666666666666666,0.42857142857142855,0.786795792469443
2026-04-16,6a3fa373da5b18e68c8bc442,0.0,3,4,0,6a3fa2c4dfa2f6d0ee22ff11,0,10,4,0.0,0.0,0.0,0.6666666666666666,0.2857142857142857,0.7559289460184543
2026-04-17,6a3fa373da5b18e68c8bc442,2.0,4,4,0,6a3fa2c4dfa2f6d0ee22ff11,1,12,4,0.0,0.0,0.0,0.0,0.2857142857142857,0.7559289460184543
2026-04-18,6a3fa373da5b18e68c8bc442,0.0,5,4,1,6a3fa2c4dfa2f6d0ee22ff11,1,10,4,2.0,0.0,0.0,0.6666666666666666,0.5714285714285714,0.9759000729485331
2026-04-19,6a3fa373da5b18e68c8bc442,0.0,6,4,1,6a3fa2c4dfa2f6d0ee22ff11,0,5,4,0.0,2.0,0.0,0.6666666666666666,0.5714285714285714,0.9759000729485331
2026-04-20,6a3fa373da5b18e68c8bc442,0.0,0,4,0,6a3fa2c4dfa2f6d0ee22ff11,1,11,4,0.0,0.0,2.0,0.6666666666666666,0.5714285714285714,0.9759000729485331
2026-04-21,6a3fa373da5b18e68c8bc442,0.0,1,4,0,6a3fa2c4dfa2f6d0ee22ff11,0,11,4,0.0,0.0,0.0,0.0,0.2857142857142857,0.7559289460184544
2026-04-22,6a3fa373da5b18e68c8bc442,4.0,2,4,0,6a3fa2c4dfa2f6d0ee22ff11,1,11,4,0.0,0.0,0.0,0.0,0.2857142857142857,0.7559289460184544
2026-04-23,6a3fa373da5b18e68c8bc442,0.0,3,4,0,6a3fa2c4dfa2f6d0ee22ff11,0,10,4,4.0,0.0,0.0,1.3333333333333333,0.8571428571428571,1.5735915849388862
2026-04-24,6a3fa373da5b18e68c8bc442,0.0,4,4,0,6a3fa2c4dfa2f6d0ee22ff11,1,12,4,0.0,4.0,2.0,1.3333333333333333,0.8571428571428571,1.5735915849388862
2026-04-25,6a3fa373da5b18e68c8bc442,1.0,5,4,1,6a3fa2c4dfa2f6d0ee22ff11,1,10,4,0.0,0.0,0.0,1.3333333333333333,0.5714285714285714,1.5118578920369088
2026-04-26,6a3fa373da5b18e68c8bc442,0.0,6,4,1,6a3fa2c4dfa2f6d0ee22ff11,0,5,4,1.0,0.0,0.0,0.3333333333333333,0.7142857142857143,1.4960264830861911
2026-04-27,6a3fa373da5b18e68c8bc442,2.0,0,4,0,6a3fa2c4dfa2f6d0ee22ff11,1,11,4,0.0,1.0,0.0,0.3333333333333333,0.7142857142857143,1.4960264830861911
2026-04-28,6a3fa373da5b18e68c8bc442,0.0,1,4,0,6a3fa2c4dfa2f6d0ee22ff11,0,11,4,2.0,0.0,0.0,1.0,1.0,1.5275252316519465
2026-04-29,6a3fa373da5b18e68c8bc442,0.0,2,4,0,6a3fa2c4dfa2f6d0ee22ff11,1,11,4,0.0,2.0,4.0,0.6666666666666666,1.0,1.5275252316519465
2026-04-30,6a3fa373da5b18e68c8bc442,0.0,3,4,0,6a3fa2c4dfa2f6d0ee22ff11,0,10,4,0.0,0.0,0.0,0.6666666666666666,0.42857142857142855,0.786795792469443
2026-05-01,6a3fa373da5b18e68c8bc442,0.0,4,5,0,6a3fa2c4dfa2f6d0ee22ff11,1,12,4,0.0,0.0,0.0,0.0,0.42857142857142855,0.786795792469443
2026-05-02,6a3fa373da5b18e68c8bc442,3.0,5,5,1,6a3fa2c4dfa2f6d0ee22ff11,1,10,4,0.0,0.0,1.0,0.0,0.42857142857142855,0.786795792469443
2026-05-03,6a3fa373da5b18e68c8bc442,0.0,6,5,1,6a3fa2c4dfa2f6d0ee22ff11,0,5,4,3.0,0.0,0.0,1.0,0.7142857142857143,1.2535663410560174
2026-05-04,6a3fa373da5b18e68c8bc442,0.0,0,5,0,6a3fa2c4dfa2f6d0ee22ff11,1,11,4,0.0,3.0,2.0,1.0,0.7142857142857143,1.2535663410560174
2026-05-05,6a3fa373da5b18e68c8bc442,0.0,1,5,0,6a3fa2c4dfa2f6d0ee22ff11,0,11,4,0.0,0.0,0.0,1.0,0.42857142857142855,1.1338934190276815
2026-05-06,6a3fa373da5b18e68c8bc442,3.0,2,5,0,6a3fa2c4dfa2f6d0ee22ff11,1,11,4,0.0,0.0,0.0,0.0,0.42857142857142855,1.1338934190276815
2026-05-07,6a3fa373da5b18e68c8bc442,0.0,3,5,0,6a3fa2c4dfa2f6d0ee22ff11,0,10,4,3.0,0.0,0.0,1.0,0.8571428571428571,1.4638501094227996
2026-05-08,6a3fa373da5b18e68c8bc442,0.0,4,5,0,6a3fa2c4dfa2f6d0ee22ff11,1,12,4,0.0,3.0,0.0,1.0,0.8571428571428571,1.4638501094227996
2026-05-09,6a3fa373da5b18e68c8bc442,0.0,5,5,1,6a3fa2c4dfa2f6d0ee22ff11,1,10,4,0.0,0.0,3.0,1.0,0.8571428571428571,1.4638501094227996
2026-05-10,6a3fa373da5b18e68c8bc442,0.0,6,5,1,6a3fa2c4dfa2f6d0ee22ff11,0,5,4,0.0,0.0,0.0,0.0,0.42857142857142855,1.1338934190276815
2026-05-11,6a3fa373da5b18e68c8bc442,1.0,0,5,0,6a3fa2c4dfa2f6d0ee22ff11,1,11,4,0.0,0.0,0.0,0.0,0.42857142857142855,1.1338934190276815
2026-05-12,6a3fa373da5b18e68c8bc442,0.0,1,5,0,6a3fa2c4dfa2f6d0ee22ff11,0,11,4,1.0,0.0,0.0,0.3333333333333333,0.5714285714285714,1.1338934190276815
2026-05-13,6a3fa373da5b18e68c8bc442,0.0,2,5,0,6a3fa2c4dfa2f6d0ee22ff11,1,11,4,0.0,1.0,3.0,0.3333333333333333,0.5714285714285714,1.1338934190276815
2026-05-14,6a3fa373da5b18e68c8bc442,0.0,3,5,0,6a3fa2c4dfa2f6d0ee22ff11,0,10,4,0.0,0.0,0.0,0.3333333333333333,0.14285714285714285,0.37796447300922636
2026-05-15,6a3fa373da5b18e68c8bc442,0.0,4,5,0,6a3fa2c4dfa2f6d0ee22ff11,1,12,4,0.0,0.0,0.0,0.0,0.14285714285714285,0.37796447300922636
2026-05-16,6a3fa373da5b18e68c8bc442,0.0,5,5,1,6a3fa2c4dfa2f6d0ee22ff11,1,10,4,0.0,0.0,0.0,0.0,0.14285714285714285,0.37796447300922636
2026-05-17,6a3fa373da5b18e68c8bc442,0.0,6,5,1,6a3fa2c4dfa2f6d0ee22ff11,0,5,4,0.0,0.0,0.0,0.0,0.14285714285714285,0.37796447300922636
2026-05-18,6a3fa373da5b18e68c8bc442,1.0,0,5,0,6a3fa2c4dfa2f6d0ee22ff11,1,11,4,0.0,0.0,1.0,0.0,0.14285714285714285,0.37796447300922636
2026-05-19,6a3fa373da5b18e68c8bc442,0.0,1,5,0,6a3fa2c4dfa2f6d0ee22ff11,0,11,4,1.0,0.0,0.0,0.3333333333333333,0.14285714285714285,0.37796447300922725
2026-05-20,6a3fa373da5b18e68c8bc442,0.0,2,5,0,6a3fa2c4dfa2f6d0ee22ff11,1,11,4,0.0,1.0,0.0,0.3333333333333333,0.14285714285714285,0.37796447300922725
2026-05-21,6a3fa373da5b18e68c8bc442,0.0,3,5,0,6a3fa2c4dfa2f6d0ee22ff11,0,10,4,0.0,0.0,0.0,0.3333333333333333,0.14285714285714285,0.37796447300922725
2026-05-22,6a3fa373da5b18e68c8bc442,0.0,4,5,0,6a3fa2c4dfa2f6d0ee22ff11,1,12,4,0.0,0.0,0.0,0.0,0.14285714285714285,0.37796447300922725
2026-05-23,6a3fa373da5b18e68c8bc442,0.0,5,5,1,6a3fa2c4dfa2f6d0ee22ff11,1,10,4,0.0,0.0,0.0,0.0,0.14285714285714285,0.37796447300922725
2026-05-24,6a3fa373da5b18e68c8bc442,0.0,6,5,1,6a3fa2c4dfa2f6d0ee22ff11,0,5,4,0.0,0.0,0.0,0.0,0.14285714285714285,0.37796447300922725
2026-05-25,6a3fa373da5b18e68c8bc442,2.0,0,5,0,6a3fa2c4dfa2f6d0ee22ff11,1,11,4,0.0,0.0,1.0,0.0,0.14285714285714285,0.37796447300922725
2026-05-26,6a3fa373da5b18e68c8bc442,0.0,1,5,0,6a3fa2c4dfa2f6d0ee22ff11,0,11,4,2.0,0.0,0.0,0.6666666666666666,0.2857142857142857,0.7559289460184545
2026-05-27,6a3fa373da5b18e68c8bc442,1.0,2,5,0,6a3fa2c4dfa2f6d0ee22ff11,1,11,4,0.0,2.0,0.0,0.6666666666666666,0.2857142857142857,0.7559289460184545
2026-05-28,6a3fa373da5b18e68c8bc442,0.0,3,5,0,6a3fa2c4dfa2f6d0ee22ff11,0,10,4,1.0,0.0,0.0,1.0,0.42857142857142855,0.7867957924694432
2026-05-29,6a3fa373da5b18e68c8bc442,0.0,4,5,0,6a3fa2c4dfa2f6d0ee22ff11,1,12,4,0.0,1.0,0.0,0.3333333333333333,0.42857142857142855,0.7867957924694432
2026-05-30,6a3fa373da5b18e68c8bc442,0.0,5,5,1,6a3fa2c4dfa2f6d0ee22ff11,1,10,4,0.0,0.0,0.0,0.3333333333333333,0.42857142857142855,0.7867957924694432
2026-05-31,6a3fa373da5b18e68c8bc442,0.0,6,5,1,6a3fa2c4dfa2f6d0ee22ff11,0,5,4,0.0,0.0,0.0,0.0,0.42857142857142855,0.7867957924694432
2026-06-01,6a3fa373da5b18e68c8bc442,3.0,0,6,0,6a3fa2c4dfa2f6d0ee22ff11,1,11,4,0.0,0.0,2.0,0.0,0.42857142857142855,0.7867957924694432
2026-06-02,6a3fa373da5b18e68c8bc442,0.0,1,6,0,6a3fa2c4dfa2f6d0ee22ff11,0,11,4,3.0,0.0,0.0,1.0,0.5714285714285714,1.1338934190276817
2026-06-03,6a3fa373da5b18e68c8bc442,3.0,2,6,0,6a3fa2c4dfa2f6d0ee22ff11,1,11,4,0.0,3.0,1.0,1.0,0.5714285714285714,1.1338934190276817
2026-06-04,6a3fa373da5b18e68c8bc442,0.0,3,6,0,6a3fa2c4dfa2f6d0ee22ff11,0,10,4,3.0,0.0,0.0,2.0,0.8571428571428571,1.4638501094227998
2026-06-05,6a3fa373da5b18e68c8bc442,3.0,4,6,0,6a3fa2c4dfa2f6d0ee22ff11,1,12,4,0.0,3.0,0.0,1.0,0.8571428571428571,1.4638501094227998
2026-06-06,6a3fa373da5b18e68c8bc442,1.0,5,6,1,6a3fa2c4dfa2f6d0ee22ff11,1,10,4,3.0,0.0,0.0,2.0,1.2857142857142858,1.6035674514745464
2026-06-07,6a3fa373da5b18e68c8bc442,0.0,6,6,1,6a3fa2c4dfa2f6d0ee22ff11,0,5,4,1.0,3.0,0.0,1.3333333333333333,1.4285714285714286,1.5118578920369088
2026-06-08,6a3fa373da5b18e68c8bc442,1.0,0,6,0,6a3fa2c4dfa2f6d0ee22ff11,1,11,4,0.0,1.0,3.0,1.3333333333333333,1.4285714285714286,1.5118578920369088
2026-06-09,6a3fa373da5b18e68c8bc442,0.0,1,6,0,6a3fa2c4dfa2f6d0ee22ff11,0,11,4,1.0,0.0,0.0,0.6666666666666666,1.1428571428571428,1.3451854182690983
2026-06-10,6a3fa373da5b18e68c8bc442,0.0,2,6,0,6a3fa2c4dfa2f6d0ee22ff11,1,11,4,0.0,1.0,3.0,0.3333333333333333,1.1428571428571428,1.3451854182690983
2026-06-11,6a3fa373da5b18e68c8bc442,0.0,3,6,0,6a3fa2c4dfa2f6d0ee22ff11,0,10,4,0.0,0.0,0.0,0.3333333333333333,0.7142857142857143,1.1126972805283732
2026-06-12,6a3fa373da5b18e68c8bc442,0.0,4,6,0,6a3fa2c4dfa2f6d0ee22ff11,1,12,4,0.0,0.0,3.0,0.0,0.7142857142857143,1.1126972805283732
2026-06-13,6a3fa373da5b18e68c8bc442,1.0,5,6,1,6a3fa2c4dfa2f6d0ee22ff11,1,10,4,0.0,0.0,1.0,0.0,0.2857142857142857,0.48795003647426577
2026-06-14,6a3fa373da5b18e68c8bc442,0.0,6,6,1,6a3fa2c4dfa2f6d0ee22ff11,0,5,4,1.0,0.0,0.0,0.3333333333333333,0.2857142857142857,0.48795003647426577
2026-06-15,6a3fa373da5b18e68c8bc442,2.0,0,6,0,6a3fa2c4dfa2f6d0ee22ff11,1,11,4,0.0,1.0,1.0,0.3333333333333333,0.2857142857142857,0.48795003647426577
2026-06-16,6a3fa373da5b18e68c8bc442,0.0,1,6,0,6a3fa2c4dfa2f6d0ee22ff11,0,11,4,2.0,0.0,0.0,1.0,0.42857142857142855,0.7867957924694426
2026-06-17,6a3fa373da5b18e68c8bc442,1.0,2,6,0,6a3fa2c4dfa2f6d0ee22ff11,1,11,4,0.0,2.0,0.0,0.6666666666666666,0.42857142857142855,0.7867957924694426
2026-06-18,6a3fa373da5b18e68c8bc442,0.0,3,6,0,6a3fa2c4dfa2f6d0ee22ff11,0,10,4,1.0,0.0,0.0,1.0,0.5714285714285714,0.7867957924694426
2026-06-19,6a3fa373da5b18e68c8bc442,1.0,4,6,0,6a3fa2c4dfa2f6d0ee22ff11,1,12,4,0.0,1.0,0.0,0.3333333333333333,0.5714285714285714,0.7867957924694426
2026-06-20,6a3fa373da5b18e68c8bc442,3.0,5,6,1,6a3fa2c4dfa2f6d0ee22ff11,1,10,4,1.0,0.0,1.0,0.6666666666666666,0.7142857142857143,0.755928946018454
2026-06-21,6a3fa373da5b18e68c8bc442,0.0,6,6,1,6a3fa2c4dfa2f6d0ee22ff11,0,5,4,3.0,1.0,0.0,1.3333333333333333,1.0,1.1547005383792512
2026-06-22,6a3fa373da5b18e68c8bc442,3.0,0,6,0,6a3fa2c4dfa2f6d0ee22ff11,1,11,4,0.0,3.0,2.0,1.3333333333333333,1.0,1.1547005383792512
2026-06-23,6a3fa373da5b18e68c8bc442,0.0,1,6,0,6a3fa2c4dfa2f6d0ee22ff11,0,11,4,3.0,0.0,0.0,2.0,1.1428571428571428,1.3451854182690983
2026-06-24,6a3fa373da5b18e68c8bc442,2.0,2,6,0,6a3fa2c4dfa2f6d0ee22ff11,1,11,4,0.0,3.0,1.0,1.0,1.1428571428571428,1.3451854182690983
2026-06-25,6a3fa373da5b18e68c8bc442,0.0,3,6,0,6a3fa2c4dfa2f6d0ee22ff11,0,10,4,2.0,0.0,0.0,1.6666666666666667,1.2857142857142858,1.3801311186847083
2026-06-26,6a3fa373da5b18e68c8bc442,0.0,4,6,0,6a3fa2c4dfa2f6d0ee22ff11,1,12,4,0.0,2.0,1.0,0.6666666666666666,1.2857142857142858,1.3801311186847083
2026-06-27,6a3fa373da5b18e68c8bc442,0.0,5,6,1,6a3fa2c4dfa2f6d0ee22ff11,1,10,4,0.0,0.0,3.0,0.6666666666666666,1.1428571428571428,1.4638501094227996
2026-04-06,6a3fa373da5b18e68c8bc443,0.0,0,4,0,6a3fa2c4dfa2f6d0ee22ff11,0,11,2,0.0,0.0,0.0,0.0,0.42857142857142855,1.1338934190276817
2026-04-07,6a3fa373da5b18e68c8bc443,0.0,1,4,0,6a3fa2c4dfa2f6d0ee22ff11,1,11,2,0.0,0.0,3.0,0.0,0.42857142857142855,1.1338934190276817
2026-04-08,6a3fa373da5b18e68c8bc443,0.0,2,4,0,6a3fa2c4dfa2f6d0ee22ff11,0,11,2,0.0,0.0,0.0,0.0,0.0,0.0
2026-04-09,6a3fa373da5b18e68c8bc443,1.0,3,4,0,6a3fa2c4dfa2f6d0ee22ff11,1,10,2,0.0,0.0,0.0,0.0,0.0,0.0
2026-04-10,6a3fa373da5b18e68c8bc443,0.0,4,4,0,6a3fa2c4dfa2f6d0ee22ff11,0,12,2,1.0,0.0,0.0,0.3333333333333333,0.14285714285714285,0.37796447300922725
2026-04-11,6a3fa373da5b18e68c8bc443,0.0,5,4,1,6a3fa2c4dfa2f6d0ee22ff11,0,10,2,0.0,1.0,0.0,0.3333333333333333,0.14285714285714285,0.37796447300922725
2026-04-12,6a3fa373da5b18e68c8bc443,0.0,6,4,1,6a3fa2c4dfa2f6d0ee22ff11,0,5,2,0.0,0.0,0.0,0.3333333333333333,0.14285714285714285,0.37796447300922725
2026-04-13,6a3fa373da5b18e68c8bc443,0.0,0,4,0,6a3fa2c4dfa2f6d0ee22ff11,0,11,2,0.0,0.0,0.0,0.0,0.14285714285714285,0.37796447300922725
2026-04-14,6a3fa373da5b18e68c8bc443,0.0,1,4,0,6a3fa2c4dfa2f6d0ee22ff11,1,11,2,0.0,0.0,0.0,0.0,0.14285714285714285,0.37796447300922725
2026-04-15,6a3fa373da5b18e68c8bc443,0.0,2,4,0,6a3fa2c4dfa2f6d0ee22ff11,0,11,2,0.0,0.0,0.0,0.0,0.14285714285714285,0.37796447300922725
2026-04-16,6a3fa373da5b18e68c8bc443,4.0,3,4,0,6a3fa2c4dfa2f6d0ee22ff11,1,10,2,0.0,0.0,1.0,0.0,0.14285714285714285,0.37796447300922725
2026-04-17,6a3fa373da5b18e68c8bc443,0.0,4,4,0,6a3fa2c4dfa2f6d0ee22ff11,0,12,2,4.0,0.0,0.0,1.3333333333333333,0.5714285714285714,1.511857892036909
2026-04-18,6a3fa373da5b18e68c8bc443,0.0,5,4,1,6a3fa2c4dfa2f6d0ee22ff11,0,10,2,0.0,4.0,0.0,1.3333333333333333,0.5714285714285714,1.511857892036909
2026-04-19,6a3fa373da5b18e68c8bc443,0.0,6,4,1,6a3fa2c4dfa2f6d0ee22ff11,0,5,2,0.0,0.0,0.0,1.3333333333333333,0.5714285714285714,1.511857892036909
2026-04-20,6a3fa373da5b18e68c8bc443,0.0,0,4,0,6a3fa2c4dfa2f6d0ee22ff11,0,11,2,0.0,0.0,0.0,0.0,0.5714285714285714,1.511857892036909
2026-04-21,6a3fa373da5b18e68c8bc443,2.0,1,4,0,6a3fa2c4dfa2f6d0ee22ff11,1,11,2,0.0,0.0,0.0,0.0,0.5714285714285714,1.511857892036909
2026-04-22,6a3fa373da5b18e68c8bc443,0.0,2,4,0,6a3fa2c4dfa2f6d0ee22ff11,0,11,2,2.0,0.0,0.0,0.6666666666666666,0.8571428571428571,1.5735915849388864
2026-04-23,6a3fa373da5b18e68c8bc443,0.0,3,4,0,6a3fa2c4dfa2f6d0ee22ff11,1,10,2,0.0,2.0,4.0,0.6666666666666666,0.8571428571428571,1.5735915849388864
2026-04-24,6a3fa373da5b18e68c8bc443,0.0,4,4,0,6a3fa2c4dfa2f6d0ee22ff11,0,12,2,0.0,0.0,0.0,0.6666666666666666,0.2857142857142857,0.7559289460184545
2026-04-25,6a3fa373da5b18e68c8bc443,0.0,5,4,1,6a3fa2c4dfa2f6d0ee22ff11,0,10,2,0.0,0.0,0.0,0.0,0.2857142857142857,0.7559289460184545
2026-04-26,6a3fa373da5b18e68c8bc443,0.0,6,4,1,6a3fa2c4dfa2f6d0ee22ff11,0,5,2,0.0,0.0,0.0,0.0,0.2857142857142857,0.7559289460184545
2026-04-27,6a3fa373da5b18e68c8bc443,0.0,0,4,0,6a3fa2c4dfa2f6d0ee22ff11,0,11,2,0.0,0.0,0.0,0.0,0.2857142857142857,0.7559289460184545
2026-04-28,6a3fa373da5b18e68c8bc443,0.0,1,4,0,6a3fa2c4dfa2f6d0ee22ff11,1,11,2,0.0,0.0,2.0,0.0,0.2857142857142857,0.7559289460184545
2026-04-29,6a3fa373da5b18e68c8bc443,0.0,2,4,0,6a3fa2c4dfa2f6d0ee22ff11,0,11,2,0.0,0.0,0.0,0.0,0.0,0.0
2026-04-30,6a3fa373da5b18e68c8bc443,0.0,3,4,0,6a3fa2c4dfa2f6d0ee22ff11,1,10,2,0.0,0.0,0.0,0.0,0.0,0.0
2026-05-01,6a3fa373da5b18e68c8bc443,0.0,4,5,0,6a3fa2c4dfa2f6d0ee22ff11,0,12,2,0.0,0.0,0.0,0.0,0.0,0.0
2026-05-02,6a3fa373da5b18e68c8bc443,0.0,5,5,1,6a3fa2c4dfa2f6d0ee22ff11,0,10,2,0.0,0.0,0.0,0.0,0.0,0.0
2026-05-03,6a3fa373da5b18e68c8bc443,0.0,6,5,1,6a3fa2c4dfa2f6d0ee22ff11,0,5,2,0.0,0.0,0.0,0.0,0.0,0.0
2026-05-04,6a3fa373da5b18e68c8bc443,0.0,0,5,0,6a3fa2c4dfa2f6d0ee22ff11,0,11,2,0.0,0.0,0.0,0.0,0.0,0.0
2026-05-05,6a3fa373da5b18e68c8bc443,2.0,1,5,0,6a3fa2c4dfa2f6d0ee22ff11,1,11,2,0.0,0.0,0.0,0.0,0.0,0.0
2026-05-06,6a3fa373da5b18e68c8bc443,0.0,2,5,0,6a3fa2c4dfa2f6d0ee22ff11,0,11,2,2.0,0.0,0.0,0.6666666666666666,0.2857142857142857,0.7559289460184545
2026-05-07,6a3fa373da5b18e68c8bc443,2.0,3,5,0,6a3fa2c4dfa2f6d0ee22ff11,1,10,2,0.0,2.0,0.0,0.6666666666666666,0.2857142857142857,0.7559289460184545
2026-05-08,6a3fa373da5b18e68c8bc443,0.0,4,5,0,6a3fa2c4dfa2f6d0ee22ff11,0,12,2,2.0,0.0,0.0,1.3333333333333333,0.5714285714285714,0.9759000729485332
2026-05-09,6a3fa373da5b18e68c8bc443,0.0,5,5,1,6a3fa2c4dfa2f6d0ee22ff11,0,10,2,0.0,2.0,0.0,0.6666666666666666,0.5714285714285714,0.9759000729485333
2026-05-10,6a3fa373da5b18e68c8bc443,0.0,6,5,1,6a3fa2c4dfa2f6d0ee22ff11,0,5,2,0.0,0.0,0.0,0.6666666666666666,0.5714285714285714,0.9759000729485333
2026-05-11,6a3fa373da5b18e68c8bc443,0.0,0,5,0,6a3fa2c4dfa2f6d0ee22ff11,0,11,2,0.0,0.0,0.0,0.0,0.5714285714285714,0.9759000729485333
2026-05-12,6a3fa373da5b18e68c8bc443,1.0,1,5,0,6a3fa2c4dfa2f6d0ee22ff11,1,11,2,0.0,0.0,2.0,0.0,0.5714285714285714,0.9759000729485333
2026-05-13,6a3fa373da5b18e68c8bc443,0.0,2,5,0,6a3fa2c4dfa2f6d0ee22ff11,0,11,2,1.0,0.0,0.0,0.3333333333333333,0.42857142857142855,0.7867957924694432
2026-05-14,6a3fa373da5b18e68c8bc443,0.0,3,5,0,6a3fa2c4dfa2f6d0ee22ff11,1,10,2,0.0,1.0,2.0,0.3333333333333333,0.42857142857142855,0.7867957924694432
2026-05-15,6a3fa373da5b18e68c8bc443,0.0,4,5,0,6a3fa2c4dfa2f6d0ee22ff11,0,12,2,0.0,0.0,0.0,0.3333333333333333,0.14285714285714285,0.3779644730092273
2026-05-16,6a3fa373da5b18e68c8bc443,0.0,5,5,1,6a3fa2c4dfa2f6d0ee22ff11,0,10,2,0.0,0.0,0.0,0.0,0.14285714285714285,0.3779644730092273
2026-05-17,6a3fa373da5b18e68c8bc443,0.0,6,5,1,6a3fa2c4dfa2f6d0ee22ff11,0,5,2,0.0,0.0,0.0,0.0,0.14285714285714285,0.3779644730092273
2026-05-18,6a3fa373da5b18e68c8bc443,0.0,0,5,0,6a3fa2c4dfa2f6d0ee22ff11,0,11,2,0.0,0.0,0.0,0.0,0.14285714285714285,0.3779644730092273
2026-05-19,6a3fa373da5b18e68c8bc443,3.0,1,5,0,6a3fa2c4dfa2f6d0ee22ff11,1,11,2,0.0,0.0,1.0,0.0,0.14285714285714285,0.3779644730092273
2026-05-20,6a3fa373da5b18e68c8bc443,0.0,2,5,0,6a3fa2c4dfa2f6d0ee22ff11,0,11,2,3.0,0.0,0.0,1.0,0.42857142857142855,1.1338934190276817
2026-05-21,6a3fa373da5b18e68c8bc443,0.0,3,5,0,6a3fa2c4dfa2f6d0ee22ff11,1,10,2,0.0,3.0,0.0,1.0,0.42857142857142855,1.1338934190276817
2026-05-22,6a3fa373da5b18e68c8bc443,0.0,4,5,0,6a3fa2c4dfa2f6d0ee22ff11,0,12,2,0.0,0.0,0.0,1.0,0.42857142857142855,1.1338934190276817
2026-05-23,6a3fa373da5b18e68c8bc443,0.0,5,5,1,6a3fa2c4dfa2f6d0ee22ff11,0,10,2,0.0,0.0,0.0,0.0,0.42857142857142855,1.1338934190276817
2026-05-24,6a3fa373da5b18e68c8bc443,0.0,6,5,1,6a3fa2c4dfa2f6d0ee22ff11,0,5,2,0.0,0.0,0.0,0.0,0.42857142857142855,1.1338934190276817
2026-05-25,6a3fa373da5b18e68c8bc443,0.0,0,5,0,6a3fa2c4dfa2f6d0ee22ff11,0,11,2,0.0,0.0,0.0,0.0,0.42857142857142855,1.1338934190276817
2026-05-26,6a3fa373da5b18e68c8bc443,3.0,1,5,0,6a3fa2c4dfa2f6d0ee22ff11,1,11,2,0.0,0.0,3.0,0.0,0.42857142857142855,1.1338934190276817
2026-05-27,6a3fa373da5b18e68c8bc443,0.0,2,5,0,6a3fa2c4dfa2f6d0ee22ff11,0,11,2,3.0,0.0,0.0,1.0,0.42857142857142855,1.1338934190276817
2026-05-28,6a3fa373da5b18e68c8bc443,2.0,3,5,0,6a3fa2c4dfa2f6d0ee22ff11,1,10,2,0.0,3.0,0.0,1.0,0.42857142857142855,1.1338934190276817
2026-05-29,6a3fa373da5b18e68c8bc443,0.0,4,5,0,6a3fa2c4dfa2f6d0ee22ff11,0,12,2,2.0,0.0,0.0,1.6666666666666667,0.7142857142857143,1.2535663410560174
2026-05-30,6a3fa373da5b18e68c8bc443,0.0,5,5,1,6a3fa2c4dfa2f6d0ee22ff11,0,10,2,0.0,2.0,0.0,0.6666666666666666,0.7142857142857143,1.2535663410560174
2026-05-31,6a3fa373da5b18e68c8bc443,0.0,6,5,1,6a3fa2c4dfa2f6d0ee22ff11,0,5,2,0.0,0.0,0.0,0.6666666666666666,0.7142857142857143,1.2535663410560174
2026-06-01,6a3fa373da5b18e68c8bc443,0.0,0,6,0,6a3fa2c4dfa2f6d0ee22ff11,0,11,2,0.0,0.0,0.0,0.0,0.7142857142857143,1.2535663410560174
2026-06-02,6a3fa373da5b18e68c8bc443,0.0,1,6,0,6a3fa2c4dfa2f6d0ee22ff11,1,11,2,0.0,0.0,3.0,0.0,0.7142857142857143,1.2535663410560174
2026-06-03,6a3fa373da5b18e68c8bc443,0.0,2,6,0,6a3fa2c4dfa2f6d0ee22ff11,0,11,2,0.0,0.0,0.0,0.0,0.2857142857142857,0.7559289460184545
2026-06-04,6a3fa373da5b18e68c8bc443,0.0,3,6,0,6a3fa2c4dfa2f6d0ee22ff11,1,10,2,0.0,0.0,2.0,0.0,0.2857142857142857,0.7559289460184545
2026-06-05,6a3fa373da5b18e68c8bc443,0.0,4,6,0,6a3fa2c4dfa2f6d0ee22ff11,0,12,2,0.0,0.0,0.0,0.0,0.0,0.0
2026-06-06,6a3fa373da5b18e68c8bc443,0.0,5,6,1,6a3fa2c4dfa2f6d0ee22ff11,0,10,2,0.0,0.0,0.0,0.0,0.0,0.0
2026-06-07,6a3fa373da5b18e68c8bc443,0.0,6,6,1,6a3fa2c4dfa2f6d0ee22ff11,0,5,2,0.0,0.0,0.0,0.0,0.0,0.0
2026-06-08,6a3fa373da5b18e68c8bc443,0.0,0,6,0,6a3fa2c4dfa2f6d0ee22ff11,0,11,2,0.0,0.0,0.0,0.0,0.0,0.0
2026-06-09,6a3fa373da5b18e68c8bc443,1.0,1,6,0,6a3fa2c4dfa2f6d0ee22ff11,1,11,2,0.0,0.0,0.0,0.0,0.0,0.0
2026-06-10,6a3fa373da5b18e68c8bc443,0.0,2,6,0,6a3fa2c4dfa2f6d0ee22ff11,0,11,2,1.0,0.0,0.0,0.3333333333333333,0.14285714285714285,0.37796447300922725
2026-06-11,6a3fa373da5b18e68c8bc443,1.0,3,6,0,6a3fa2c4dfa2f6d0ee22ff11,1,10,2,0.0,1.0,0.0,0.3333333333333333,0.14285714285714285,0.37796447300922725
2026-06-12,6a3fa373da5b18e68c8bc443,0.0,4,6,0,6a3fa2c4dfa2f6d0ee22ff11,0,12,2,1.0,0.0,0.0,0.6666666666666666,0.2857142857142857,0.4879500364742666
2026-06-13,6a3fa373da5b18e68c8bc443,0.0,5,6,1,6a3fa2c4dfa2f6d0ee22ff11,0,10,2,0.0,1.0,0.0,0.3333333333333333,0.2857142857142857,0.48795003647426666
2026-06-14,6a3fa373da5b18e68c8bc443,0.0,6,6,1,6a3fa2c4dfa2f6d0ee22ff11,0,5,2,0.0,0.0,0.0,0.3333333333333333,0.2857142857142857,0.48795003647426666
2026-06-15,6a3fa373da5b18e68c8bc443,0.0,0,6,0,6a3fa2c4dfa2f6d0ee22ff11,0,11,2,0.0,0.0,0.0,0.0,0.2857142857142857,0.48795003647426666
2026-06-16,6a3fa373da5b18e68c8bc443,0.0,1,6,0,6a3fa2c4dfa2f6d0ee22ff11,1,11,2,0.0,0.0,1.0,0.0,0.2857142857142857,0.48795003647426666
2026-06-17,6a3fa373da5b18e68c8bc443,0.0,2,6,0,6a3fa2c4dfa2f6d0ee22ff11,0,11,2,0.0,0.0,0.0,0.0,0.14285714285714285,0.3779644730092273
2026-06-18,6a3fa373da5b18e68c8bc443,2.0,3,6,0,6a3fa2c4dfa2f6d0ee22ff11,1,10,2,0.0,0.0,1.0,0.0,0.14285714285714285,0.3779644730092273
2026-06-19,6a3fa373da5b18e68c8bc443,0.0,4,6,0,6a3fa2c4dfa2f6d0ee22ff11,0,12,2,2.0,0.0,0.0,0.6666666666666666,0.2857142857142857,0.7559289460184545
2026-06-20,6a3fa373da5b18e68c8bc443,0.0,5,6,1,6a3fa2c4dfa2f6d0ee22ff11,0,10,2,0.0,2.0,0.0,0.6666666666666666,0.2857142857142857,0.7559289460184545
2026-06-21,6a3fa373da5b18e68c8bc443,0.0,6,6,1,6a3fa2c4dfa2f6d0ee22ff11,0,5,2,0.0,0.0,0.0,0.6666666666666666,0.2857142857142857,0.7559289460184545
2026-06-22,6a3fa373da5b18e68c8bc443,0.0,0,6,0,6a3fa2c4dfa2f6d0ee22ff11,0,11,2,0.0,0.0,0.0,0.0,0.2857142857142857,0.7559289460184545
2026-06-23,6a3fa373da5b18e68c8bc443,0.0,1,6,0,6a3fa2c4dfa2f6d0ee22ff11,1,11,2,0.0,0.0,0.0,0.0,0.2857142857142857,0.7559289460184545
2026-06-24,6a3fa373da5b18e68c8bc443,0.0,2,6,0,6a3fa2c4dfa2f6d0ee22ff11,0,11,2,0.0,0.0,0.0,0.0,0.2857142857142857,0.7559289460184545
2026-06-25,6a3fa373da5b18e68c8bc443,0.0,3,6,0,6a3fa2c4dfa2f6d0ee22ff11,1,10,2,0.0,0.0,2.0,0.0,0.2857142857142857,0.7559289460184545
2026-06-26,6a3fa373da5b18e68c8bc443,0.0,4,6,0,6a3fa2c4dfa2f6d0ee22ff11,0,12,2,0.0,0.0,0.0,0.0,0.0,0.0
2026-06-27,6a3fa373da5b18e68c8bc443,0.0,5,6,1,6a3fa2c4dfa2f6d0ee22ff11,0,10,2,0.0,0.0,0.0,0.0,0.0,0.0
2026-04-06,6a3fa373da5b18e68c8bc444,0.0,0,4,0,6a3fa2c4dfa2f6d0ee22ff11,0,11,2,0.0,0.0,0.0,0.0,0.14285714285714285,0.37796447300922725
2026-04-07,6a3fa373da5b18e68c8bc444,0.0,1,4,0,6a3fa2c4dfa2f6d0ee22ff11,1,11,2,0.0,0.0,1.0,0.0,0.14285714285714285,0.37796447300922725
2026-04-08,6a3fa373da5b18e68c8bc444,0.0,2,4,0,6a3fa2c4dfa2f6d0ee22ff11,0,11,2,0.0,0.0,0.0,0.0,0.0,0.0
2026-04-09,6a3fa373da5b18e68c8bc444,6.0,3,4,0,6a3fa2c4dfa2f6d0ee22ff11,1,10,2,0.0,0.0,0.0,0.0,0.0,0.0
2026-04-10,6a3fa373da5b18e68c8bc444,0.0,4,4,0,6a3fa2c4dfa2f6d0ee22ff11,0,12,2,6.0,0.0,0.0,2.0,0.8571428571428571,2.2677868380553634
2026-04-11,6a3fa373da5b18e68c8bc444,0.0,5,4,1,6a3fa2c4dfa2f6d0ee22ff11,0,10,2,0.0,6.0,0.0,2.0,0.8571428571428571,2.2677868380553634
2026-04-12,6a3fa373da5b18e68c8bc444,0.0,6,4,1,6a3fa2c4dfa2f6d0ee22ff11,0,5,2,0.0,0.0,0.0,2.0,0.8571428571428571,2.2677868380553634
2026-04-13,6a3fa373da5b18e68c8bc444,0.0,0,4,0,6a3fa2c4dfa2f6d0ee22ff11,0,11,2,0.0,0.0,0.0,0.0,0.8571428571428571,2.2677868380553634
2026-04-14,6a3fa373da5b18e68c8bc444,0.0,1,4,0,6a3fa2c4dfa2f6d0ee22ff11,1,11,2,0.0,0.0,0.0,0.0,0.8571428571428571,2.2677868380553634
2026-04-15,6a3fa373da5b18e68c8bc444,0.0,2,4,0,6a3fa2c4dfa2f6d0ee22ff11,0,11,2,0.0,0.0,0.0,0.0,0.8571428571428571,2.2677868380553634
2026-04-16,6a3fa373da5b18e68c8bc444,0.0,3,4,0,6a3fa2c4dfa2f6d0ee22ff11,1,10,2,0.0,0.0,6.0,0.0,0.8571428571428571,2.2677868380553634
2026-04-17,6a3fa373da5b18e68c8bc444,0.0,4,4,0,6a3fa2c4dfa2f6d0ee22ff11,0,12,2,0.0,0.0,0.0,0.0,0.0,0.0
2026-04-18,6a3fa373da5b18e68c8bc444,0.0,5,4,1,6a3fa2c4dfa2f6d0ee22ff11,0,10,2,0.0,0.0,0.0,0.0,0.0,0.0
2026-04-19,6a3fa373da5b18e68c8bc444,0.0,6,4,1,6a3fa2c4dfa2f6d0ee22ff11,0,5,2,0.0,0.0,0.0,0.0,0.0,0.0
2026-04-20,6a3fa373da5b18e68c8bc444,0.0,0,4,0,6a3fa2c4dfa2f6d0ee22ff11,0,11,2,0.0,0.0,0.0,0.0,0.0,0.0
2026-04-21,6a3fa373da5b18e68c8bc444,1.0,1,4,0,6a3fa2c4dfa2f6d0ee22ff11,1,11,2,0.0,0.0,0.0,0.0,0.0,0.0
2026-04-22,6a3fa373da5b18e68c8bc444,0.0,2,4,0,6a3fa2c4dfa2f6d0ee22ff11,0,11,2,1.0,0.0,0.0,0.3333333333333333,0.14285714285714285,0.37796447300922725
2026-04-23,6a3fa373da5b18e68c8bc444,0.0,3,4,0,6a3fa2c4dfa2f6d0ee22ff11,1,10,2,0.0,1.0,0.0,0.3333333333333333,0.14285714285714285,0.37796447300922725
2026-04-24,6a3fa373da5b18e68c8bc444,0.0,4,4,0,6a3fa2c4dfa2f6d0ee22ff11,0,12,2,0.0,0.0,0.0,0.3333333333333333,0.14285714285714285,0.37796447300922725
2026-04-25,6a3fa373da5b18e68c8bc444,0.0,5,4,1,6a3fa2c4dfa2f6d0ee22ff11,0,10,2,0.0,0.0,0.0,0.0,0.14285714285714285,0.37796447300922725
2026-04-26,6a3fa373da5b18e68c8bc444,0.0,6,4,1,6a3fa2c4dfa2f6d0ee22ff11,0,5,2,0.0,0.0,0.0,0.0,0.14285714285714285,0.37796447300922725
2026-04-27,6a3fa373da5b18e68c8bc444,0.0,0,4,0,6a3fa2c4dfa2f6d0ee22ff11,0,11,2,0.0,0.0,0.0,0.0,0.14285714285714285,0.37796447300922725
2026-04-28,6a3fa373da5b18e68c8bc444,0.0,1,4,0,6a3fa2c4dfa2f6d0ee22ff11,1,11,2,0.0,0.0,1.0,0.0,0.14285714285714285,0.37796447300922725
2026-04-29,6a3fa373da5b18e68c8bc444,0.0,2,4,0,6a3fa2c4dfa2f6d0ee22ff11,0,11,2,0.0,0.0,0.0,0.0,0.0,0.0
2026-04-30,6a3fa373da5b18e68c8bc444,0.0,3,4,0,6a3fa2c4dfa2f6d0ee22ff11,1,10,2,0.0,0.0,0.0,0.0,0.0,0.0
2026-05-01,6a3fa373da5b18e68c8bc444,0.0,4,5,0,6a3fa2c4dfa2f6d0ee22ff11,0,12,2,0.0,0.0,0.0,0.0,0.0,0.0
2026-05-02,6a3fa373da5b18e68c8bc444,0.0,5,5,1,6a3fa2c4dfa2f6d0ee22ff11,0,10,2,0.0,0.0,0.0,0.0,0.0,0.0
2026-05-03,6a3fa373da5b18e68c8bc444,0.0,6,5,1,6a3fa2c4dfa2f6d0ee22ff11,0,5,2,0.0,0.0,0.0,0.0,0.0,0.0
2026-05-04,6a3fa373da5b18e68c8bc444,0.0,0,5,0,6a3fa2c4dfa2f6d0ee22ff11,0,11,2,0.0,0.0,0.0,0.0,0.0,0.0
2026-05-05,6a3fa373da5b18e68c8bc444,6.0,1,5,0,6a3fa2c4dfa2f6d0ee22ff11,1,11,2,0.0,0.0,0.0,0.0,0.0,0.0
2026-05-06,6a3fa373da5b18e68c8bc444,0.0,2,5,0,6a3fa2c4dfa2f6d0ee22ff11,0,11,2,6.0,0.0,0.0,2.0,0.8571428571428571,2.2677868380553634
2026-05-07,6a3fa373da5b18e68c8bc444,3.0,3,5,0,6a3fa2c4dfa2f6d0ee22ff11,1,10,2,0.0,6.0,0.0,2.0,0.8571428571428571,2.2677868380553634
2026-05-08,6a3fa373da5b18e68c8bc444,0.0,4,5,0,6a3fa2c4dfa2f6d0ee22ff11,0,12,2,3.0,0.0,0.0,3.0,1.2857142857142858,2.3603873774083297
2026-05-09,6a3fa373da5b18e68c8bc444,0.0,5,5,1,6a3fa2c4dfa2f6d0ee22ff11,0,10,2,0.0,3.0,0.0,1.0,1.2857142857142858,2.3603873774083297
2026-05-10,6a3fa373da5b18e68c8bc444,0.0,6,5,1,6a3fa2c4dfa2f6d0ee22ff11,0,5,2,0.0,0.0,0.0,1.0,1.2857142857142858,2.3603873774083297
2026-05-11,6a3fa373da5b18e68c8bc444,0.0,0,5,0,6a3fa2c4dfa2f6d0ee22ff11,0,11,2,0.0,0.0,0.0,0.0,1.2857142857142858,2.3603873774083297
2026-05-12,6a3fa373da5b18e68c8bc444,2.0,1,5,0,6a3fa2c4dfa2f6d0ee22ff11,1,11,2,0.0,0.0,6.0,0.0,1.2857142857142858,2.3603873774083297
2026-05-13,6a3fa373da5b18e68c8bc444,0.0,2,5,0,6a3fa2c4dfa2f6d0ee22ff11,0,11,2,2.0,0.0,0.0,0.6666666666666666,0.7142857142857143,1.2535663410560174
2026-05-14,6a3fa373da5b18e68c8bc444,5.0,3,5,0,6a3fa2c4dfa2f6d0ee22ff11,1,10,2,0.0,2.0,3.0,0.6666666666666666,0.7142857142857143,1.2535663410560174
2026-05-15,6a3fa373da5b18e68c8bc444,0.0,4,5,0,6a3fa2c4dfa2f6d0ee22ff11,0,12,2,5.0,0.0,0.0,2.3333333333333335,1.0,1.9148542155126762
2026-05-16,6a3fa373da5b18e68c8bc444,0.0,5,5,1,6a3fa2c4dfa2f6d0ee22ff11,0,10,2,0.0,5.0,0.0,1.6666666666666667,1.0,1.9148542155126762
2026-05-17,6a3fa373da5b18e68c8bc444,0.0,6,5,1,6a3fa2c4dfa2f6d0ee22ff11,0,5,2,0.0,0.0,0.0,1.6666666666666667,1.0,1.9148542155126762
2026-05-18,6a3fa373da5b18e68c8bc444,0.0,0,5,0,6a3fa2c4dfa2f6d0ee22ff11,0,11,2,0.0,0.0,0.0,0.0,1.0,1.9148542155126762
2026-05-19,6a3fa373da5b18e68c8bc444,0.0,1,5,0,6a3fa2c4dfa2f6d0ee22ff11,1,11,2,0.0,0.0,2.0,0.0,1.0,1.9148542155126762
2026-05-20,6a3fa373da5b18e68c8bc444,0.0,2,5,0,6a3fa2c4dfa2f6d0ee22ff11,0,11,2,0.0,0.0,0.0,0.0,0.7142857142857143,1.889822365046136
2026-05-21,6a3fa373da5b18e68c8bc444,4.0,3,5,0,6a3fa2c4dfa2f6d0ee22ff11,1,10,2,0.0,0.0,5.0,0.0,0.7142857142857143,1.889822365046136
2026-05-22,6a3fa373da5b18e68c8bc444,0.0,4,5,0,6a3fa2c4dfa2f6d0ee22ff11,0,12,2,4.0,0.0,0.0,1.3333333333333333,0.5714285714285714,1.511857892036909
2026-05-23,6a3fa373da5b18e68c8bc444,0.0,5,5,1,6a3fa2c4dfa2f6d0ee22ff11,0,10,2,0.0,4.0,0.0,1.3333333333333333,0.5714285714285714,1.511857892036909
2026-05-24,6a3fa373da5b18e68c8bc444,0.0,6,5,1,6a3fa2c4dfa2f6d0ee22ff11,0,5,2,0.0,0.0,0.0,1.3333333333333333,0.5714285714285714,1.511857892036909
2026-05-25,6a3fa373da5b18e68c8bc444,0.0,0,5,0,6a3fa2c4dfa2f6d0ee22ff11,0,11,2,0.0,0.0,0.0,0.0,0.5714285714285714,1.511857892036909
2026-05-26,6a3fa373da5b18e68c8bc444,3.0,1,5,0,6a3fa2c4dfa2f6d0ee22ff11,1,11,2,0.0,0.0,0.0,0.0,0.5714285714285714,1.511857892036909
2026-05-27,6a3fa373da5b18e68c8bc444,0.0,2,5,0,6a3fa2c4dfa2f6d0ee22ff11,0,11,2,3.0,0.0,0.0,1.0,1.0,1.7320508075688772
2026-05-28,6a3fa373da5b18e68c8bc444,2.0,3,5,0,6a3fa2c4dfa2f6d0ee22ff11,1,10,2,0.0,3.0,4.0,1.0,1.0,1.7320508075688772
2026-05-29,6a3fa373da5b18e68c8bc444,0.0,4,5,0,6a3fa2c4dfa2f6d0ee22ff11,0,12,2,2.0,0.0,0.0,1.6666666666666667,0.7142857142857143,1.2535663410560174
2026-05-30,6a3fa373da5b18e68c8bc444,0.0,5,5,1,6a3fa2c4dfa2f6d0ee22ff11,0,10,2,0.0,2.0,0.0,0.6666666666666666,0.7142857142857143,1.2535663410560174
2026-05-31,6a3fa373da5b18e68c8bc444,0.0,6,5,1,6a3fa2c4dfa2f6d0ee22ff11,0,5,2,0.0,0.0,0.0,0.6666666666666666,0.7142857142857143,1.2535663410560174
2026-06-01,6a3fa373da5b18e68c8bc444,0.0,0,6,0,6a3fa2c4dfa2f6d0ee22ff11,0,11,2,0.0,0.0,0.0,0.0,0.7142857142857143,1.2535663410560174
2026-06-02,6a3fa373da5b18e68c8bc444,0.0,1,6,0,6a3fa2c4dfa2f6d0ee22ff11,1,11,2,0.0,0.0,3.0,0.0,0.7142857142857143,1.2535663410560174
2026-06-03,6a3fa373da5b18e68c8bc444,0.0,2,6,0,6a3fa2c4dfa2f6d0ee22ff11,0,11,2,0.0,0.0,0.0,0.0,0.2857142857142857,0.7559289460184545
2026-06-04,6a3fa373da5b18e68c8bc444,0.0,3,6,0,6a3fa2c4dfa2f6d0ee22ff11,1,10,2,0.0,0.0,2.0,0.0,0.2857142857142857,0.7559289460184545
2026-06-05,6a3fa373da5b18e68c8bc444,0.0,4,6,0,6a3fa2c4dfa2f6d0ee22ff11,0,12,2,0.0,0.0,0.0,0.0,0.0,0.0
2026-06-06,6a3fa373da5b18e68c8bc444,0.0,5,6,1,6a3fa2c4dfa2f6d0ee22ff11,0,10,2,0.0,0.0,0.0,0.0,0.0,0.0
2026-06-07,6a3fa373da5b18e68c8bc444,0.0,6,6,1,6a3fa2c4dfa2f6d0ee22ff11,0,5,2,0.0,0.0,0.0,0.0,0.0,0.0
2026-06-08,6a3fa373da5b18e68c8bc444,0.0,0,6,0,6a3fa2c4dfa2f6d0ee22ff11,0,11,2,0.0,0.0,0.0,0.0,0.0,0.0
2026-06-09,6a3fa373da5b18e68c8bc444,2.0,1,6,0,6a3fa2c4dfa2f6d0ee22ff11,1,11,2,0.0,0.0,0.0,0.0,0.0,0.0
2026-06-10,6a3fa373da5b18e68c8bc444,0.0,2,6,0,6a3fa2c4dfa2f6d0ee22ff11,0,11,2,2.0,0.0,0.0,0.6666666666666666,0.2857142857142857,0.7559289460184545
2026-06-11,6a3fa373da5b18e68c8bc444,0.0,3,6,0,6a3fa2c4dfa2f6d0ee22ff11,1,10,2,0.0,2.0,0.0,0.6666666666666666,0.2857142857142857,0.7559289460184545
2026-06-12,6a3fa373da5b18e68c8bc444,0.0,4,6,0,6a3fa2c4dfa2f6d0ee22ff11,0,12,2,0.0,0.0,0.0,0.6666666666666666,0.2857142857142857,0.7559289460184545
2026-06-13,6a3fa373da5b18e68c8bc444,0.0,5,6,1,6a3fa2c4dfa2f6d0ee22ff11,0,10,2,0.0,0.0,0.0,0.0,0.2857142857142857,0.7559289460184545
2026-06-14,6a3fa373da5b18e68c8bc444,0.0,6,6,1,6a3fa2c4dfa2f6d0ee22ff11,0,5,2,0.0,0.0,0.0,0.0,0.2857142857142857,0.7559289460184545
2026-06-15,6a3fa373da5b18e68c8bc444,0.0,0,6,0,6a3fa2c4dfa2f6d0ee22ff11,0,11,2,0.0,0.0,0.0,0.0,0.2857142857142857,0.7559289460184545
2026-06-16,6a3fa373da5b18e68c8bc444,0.0,1,6,0,6a3fa2c4dfa2f6d0ee22ff11,1,11,2,0.0,0.0,2.0,0.0,0.2857142857142857,0.7559289460184545
2026-06-17,6a3fa373da5b18e68c8bc444,0.0,2,6,0,6a3fa2c4dfa2f6d0ee22ff11,0,11,2,0.0,0.0,0.0,0.0,0.0,0.0
2026-06-18,6a3fa373da5b18e68c8bc444,3.0,3,6,0,6a3fa2c4dfa2f6d0ee22ff11,1,10,2,0.0,0.0,0.0,0.0,0.0,0.0
2026-06-19,6a3fa373da5b18e68c8bc444,0.0,4,6,0,6a3fa2c4dfa2f6d0ee22ff11,0,12,2,3.0,0.0,0.0,1.0,0.42857142857142855,1.1338934190276817
2026-06-20,6a3fa373da5b18e68c8bc444,0.0,5,6,1,6a3fa2c4dfa2f6d0ee22ff11,0,10,2,0.0,3.0,0.0,1.0,0.42857142857142855,1.1338934190276817
2026-06-21,6a3fa373da5b18e68c8bc444,0.0,6,6,1,6a3fa2c4dfa2f6d0ee22ff11,0,5,2,0.0,0.0,0.0,1.0,0.42857142857142855,1.1338934190276817
2026-06-22,6a3fa373da5b18e68c8bc444,0.0,0,6,0,6a3fa2c4dfa2f6d0ee22ff11,0,11,2,0.0,0.0,0.0,0.0,0.42857142857142855,1.1338934190276817
2026-06-23,6a3fa373da5b18e68c8bc444,0.0,1,6,0,6a3fa2c4dfa2f6d0ee22ff11,1,11,2,0.0,0.0,0.0,0.0,0.42857142857142855,1.1338934190276817
2026-06-24,6a3fa373da5b18e68c8bc444,0.0,2,6,0,6a3fa2c4dfa2f6d0ee22ff11,0,11,2,0.0,0.0,0.0,0.0,0.42857142857142855,1.1338934190276817
2026-06-25,6a3fa373da5b18e68c8bc444,0.0,3,6,0,6a3fa2c4dfa2f6d0ee22ff11,1,10,2,0.0,0.0,3.0,0.0,0.42857142857142855,1.1338934190276817
2026-06-26,6a3fa373da5b18e68c8bc444,0.0,4,6,0,6a3fa2c4dfa2f6d0ee22ff11,0,12,2,0.0,0.0,0.0,0.0,0.0,0.0
2026-06-27,6a3fa373da5b18e68c8bc444,0.0,5,6,1,6a3fa2c4dfa2f6d0ee22ff11,0,10,2,0.0,0.0,0.0,0.0,0.0,0.0
2026-04-06,6a3fa374da5b18e68c8bc445,0.0,0,4,0,6a3fa2c5dfa2f6d0ee22ff12,1,11,7,7.0,0.0,0.0,2.3333333333333335,1.4285714285714286,2.5727509827124
2026-04-07,6a3fa374da5b18e68c8bc445,3.0,1,4,0,6a3fa2c5dfa2f6d0ee22ff12,1,11,7,0.0,7.0,0.0,2.3333333333333335,1.4285714285714286,2.5727509827124
2026-04-08,6a3fa374da5b18e68c8bc445,0.0,2,4,0,6a3fa2c5dfa2f6d0ee22ff12,1,11,7,3.0,0.0,2.0,3.3333333333333335,1.8571428571428572,2.5448360411214073
2026-04-09,6a3fa374da5b18e68c8bc445,0.0,3,4,0,6a3fa2c5dfa2f6d0ee22ff12,1,10,7,0.0,3.0,1.0,1.0,1.5714285714285714,2.63673679998231
2026-04-10,6a3fa374da5b18e68c8bc445,2.0,4,4,0,6a3fa2c5dfa2f6d0ee22ff12,1,12,7,0.0,0.0,0.0,1.0,1.4285714285714286,2.699206232527312
2026-04-11,6a3fa374da5b18e68c8bc445,0.0,5,4,1,6a3fa2c5dfa2f6d0ee22ff12,1,10,7,2.0,0.0,0.0,0.6666666666666666,1.7142857142857142,2.627691364061218
2026-04-12,6a3fa374da5b18e68c8bc445,9.0,6,4,1,6a3fa2c5dfa2f6d0ee22ff12,1,5,7,0.0,2.0,7.0,0.6666666666666666,1.7142857142857142,2.627691364061218
2026-04-13,6a3fa374da5b18e68c8bc445,4.0,0,4,0,6a3fa2c5dfa2f6d0ee22ff12,1,11,7,9.0,0.0,0.0,3.6666666666666665,2.0,3.3166247903554
2026-04-14,6a3fa374da5b18e68c8bc445,3.0,1,4,0,6a3fa2c5dfa2f6d0ee22ff12,1,11,7,4.0,9.0,3.0,4.333333333333333,2.5714285714285716,3.25868802112869
2026-04-15,6a3fa374da5b18e68c8bc445,2.0,2,4,0,6a3fa2c5dfa2f6d0ee22ff12,1,11,7,3.0,4.0,0.0,5.333333333333333,2.5714285714285716,3.25868802112869
2026-04-16,6a3fa374da5b18e68c8bc445,2.0,3,4,0,6a3fa2c5dfa2f6d0ee22ff12,1,10,7,2.0,3.0,0.0,3.0,2.857142857142857,3.0783421635988546
2026-04-17,6a3fa374da5b18e68c8bc445,0.0,4,4,0,6a3fa2c5dfa2f6d0ee22ff12,1,12,7,2.0,2.0,2.0,2.3333333333333335,3.142857142857143,2.8535691936340255
2026-04-18,6a3fa374da5b18e68c8bc445,3.0,5,4,1,6a3fa2c5dfa2f6d0ee22ff12,1,10,7,0.0,2.0,0.0,1.3333333333333333,2.857142857142857,3.078342163598854
2026-04-19,6a3fa374da5b18e68c8bc445,0.0,6,4,1,6a3fa2c5dfa2f6d0ee22ff12,1,5,7,3.0,0.0,9.0,1.6666666666666667,3.2857142857142856,2.8115408417381924
2026-04-20,6a3fa374da5b18e68c8bc445,0.0,0,4,0,6a3fa2c5dfa2f6d0ee22ff12,1,11,7,0.0,3.0,4.0,1.0,2.0,1.5275252316519463
2026-04-21,6a3fa374da5b18e68c8bc445,0.0,1,4,0,6a3fa2c5dfa2f6d0ee22ff12,1,11,7,0.0,0.0,3.0,1.0,1.4285714285714286,1.3972762620115433
2026-04-22,6a3fa374da5b18e68c8bc445,0.0,2,4,0,6a3fa2c5dfa2f6d0ee22ff12,1,11,7,0.0,0.0,2.0,0.0,1.0,1.290994448735805
2026-04-23,6a3fa374da5b18e68c8bc445,0.0,3,4,0,6a3fa2c5dfa2f6d0ee22ff12,1,10,7,0.0,0.0,2.0,0.0,0.7142857142857143,1.2535663410560167
2026-04-24,6a3fa374da5b18e68c8bc445,0.0,4,4,0,6a3fa2c5dfa2f6d0ee22ff12,1,12,7,0.0,0.0,0.0,0.0,0.42857142857142855,1.133893419027681
2026-04-25,6a3fa374da5b18e68c8bc445,0.0,5,4,1,6a3fa2c5dfa2f6d0ee22ff12,1,10,7,0.0,0.0,3.0,0.0,0.42857142857142855,1.133893419027681
2026-04-26,6a3fa374da5b18e68c8bc445,5.0,6,4,1,6a3fa2c5dfa2f6d0ee22ff12,1,5,7,0.0,0.0,0.0,0.0,0.0,0.0
2026-04-27,6a3fa374da5b18e68c8bc445,0.0,0,4,0,6a3fa2c5dfa2f6d0ee22ff12,1,11,7,5.0,0.0,0.0,1.6666666666666667,0.7142857142857143,1.889822365046136
2026-04-28,6a3fa374da5b18e68c8bc445,2.0,1,4,0,6a3fa2c5dfa2f6d0ee22ff12,1,11,7,0.0,5.0,0.0,1.6666666666666667,0.7142857142857143,1.889822365046136
2026-04-29,6a3fa374da5b18e68c8bc445,0.0,2,4,0,6a3fa2c5dfa2f6d0ee22ff12,1,11,7,2.0,0.0,0.0,2.3333333333333335,1.0,1.9148542155126762
2026-04-30,6a3fa374da5b18e68c8bc445,0.0,3,4,0,6a3fa2c5dfa2f6d0ee22ff12,1,10,7,0.0,2.0,0.0,0.6666666666666666,1.0,1.9148542155126762
2026-05-01,6a3fa374da5b18e68c8bc445,0.0,4,5,0,6a3fa2c5dfa2f6d0ee22ff12,1,12,7,0.0,0.0,0.0,0.6666666666666666,1.0,1.9148542155126762
2026-05-02,6a3fa374da5b18e68c8bc445,3.0,5,5,1,6a3fa2c5dfa2f6d0ee22ff12,1,10,7,0.0,0.0,0.0,0.0,1.0,1.9148542155126762
2026-05-03,6a3fa374da5b18e68c8bc445,3.0,6,5,1,6a3fa2c5dfa2f6d0ee22ff12,1,5,7,3.0,0.0,5.0,1.0,1.4285714285714286,1.9880595947760098
2026-05-04,6a3fa374da5b18e68c8bc445,2.0,0,5,0,6a3fa2c5dfa2f6d0ee22ff12,1,11,7,3.0,3.0,0.0,2.0,1.1428571428571428,1.4638501094227996
2026-05-05,6a3fa374da5b18e68c8bc445,3.0,1,5,0,6a3fa2c5dfa2f6d0ee22ff12,1,11,7,2.0,3.0,2.0,2.6666666666666665,1.4285714285714286,1.3972762620115435
2026-05-06,6a3fa374da5b18e68c8bc445,2.0,2,5,0,6a3fa2c5dfa2f6d0ee22ff12,1,11,7,3.0,2.0,0.0,2.6666666666666665,1.5714285714285714,1.5118578920369088
2026-05-07,6a3fa374da5b18e68c8bc445,2.0,3,5,0,6a3fa2c5dfa2f6d0ee22ff12,1,10,7,2.0,3.0,0.0,2.3333333333333335,1.8571428571428572,1.3451854182690983
2026-05-08,6a3fa374da5b18e68c8bc445,1.0,4,5,0,6a3fa2c5dfa2f6d0ee22ff12,1,12,7,2.0,2.0,0.0,2.3333333333333335,2.142857142857143,1.0690449676496971
2026-05-09,6a3fa374da5b18e68c8bc445,0.0,5,5,1,6a3fa2c5dfa2f6d0ee22ff12,1,10,7,1.0,2.0,3.0,1.6666666666666667,2.2857142857142856,0.755928946018454
2026-05-10,6a3fa374da5b18e68c8bc445,2.0,6,5,1,6a3fa2c5dfa2f6d0ee22ff12,1,5,7,0.0,1.0,3.0,1.0,1.8571428571428572,1.0690449676496971
2026-05-11,6a3fa374da5b18e68c8bc445,3.0,0,5,0,6a3fa2c5dfa2f6d0ee22ff12,1,11,7,2.0,0.0,2.0,1.0,1.7142857142857142,0.9511897312113415
2026-05-12,6a3fa374da5b18e68c8bc445,2.0,1,5,0,6a3fa2c5dfa2f6d0ee22ff12,1,11,7,3.0,2.0,3.0,1.6666666666666667,1.8571428571428572,1.0690449676496971
2026-05-13,6a3fa374da5b18e68c8bc445,0.0,2,5,0,6a3fa2c5dfa2f6d0ee22ff12,1,11,7,2.0,3.0,2.0,2.3333333333333335,1.7142857142857142,0.9511897312113415
2026-05-14,6a3fa374da5b18e68c8bc445,0.0,3,5,0,6a3fa2c5dfa2f6d0ee22ff12,1,10,7,0.0,2.0,2.0,1.6666666666666667,1.4285714285714286,1.1338934190276815
2026-05-15,6a3fa374da5b18e68c8bc445,3.0,4,5,0,6a3fa2c5dfa2f6d0ee22ff12,1,12,7,0.0,0.0,1.0,0.6666666666666666,1.1428571428571428,1.2149857925879117
2026-05-16,6a3fa374da5b18e68c8bc445,0.0,5,5,1,6a3fa2c5dfa2f6d0ee22ff12,1,10,7,3.0,0.0,0.0,1.0,1.4285714285714286,1.3972762620115435
2026-05-17,6a3fa374da5b18e68c8bc445,0.0,6,5,1,6a3fa2c5dfa2f6d0ee22ff12,1,5,7,0.0,3.0,2.0,1.0,1.4285714285714286,1.3972762620115435
2026-05-18,6a3fa374da5b18e68c8bc445,2.0,0,5,0,6a3fa2c5dfa2f6d0ee22ff12,1,11,7,0.0,0.0,3.0,1.0,1.1428571428571428,1.4638501094227998
2026-05-19,6a3fa374da5b18e68c8bc445,5.0,1,5,0,6a3fa2c5dfa2f6d0ee22ff12,1,11,7,2.0,0.0,2.0,0.6666666666666666,1.0,1.2909944487358058
2026-05-20,6a3fa374da5b18e68c8bc445,0.0,2,5,0,6a3fa2c5dfa2f6d0ee22ff12,1,11,7,5.0,2.0,0.0,2.3333333333333335,1.4285714285714286,1.9880595947760098
2026-05-21,6a3fa374da5b18e68c8bc445,0.0,3,5,0,6a3fa2c5dfa2f6d0ee22ff12,1,10,7,0.0,5.0,0.0,2.3333333333333335,1.4285714285714286,1.9880595947760098
2026-05-22,6a3fa374da5b18e68c8bc445,0.0,4,5,0,6a3fa2c5dfa2f6d0ee22ff12,1,12,7,0.0,0.0,3.0,1.6666666666666667,1.4285714285714286,1.9880595947760098
2026-05-23,6a3fa374da5b18e68c8bc445,3.0,5,5,1,6a3fa2c5dfa2f6d0ee22ff12,1,10,7,0.0,0.0,0.0,0.0,1.0,1.9148542155126762
2026-05-24,6a3fa374da5b18e68c8bc445,0.0,6,5,1,6a3fa2c5dfa2f6d0ee22ff12,1,5,7,3.0,0.0,0.0,1.0,1.4285714285714286,1.9880595947760098
2026-05-25,6a3fa374da5b18e68c8bc445,0.0,0,5,0,6a3fa2c5dfa2f6d0ee22ff12,1,11,7,0.0,3.0,2.0,1.0,1.4285714285714286,1.9880595947760098
2026-05-26,6a3fa374da5b18e68c8bc445,1.0,1,5,0,6a3fa2c5dfa2f6d0ee22ff12,1,11,7,0.0,0.0,5.0,1.0,1.1428571428571428,2.0354009783964297
2026-05-27,6a3fa374da5b18e68c8bc445,0.0,2,5,0,6a3fa2c5dfa2f6d0ee22ff12,1,11,7,1.0,0.0,0.0,0.3333333333333333,0.5714285714285714,1.1338934190276821
2026-05-28,6a3fa374da5b18e68c8bc445,3.0,3,5,0,6a3fa2c5dfa2f6d0ee22ff12,1,10,7,0.0,1.0,0.0,0.3333333333333333,0.5714285714285714,1.1338934190276821
2026-05-29,6a3fa374da5b18e68c8bc445,0.0,4,5,0,6a3fa2c5dfa2f6d0ee22ff12,1,12,7,3.0,0.0,0.0,1.3333333333333333,1.0,1.4142135623730951
2026-05-30,6a3fa374da5b18e68c8bc445,0.0,5,5,1,6a3fa2c5dfa2f6d0ee22ff12,1,10,7,0.0,3.0,3.0,1.0,1.0,1.4142135623730951
2026-05-31,6a3fa374da5b18e68c8bc445,3.0,6,5,1,6a3fa2c5dfa2f6d0ee22ff12,1,5,7,0.0,0.0,0.0,1.0,0.5714285714285714,1.1338934190276821
2026-06-01,6a3fa374da5b18e68c8bc445,1.0,0,6,0,6a3fa2c5dfa2f6d0ee22ff12,1,11,7,3.0,0.0,0.0,1.0,1.0,1.4142135623730951
2026-06-02,6a3fa374da5b18e68c8bc445,0.0,1,6,0,6a3fa2c5dfa2f6d0ee22ff12,1,11,7,1.0,3.0,1.0,1.3333333333333333,1.1428571428571428,1.3451854182690988
2026-06-03,6a3fa374da5b18e68c8bc445,0.0,2,6,0,6a3fa2c5dfa2f6d0ee22ff12,1,11,7,0.0,1.0,0.0,1.3333333333333333,1.0,1.4142135623730951
2026-06-04,6a3fa374da5b18e68c8bc445,0.0,3,6,0,6a3fa2c5dfa2f6d0ee22ff12,1,10,7,0.0,0.0,3.0,0.3333333333333333,1.0,1.4142135623730951
2026-06-05,6a3fa374da5b18e68c8bc445,0.0,4,6,0,6a3fa2c5dfa2f6d0ee22ff12,1,12,7,0.0,0.0,0.0,0.0,0.5714285714285714,1.1338934190276821
2026-06-06,6a3fa374da5b18e68c8bc445,2.0,5,6,1,6a3fa2c5dfa2f6d0ee22ff12,1,10,7,0.0,0.0,0.0,0.0,0.5714285714285714,1.1338934190276821
2026-06-07,6a3fa374da5b18e68c8bc445,2.0,6,6,1,6a3fa2c5dfa2f6d0ee22ff12,1,5,7,2.0,0.0,3.0,0.6666666666666666,0.8571428571428571,1.2149857925879122
2026-06-08,6a3fa374da5b18e68c8bc445,1.0,0,6,0,6a3fa2c5dfa2f6d0ee22ff12,1,11,7,2.0,2.0,1.0,1.3333333333333333,0.7142857142857143,0.9511897312113423
2026-06-09,6a3fa374da5b18e68c8bc445,0.0,1,6,0,6a3fa2c5dfa2f6d0ee22ff12,1,11,7,1.0,2.0,0.0,1.6666666666666667,0.7142857142857143,0.9511897312113423
2026-06-10,6a3fa374da5b18e68c8bc445,2.0,2,6,0,6a3fa2c5dfa2f6d0ee22ff12,1,11,7,0.0,1.0,0.0,1.0,0.7142857142857143,0.9511897312113423
2026-06-11,6a3fa374da5b18e68c8bc445,0.0,3,6,0,6a3fa2c5dfa2f6d0ee22ff12,1,10,7,2.0,0.0,0.0,1.0,1.0,1.0000000000000002
2026-06-12,6a3fa374da5b18e68c8bc445,0.0,4,6,0,6a3fa2c5dfa2f6d0ee22ff12,1,12,7,0.0,2.0,0.0,0.6666666666666666,1.0,1.0
2026-06-13,6a3fa374da5b18e68c8bc445,0.0,5,6,1,6a3fa2c5dfa2f6d0ee22ff12,1,10,7,0.0,0.0,2.0,0.6666666666666666,1.0,1.0
2026-06-14,6a3fa374da5b18e68c8bc445,4.0,6,6,1,6a3fa2c5dfa2f6d0ee22ff12,1,5,7,0.0,0.0,2.0,0.0,0.7142857142857143,0.9511897312113423
2026-06-15,6a3fa374da5b18e68c8bc445,0.0,0,6,0,6a3fa2c5dfa2f6d0ee22ff12,1,11,7,4.0,0.0,1.0,1.3333333333333333,1.0,1.5275252316519468
2026-06-16,6a3fa374da5b18e68c8bc445,0.0,1,6,0,6a3fa2c5dfa2f6d0ee22ff12,1,11,7,0.0,4.0,0.0,1.3333333333333333,0.8571428571428571,1.5735915849388864
2026-06-17,6a3fa374da5b18e68c8bc445,3.0,2,6,0,6a3fa2c5dfa2f6d0ee22ff12,1,11,7,0.0,0.0,2.0,1.3333333333333333,0.8571428571428571,1.5735915849388864
2026-06-18,6a3fa374da5b18e68c8bc445,3.0,3,6,0,6a3fa2c5dfa2f6d0ee22ff12,1,10,7,3.0,0.0,0.0,1.0,1.0,1.7320508075688774
2026-06-19,6a3fa374da5b18e68c8bc445,0.0,4,6,0,6a3fa2c5dfa2f6d0ee22ff12,1,12,7,3.0,3.0,0.0,2.0,1.4285714285714286,1.8126539343499315
2026-06-20,6a3fa374da5b18e68c8bc445,0.0,5,6,1,6a3fa2c5dfa2f6d0ee22ff12,1,10,7,0.0,3.0,0.0,2.0,1.4285714285714286,1.8126539343499315
2026-06-21,6a3fa374da5b18e68c8bc445,0.0,6,6,1,6a3fa2c5dfa2f6d0ee22ff12,1,5,7,0.0,0.0,4.0,1.0,1.4285714285714286,1.8126539343499315
2026-06-22,6a3fa374da5b18e68c8bc445,3.0,0,6,0,6a3fa2c5dfa2f6d0ee22ff12,1,11,7,0.0,0.0,0.0,0.0,0.8571428571428571,1.4638501094228002
2026-06-23,6a3fa374da5b18e68c8bc445,1.0,1,6,0,6a3fa2c5dfa2f6d0ee22ff12,1,11,7,3.0,0.0,0.0,1.0,1.2857142857142858,1.6035674514745464
2026-06-24,6a3fa374da5b18e68c8bc445,3.0,2,6,0,6a3fa2c5dfa2f6d0ee22ff12,1,11,7,1.0,3.0,3.0,1.3333333333333333,1.4285714285714286,1.511857892036909
2026-06-25,6a3fa374da5b18e68c8bc445,3.0,3,6,0,6a3fa2c5dfa2f6d0ee22ff12,1,10,7,3.0,1.0,3.0,2.3333333333333335,1.4285714285714286,1.511857892036909
2026-06-26,6a3fa374da5b18e68c8bc445,0.0,4,6,0,6a3fa2c5dfa2f6d0ee22ff12,1,12,7,3.0,3.0,0.0,2.3333333333333335,1.4285714285714286,1.511857892036909
2026-06-27,6a3fa374da5b18e68c8bc445,0.0,5,6,1,6a3fa2c5dfa2f6d0ee22ff12,1,10,7,0.0,3.0,0.0,2.0,1.4285714285714286,1.511857892036909
2026-04-06,6a3fa374da5b18e68c8bc446,5.0,0,4,0,6a3fa2c5dfa2f6d0ee22ff12,1,11,7,2.0,5.0,3.0,2.3333333333333335,2.142857142857143,1.7728105208558367
2026-04-07,6a3fa374da5b18e68c8bc446,2.0,1,4,0,6a3fa2c5dfa2f6d0ee22ff12,1,11,7,5.0,2.0,3.0,4.0,2.4285714285714284,2.0701966780270626
2026-04-08,6a3fa374da5b18e68c8bc446,2.0,2,4,0,6a3fa2c5dfa2f6d0ee22ff12,1,11,7,2.0,5.0,0.0,3.0,2.2857142857142856,2.0586634591635513
2026-04-09,6a3fa374da5b18e68c8bc446,0.0,3,4,0,6a3fa2c5dfa2f6d0ee22ff12,1,10,7,2.0,2.0,2.0,3.0,2.5714285714285716,1.8126539343499313
2026-04-10,6a3fa374da5b18e68c8bc446,0.0,4,4,0,6a3fa2c5dfa2f6d0ee22ff12,1,12,7,0.0,2.0,0.0,1.3333333333333333,2.2857142857142856,2.058663459163551
2026-04-11,6a3fa374da5b18e68c8bc446,2.0,5,4,1,6a3fa2c5dfa2f6d0ee22ff12,1,10,7,0.0,0.0,5.0,0.6666666666666666,2.2857142857142856,2.058663459163551
2026-04-12,6a3fa374da5b18e68c8bc446,1.0,6,4,1,6a3fa2c5dfa2f6d0ee22ff12,1,5,7,2.0,0.0,2.0,0.6666666666666666,1.8571428571428572,1.6761634196950512
2026-04-13,6a3fa374da5b18e68c8bc446,4.0,0,4,0,6a3fa2c5dfa2f6d0ee22ff12,1,11,7,1.0,2.0,5.0,1.0,1.7142857142857142,1.704336206492693
2026-04-14,6a3fa374da5b18e68c8bc446,0.0,1,4,0,6a3fa2c5dfa2f6d0ee22ff12,1,11,7,4.0,1.0,2.0,2.3333333333333335,1.5714285714285714,1.3972762620115435
2026-04-15,6a3fa374da5b18e68c8bc446,1.0,2,4,0,6a3fa2c5dfa2f6d0ee22ff12,1,11,7,0.0,4.0,2.0,1.6666666666666667,1.2857142857142858,1.4960264830861911
2026-04-16,6a3fa374da5b18e68c8bc446,0.0,3,4,0,6a3fa2c5dfa2f6d0ee22ff12,1,10,7,1.0,0.0,0.0,1.6666666666666667,1.1428571428571428,1.4638501094227996
2026-04-17,6a3fa374da5b18e68c8bc446,0.0,4,4,0,6a3fa2c5dfa2f6d0ee22ff12,1,12,7,0.0,1.0,0.0,0.3333333333333333,1.1428571428571428,1.4638501094227996
2026-04-18,6a3fa374da5b18e68c8bc446,4.0,5,4,1,6a3fa2c5dfa2f6d0ee22ff12,1,10,7,0.0,0.0,2.0,0.3333333333333333,1.1428571428571428,1.4638501094227996
2026-04-19,6a3fa374da5b18e68c8bc446,2.0,6,4,1,6a3fa2c5dfa2f6d0ee22ff12,1,5,7,4.0,0.0,1.0,1.3333333333333333,1.4285714285714286,1.8126539343499313
2026-04-20,6a3fa374da5b18e68c8bc446,0.0,0,4,0,6a3fa2c5dfa2f6d0ee22ff12,1,11,7,2.0,4.0,4.0,2.0,1.5714285714285714,1.8126539343499313
2026-04-21,6a3fa374da5b18e68c8bc446,3.0,1,4,0,6a3fa2c5dfa2f6d0ee22ff12,1,11,7,0.0,2.0,0.0,2.0,1.0,1.5275252316519465
2026-04-22,6a3fa374da5b18e68c8bc446,0.0,2,4,0,6a3fa2c5dfa2f6d0ee22ff12,1,11,7,3.0,0.0,1.0,1.6666666666666667,1.4285714285714286,1.6183471874253739
2026-04-23,6a3fa374da5b18e68c8bc446,3.0,3,4,0,6a3fa2c5dfa2f6d0ee22ff12,1,10,7,0.0,3.0,0.0,1.0,1.2857142857142858,1.704336206492693
2026-04-24,6a3fa374da5b18e68c8bc446,2.0,4,4,0,6a3fa2c5dfa2f6d0ee22ff12,1,12,7,3.0,0.0,0.0,2.0,1.7142857142857142,1.704336206492693
2026-04-25,6a3fa374da5b18e68c8bc446,0.0,5,4,1,6a3fa2c5dfa2f6d0ee22ff12,1,10,7,2.0,3.0,4.0,1.6666666666666667,2.0,1.5275252316519465
2026-04-26,6a3fa374da5b18e68c8bc446,5.0,6,4,1,6a3fa2c5dfa2f6d0ee22ff12,1,5,7,0.0,2.0,2.0,1.6666666666666667,1.4285714285714286,1.3972762620115435
2026-04-27,6a3fa374da5b18e68c8bc446,0.0,0,4,0,6a3fa2c5dfa2f6d0ee22ff12,1,11,7,5.0,0.0,0.0,2.3333333333333335,1.8571428571428572,1.9518001458970662
2026-04-28,6a3fa374da5b18e68c8bc446,0.0,1,4,0,6a3fa2c5dfa2f6d0ee22ff12,1,11,7,0.0,5.0,3.0,1.6666666666666667,1.8571428571428572,1.9518001458970662
2026-04-29,6a3fa374da5b18e68c8bc446,0.0,2,4,0,6a3fa2c5dfa2f6d0ee22ff12,1,11,7,0.0,0.0,0.0,1.6666666666666667,1.4285714285714286,1.9880595947760098
2026-04-30,6a3fa374da5b18e68c8bc446,5.0,3,4,0,6a3fa2c5dfa2f6d0ee22ff12,1,10,7,0.0,0.0,3.0,0.0,1.4285714285714286,1.9880595947760098
2026-05-01,6a3fa374da5b18e68c8bc446,0.0,4,5,0,6a3fa2c5dfa2f6d0ee22ff12,1,12,7,5.0,0.0,2.0,1.6666666666666667,1.7142857142857142,2.3603873774083297
2026-05-02,6a3fa374da5b18e68c8bc446,2.0,5,5,1,6a3fa2c5dfa2f6d0ee22ff12,1,10,7,0.0,5.0,0.0,1.6666666666666667,1.4285714285714286,2.439750182371333
2026-05-03,6a3fa374da5b18e68c8bc446,2.0,6,5,1,6a3fa2c5dfa2f6d0ee22ff12,1,5,7,2.0,0.0,5.0,2.3333333333333335,1.7142857142857142,2.3603873774083297
2026-05-04,6a3fa374da5b18e68c8bc446,0.0,0,5,0,6a3fa2c5dfa2f6d0ee22ff12,1,11,7,2.0,2.0,0.0,1.3333333333333333,1.2857142857142858,1.889822365046136
2026-05-05,6a3fa374da5b18e68c8bc446,0.0,1,5,0,6a3fa2c5dfa2f6d0ee22ff12,1,11,7,0.0,2.0,0.0,1.3333333333333333,1.2857142857142858,1.889822365046136
2026-05-06,6a3fa374da5b18e68c8bc446,0.0,2,5,0,6a3fa2c5dfa2f6d0ee22ff12,1,11,7,0.0,0.0,0.0,0.6666666666666666,1.2857142857142858,1.889822365046136
2026-05-07,6a3fa374da5b18e68c8bc446,3.0,3,5,0,6a3fa2c5dfa2f6d0ee22ff12,1,10,7,0.0,0.0,5.0,0.0,1.2857142857142858,1.889822365046136
2026-05-08,6a3fa374da5b18e68c8bc446,0.0,4,5,0,6a3fa2c5dfa2f6d0ee22ff12,1,12,7,3.0,0.0,0.0,1.0,1.0,1.2909944487358058
2026-05-09,6a3fa374da5b18e68c8bc446,0.0,5,5,1,6a3fa2c5dfa2f6d0ee22ff12,1,10,7,0.0,3.0,2.0,1.0,1.0,1.2909944487358058
2026-05-10,6a3fa374da5b18e68c8bc446,0.0,6,5,1,6a3fa2c5dfa2f6d0ee22ff12,1,5,7,0.0,0.0,2.0,1.0,0.7142857142857143,1.2535663410560178
2026-05-11,6a3fa374da5b18e68c8bc446,0.0,0,5,0,6a3fa2c5dfa2f6d0ee22ff12,1,11,7,0.0,0.0,0.0,0.0,0.42857142857142855,1.1338934190276821
2026-05-12,6a3fa374da5b18e68c8bc446,0.0,1,5,0,6a3fa2c5dfa2f6d0ee22ff12,1,11,7,0.0,0.0,0.0,0.0,0.42857142857142855,1.1338934190276821
2026-05-13,6a3fa374da5b18e68c8bc446,1.0,2,5,0,6a3fa2c5dfa2f6d0ee22ff12,1,11,7,0.0,0.0,0.0,0.0,0.42857142857142855,1.1338934190276821
2026-05-14,6a3fa374da5b18e68c8bc446,0.0,3,5,0,6a3fa2c5dfa2f6d0ee22ff12,1,10,7,1.0,0.0,3.0,0.3333333333333333,0.5714285714285714,1.1338934190276821
2026-05-15,6a3fa374da5b18e68c8bc446,0.0,4,5,0,6a3fa2c5dfa2f6d0ee22ff12,1,12,7,0.0,1.0,0.0,0.3333333333333333,0.14285714285714285,0.37796447300922953
2026-05-16,6a3fa374da5b18e68c8bc446,0.0,5,5,1,6a3fa2c5dfa2f6d0ee22ff12,1,10,7,0.0,0.0,0.0,0.3333333333333333,0.14285714285714285,0.37796447300922953
2026-05-17,6a3fa374da5b18e68c8bc446,3.0,6,5,1,6a3fa2c5dfa2f6d0ee22ff12,1,5,7,0.0,0.0,0.0,0.0,0.14285714285714285,0.37796447300922953
2026-05-18,6a3fa374da5b18e68c8bc446,1.0,0,5,0,6a3fa2c5dfa2f6d0ee22ff12,1,11,7,3.0,0.0,0.0,1.0,0.5714285714285714,1.1338934190276821
2026-05-19,6a3fa374da5b18e68c8bc446,1.0,1,5,0,6a3fa2c5dfa2f6d0ee22ff12,1,11,7,1.0,3.0,0.0,1.3333333333333333,0.7142857142857143,1.112697280528374
2026-05-20,6a3fa374da5b18e68c8bc446,3.0,2,5,0,6a3fa2c5dfa2f6d0ee22ff12,1,11,7,1.0,1.0,1.0,1.6666666666666667,0.8571428571428571,1.0690449676496978
2026-05-21,6a3fa374da5b18e68c8bc446,4.0,3,5,0,6a3fa2c5dfa2f6d0ee22ff12,1,10,7,3.0,1.0,0.0,1.6666666666666667,1.1428571428571428,1.3451854182690985
2026-05-22,6a3fa374da5b18e68c8bc446,0.0,4,5,0,6a3fa2c5dfa2f6d0ee22ff12,1,12,7,4.0,3.0,0.0,2.6666666666666665,1.7142857142857142,1.6035674514745462
2026-05-23,6a3fa374da5b18e68c8bc446,0.0,5,5,1,6a3fa2c5dfa2f6d0ee22ff12,1,10,7,0.0,4.0,0.0,2.3333333333333335,1.7142857142857142,1.6035674514745462
2026-05-24,6a3fa374da5b18e68c8bc446,0.0,6,5,1,6a3fa2c5dfa2f6d0ee22ff12,1,5,7,0.0,0.0,3.0,1.3333333333333333,1.7142857142857142,1.6035674514745462
2026-05-25,6a3fa374da5b18e68c8bc446,1.0,0,5,0,6a3fa2c5dfa2f6d0ee22ff12,1,11,7,0.0,0.0,1.0,0.0,1.2857142857142858,1.6035674514745462
2026-05-26,6a3fa374da5b18e68c8bc446,3.0,1,5,0,6a3fa2c5dfa2f6d0ee22ff12,1,11,7,1.0,0.0,1.0,0.3333333333333333,1.2857142857142858,1.6035674514745462
2026-05-27,6a3fa374da5b18e68c8bc446,0.0,2,5,0,6a3fa2c5dfa2f6d0ee22ff12,1,11,7,3.0,1.0,3.0,1.3333333333333333,1.5714285714285714,1.7182493859684491
2026-05-28,6a3fa374da5b18e68c8bc446,0.0,3,5,0,6a3fa2c5dfa2f6d0ee22ff12,1,10,7,0.0,3.0,4.0,1.3333333333333333,1.1428571428571428,1.6761634196950517
2026-05-29,6a3fa374da5b18e68c8bc446,0.0,4,5,0,6a3fa2c5dfa2f6d0ee22ff12,1,12,7,0.0,0.0,0.0,1.0,0.5714285714285714,1.133893419027682
2026-05-30,6a3fa374da5b18e68c8bc446,2.0,5,5,1,6a3fa2c5dfa2f6d0ee22ff12,1,10,7,0.0,0.0,0.0,0.0,0.5714285714285714,1.133893419027682
2026-05-31,6a3fa374da5b18e68c8bc446,4.0,6,5,1,6a3fa2c5dfa2f6d0ee22ff12,1,5,7,2.0,0.0,0.0,0.6666666666666666,0.8571428571428571,1.214985792587912
2026-06-01,6a3fa374da5b18e68c8bc446,3.0,0,6,0,6a3fa2c5dfa2f6d0ee22ff12,1,11,7,4.0,2.0,1.0,2.0,1.4285714285714286,1.618347187425374
2026-06-02,6a3fa374da5b18e68c8bc446,0.0,1,6,0,6a3fa2c5dfa2f6d0ee22ff12,1,11,7,3.0,4.0,3.0,3.0,1.7142857142857142,1.704336206492693
2026-06-03,6a3fa374da5b18e68c8bc446,1.0,2,6,0,6a3fa2c5dfa2f6d0ee22ff12,1,11,7,0.0,3.0,0.0,2.3333333333333335,1.2857142857142858,1.7043362064926932
2026-06-04,6a3fa374da5b18e68c8bc446,0.0,3,6,0,6a3fa2c5dfa2f6d0ee22ff12,1,10,7,1.0,0.0,0.0,1.3333333333333333,1.4285714285714286,1.618347187425374
2026-06-05,6a3fa374da5b18e68c8bc446,0.0,4,6,0,6a3fa2c5dfa2f6d0ee22ff12,1,12,7,0.0,1.0,0.0,0.3333333333333333,1.4285714285714286,1.618347187425374
2026-06-06,6a3fa374da5b18e68c8bc446,0.0,5,6,1,6a3fa2c5dfa2f6d0ee22ff12,1,10,7,0.0,0.0,2.0,0.3333333333333333,1.4285714285714286,1.618347187425374
2026-06-07,6a3fa374da5b18e68c8bc446,0.0,6,6,1,6a3fa2c5dfa2f6d0ee22ff12,1,5,7,0.0,0.0,4.0,0.0,1.1428571428571428,1.6761634196950517
2026-06-08,6a3fa374da5b18e68c8bc446,1.0,0,6,0,6a3fa2c5dfa2f6d0ee22ff12,1,11,7,0.0,0.0,3.0,0.0,0.5714285714285714,1.133893419027682
2026-06-09,6a3fa374da5b18e68c8bc446,2.0,1,6,0,6a3fa2c5dfa2f6d0ee22ff12,1,11,7,1.0,0.0,0.0,0.3333333333333333,0.2857142857142857,0.4879500364742679
2026-06-10,6a3fa374da5b18e68c8bc446,0.0,2,6,0,6a3fa2c5dfa2f6d0ee22ff12,1,11,7,2.0,1.0,1.0,1.0,0.5714285714285714,0.7867957924694436
2026-06-11,6a3fa374da5b18e68c8bc446,0.0,3,6,0,6a3fa2c5dfa2f6d0ee22ff12,1,10,7,0.0,2.0,0.0,1.0,0.42857142857142855,0.7867957924694438
2026-06-12,6a3fa374da5b18e68c8bc446,0.0,4,6,0,6a3fa2c5dfa2f6d0ee22ff12,1,12,7,0.0,0.0,0.0,0.6666666666666666,0.42857142857142855,0.7867957924694438
2026-06-13,6a3fa374da5b18e68c8bc446,0.0,5,6,1,6a3fa2c5dfa2f6d0ee22ff12,1,10,7,0.0,0.0,0.0,0.0,0.42857142857142855,0.7867957924694438
2026-06-14,6a3fa374da5b18e68c8bc446,3.0,6,6,1,6a3fa2c5dfa2f6d0ee22ff12,1,5,7,0.0,0.0,0.0,0.0,0.42857142857142855,0.7867957924694438
2026-06-15,6a3fa374da5b18e68c8bc446,0.0,0,6,0,6a3fa2c5dfa2f6d0ee22ff12,1,11,7,3.0,0.0,1.0,1.0,0.8571428571428571,1.214985792587912
2026-06-16,6a3fa374da5b18e68c8bc446,1.0,1,6,0,6a3fa2c5dfa2f6d0ee22ff12,1,11,7,0.0,3.0,2.0,1.0,0.7142857142857143,1.2535663410560176
2026-06-17,6a3fa374da5b18e68c8bc446,0.0,2,6,0,6a3fa2c5dfa2f6d0ee22ff12,1,11,7,1.0,0.0,0.0,1.3333333333333333,0.5714285714285714,1.133893419027682
2026-06-18,6a3fa374da5b18e68c8bc446,1.0,3,6,0,6a3fa2c5dfa2f6d0ee22ff12,1,10,7,0.0,1.0,0.0,0.3333333333333333,0.5714285714285714,1.133893419027682
2026-06-19,6a3fa374da5b18e68c8bc446,2.0,4,6,0,6a3fa2c5dfa2f6d0ee22ff12,1,12,7,1.0,0.0,0.0,0.6666666666666666,0.7142857142857143,1.112697280528374
2026-06-20,6a3fa374da5b18e68c8bc446,0.0,5,6,1,6a3fa2c5dfa2f6d0ee22ff12,1,10,7,2.0,1.0,0.0,1.0,1.0,1.1547005383792515
2026-06-21,6a3fa374da5b18e68c8bc446,0.0,6,6,1,6a3fa2c5dfa2f6d0ee22ff12,1,5,7,0.0,2.0,3.0,1.0,1.0,1.1547005383792515
2026-06-22,6a3fa374da5b18e68c8bc446,0.0,0,6,0,6a3fa2c5dfa2f6d0ee22ff12,1,11,7,0.0,0.0,0.0,0.6666666666666666,0.5714285714285714,0.7867957924694435
2026-06-23,6a3fa374da5b18e68c8bc446,1.0,1,6,0,6a3fa2c5dfa2f6d0ee22ff12,1,11,7,0.0,0.0,1.0,0.0,0.5714285714285714,0.7867957924694435
2026-06-24,6a3fa374da5b18e68c8bc446,0.0,2,6,0,6a3fa2c5dfa2f6d0ee22ff12,1,11,7,1.0,0.0,0.0,0.3333333333333333,0.5714285714285714,0.7867957924694435
2026-06-25,6a3fa374da5b18e68c8bc446,1.0,3,6,0,6a3fa2c5dfa2f6d0ee22ff12,1,10,7,0.0,1.0,1.0,0.3333333333333333,0.5714285714285714,0.7867957924694435
2026-06-26,6a3fa374da5b18e68c8bc446,0.0,4,6,0,6a3fa2c5dfa2f6d0ee22ff12,1,12,7,1.0,0.0,2.0,0.6666666666666666,0.5714285714285714,0.7867957924694435
2026-06-27,6a3fa374da5b18e68c8bc446,0.0,5,6,1,6a3fa2c5dfa2f6d0ee22ff12,1,10,7,0.0,1.0,0.0,0.3333333333333333,0.2857142857142857,0.48795003647426766
2026-04-06,6a3fa374da5b18e68c8bc447,2.0,0,4,0,6a3fa2c5dfa2f6d0ee22ff12,1,11,7,0.0,3.0,0.0,2.0,1.0,1.4142135623730951
2026-04-07,6a3fa374da5b18e68c8bc447,2.0,1,4,0,6a3fa2c5dfa2f6d0ee22ff12,1,11,7,2.0,0.0,0.0,1.6666666666666667,1.2857142857142858,1.3801311186847085
2026-04-08,6a3fa374da5b18e68c8bc447,1.0,2,4,0,6a3fa2c5dfa2f6d0ee22ff12,1,11,7,2.0,2.0,1.0,1.3333333333333333,1.5714285714285714,1.2724180205607034
2026-04-09,6a3fa374da5b18e68c8bc447,0.0,3,4,0,6a3fa2c5dfa2f6d0ee22ff12,1,10,7,1.0,2.0,0.0,1.6666666666666667,1.5714285714285714,1.2724180205607034
2026-04-10,6a3fa374da5b18e68c8bc447,0.0,4,4,0,6a3fa2c5dfa2f6d0ee22ff12,1,12,7,0.0,1.0,3.0,1.0,1.5714285714285714,1.2724180205607034
2026-04-11,6a3fa374da5b18e68c8bc447,0.0,5,4,1,6a3fa2c5dfa2f6d0ee22ff12,1,10,7,0.0,0.0,3.0,0.3333333333333333,1.1428571428571428,1.2149857925879117
2026-04-12,6a3fa374da5b18e68c8bc447,6.0,6,4,1,6a3fa2c5dfa2f6d0ee22ff12,1,5,7,0.0,0.0,0.0,0.0,0.7142857142857143,0.9511897312113416
2026-04-13,6a3fa374da5b18e68c8bc447,3.0,0,4,0,6a3fa2c5dfa2f6d0ee22ff12,1,11,7,6.0,0.0,2.0,2.0,1.5714285714285714,2.14919697074224
2026-04-14,6a3fa374da5b18e68c8bc447,6.0,1,4,0,6a3fa2c5dfa2f6d0ee22ff12,1,11,7,3.0,6.0,2.0,3.0,1.7142857142857142,2.214669705568283
2026-04-15,6a3fa374da5b18e68c8bc447,0.0,2,4,0,6a3fa2c5dfa2f6d0ee22ff12,1,11,7,6.0,3.0,1.0,5.0,2.2857142857142856,2.751622897751175
2026-04-16,6a3fa374da5b18e68c8bc447,0.0,3,4,0,6a3fa2c5dfa2f6d0ee22ff12,1,10,7,0.0,6.0,0.0,3.0,2.142857142857143,2.8535691936340255
2026-04-17,6a3fa374da5b18e68c8bc447,0.0,4,4,0,6a3fa2c5dfa2f6d0ee22ff12,1,12,7,0.0,0.0,0.0,2.0,2.142857142857143,2.8535691936340255
2026-04-18,6a3fa374da5b18e68c8bc447,0.0,5,4,1,6a3fa2c5dfa2f6d0ee22ff12,1,10,7,0.0,0.0,0.0,0.0,2.142857142857143,2.8535691936340255
2026-04-19,6a3fa374da5b18e68c8bc447,2.0,6,4,1,6a3fa2c5dfa2f6d0ee22ff12,1,5,7,0.0,0.0,6.0,0.0,2.142857142857143,2.8535691936340255
2026-04-20,6a3fa374da5b18e68c8bc447,1.0,0,4,0,6a3fa2c5dfa2f6d0ee22ff12,1,11,7,2.0,0.0,3.0,0.6666666666666666,1.5714285714285714,2.29906813420444
2026-04-21,6a3fa374da5b18e68c8bc447,3.0,1,4,0,6a3fa2c5dfa2f6d0ee22ff12,1,11,7,1.0,2.0,6.0,1.0,1.2857142857142858,2.2146697055682827
2026-04-22,6a3fa374da5b18e68c8bc447,2.0,2,4,0,6a3fa2c5dfa2f6d0ee22ff12,1,11,7,3.0,1.0,0.0,2.0,0.8571428571428571,1.2149857925879115
2026-04-23,6a3fa374da5b18e68c8bc447,0.0,3,4,0,6a3fa2c5dfa2f6d0ee22ff12,1,10,7,2.0,3.0,0.0,2.0,1.1428571428571428,1.2149857925879115
2026-04-24,6a3fa374da5b18e68c8bc447,0.0,4,4,0,6a3fa2c5dfa2f6d0ee22ff12,1,12,7,0.0,2.0,0.0,1.6666666666666667,1.1428571428571428,1.2149857925879115
2026-04-25,6a3fa374da5b18e68c8bc447,4.0,5,4,1,6a3fa2c5dfa2f6d0ee22ff12,1,10,7,0.0,0.0,0.0,0.6666666666666666,1.1428571428571428,1.2149857925879115
2026-04-26,6a3fa374da5b18e68c8bc447,4.0,6,4,1,6a3fa2c5dfa2f6d0ee22ff12,1,5,7,4.0,0.0,2.0,1.3333333333333333,1.7142857142857142,1.4960264830861911
2026-04-27,6a3fa374da5b18e68c8bc447,3.0,0,4,0,6a3fa2c5dfa2f6d0ee22ff12,1,11,7,4.0,4.0,1.0,2.6666666666666665,2.0,1.7320508075688772
2026-04-28,6a3fa374da5b18e68c8bc447,0.0,1,4,0,6a3fa2c5dfa2f6d0ee22ff12,1,11,7,3.0,4.0,3.0,3.6666666666666665,2.2857142857142856,1.7043362064926932
2026-04-29,6a3fa374da5b18e68c8bc447,0.0,2,4,0,6a3fa2c5dfa2f6d0ee22ff12,1,11,7,0.0,3.0,2.0,2.3333333333333335,1.8571428571428572,1.8644544714716087
2026-04-30,6a3fa374da5b18e68c8bc447,0.0,3,4,0,6a3fa2c5dfa2f6d0ee22ff12,1,10,7,0.0,0.0,0.0,1.0,1.5714285714285714,1.9880595947760096
2026-05-01,6a3fa374da5b18e68c8bc447,1.0,4,5,0,6a3fa2c5dfa2f6d0ee22ff12,1,12,7,0.0,0.0,0.0,0.0,1.5714285714285714,1.9880595947760096
2026-05-02,6a3fa374da5b18e68c8bc447,0.0,5,5,1,6a3fa2c5dfa2f6d0ee22ff12,1,10,7,1.0,0.0,4.0,0.3333333333333333,1.7142857142857142,1.8898223650461359
2026-05-03,6a3fa374da5b18e68c8bc447,6.0,6,5,1,6a3fa2c5dfa2f6d0ee22ff12,1,5,7,0.0,1.0,4.0,0.3333333333333333,1.1428571428571428,1.6761634196950512
2026-05-04,6a3fa374da5b18e68c8bc447,3.0,0,5,0,6a3fa2c5dfa2f6d0ee22ff12,1,11,7,6.0,0.0,3.0,2.3333333333333335,1.4285714285714286,2.29906813420444
2026-05-05,6a3fa374da5b18e68c8bc447,0.0,1,5,0,6a3fa2c5dfa2f6d0ee22ff12,1,11,7,3.0,6.0,0.0,3.0,1.4285714285714286,2.29906813420444
2026-05-06,6a3fa374da5b18e68c8bc447,3.0,2,5,0,6a3fa2c5dfa2f6d0ee22ff12,1,11,7,0.0,3.0,0.0,3.0,1.4285714285714286,2.29906813420444
2026-05-07,6a3fa374da5b18e68c8bc447,1.0,3,5,0,6a3fa2c5dfa2f6d0ee22ff12,1,10,7,3.0,0.0,0.0,2.0,1.8571428571428572,2.2677868380553634
2026-05-08,6a3fa374da5b18e68c8bc447,0.0,4,5,0,6a3fa2c5dfa2f6d0ee22ff12,1,12,7,1.0,3.0,1.0,1.3333333333333333,2.0,2.160246899469287
2026-05-09,6a3fa374da5b18e68c8bc447,8.0,5,5,1,6a3fa2c5dfa2f6d0ee22ff12,1,10,7,0.0,1.0,0.0,1.3333333333333333,1.8571428571428572,2.2677868380553634
2026-05-10,6a3fa374da5b18e68c8bc447,0.0,6,5,1,6a3fa2c5dfa2f6d0ee22ff12,1,5,7,8.0,0.0,6.0,3.0,3.0,3.0550504633038935
2026-05-11,6a3fa374da5b18e68c8bc447,4.0,0,5,0,6a3fa2c5dfa2f6d0ee22ff12,1,11,7,0.0,8.0,3.0,2.6666666666666665,2.142857142857143,2.9113897843110044
2026-05-12,6a3fa374da5b18e68c8bc447,3.0,1,5,0,6a3fa2c5dfa2f6d0ee22ff12,1,11,7,4.0,0.0,0.0,4.0,2.2857142857142856,2.984084768360628
2026-05-13,6a3fa374da5b18e68c8bc447,1.0,2,5,0,6a3fa2c5dfa2f6d0ee22ff12,1,11,7,3.0,4.0,3.0,2.3333333333333335,2.7142857142857144,2.811540841738193
2026-05-14,6a3fa374da5b18e68c8bc447,0.0,3,5,0,6a3fa2c5dfa2f6d0ee22ff12,1,10,7,1.0,3.0,1.0,2.6666666666666665,2.4285714285714284,2.878491668515698
2026-05-15,6a3fa374da5b18e68c8bc447,0.0,4,5,0,6a3fa2c5dfa2f6d0ee22ff12,1,12,7,0.0,1.0,0.0,1.3333333333333333,2.2857142857142856,2.984084768360628
2026-05-16,6a3fa374da5b18e68c8bc447,0.0,5,5,1,6a3fa2c5dfa2f6d0ee22ff12,1,10,7,0.0,0.0,8.0,0.3333333333333333,2.2857142857142856,2.984084768360628
2026-05-17,6a3fa374da5b18e68c8bc447,2.0,6,5,1,6a3fa2c5dfa2f6d0ee22ff12,1,5,7,0.0,0.0,0.0,0.0,1.1428571428571428,1.6761634196950508
2026-05-18,6a3fa374da5b18e68c8bc447,0.0,0,5,0,6a3fa2c5dfa2f6d0ee22ff12,1,11,7,2.0,0.0,4.0,0.6666666666666666,1.4285714285714286,1.6183471874253736
2026-05-19,6a3fa374da5b18e68c8bc447,0.0,1,5,0,6a3fa2c5dfa2f6d0ee22ff12,1,11,7,0.0,2.0,3.0,0.6666666666666666,0.8571428571428571,1.2149857925879106
2026-05-20,6a3fa374da5b18e68c8bc447,6.0,2,5,0,6a3fa2c5dfa2f6d0ee22ff12,1,11,7,0.0,0.0,1.0,0.6666666666666666,0.42857142857142855,0.7867957924694409
2026-05-21,6a3fa374da5b18e68c8bc447,0.0,3,5,0,6a3fa2c5dfa2f6d0ee22ff12,1,10,7,6.0,0.0,0.0,2.0,1.1428571428571428,2.2677868380553625
2026-05-22,6a3fa374da5b18e68c8bc447,0.0,4,5,0,6a3fa2c5dfa2f6d0ee22ff12,1,12,7,0.0,6.0,0.0,2.0,1.1428571428571428,2.2677868380553625
2026-05-23,6a3fa374da5b18e68c8bc447,0.0,5,5,1,6a3fa2c5dfa2f6d0ee22ff12,1,10,7,0.0,0.0,0.0,2.0,1.1428571428571428,2.2677868380553625
2026-05-24,6a3fa374da5b18e68c8bc447,3.0,6,5,1,6a3fa2c5dfa2f6d0ee22ff12,1,5,7,0.0,0.0,2.0,0.0,1.1428571428571428,2.2677868380553625
2026-05-25,6a3fa374da5b18e68c8bc447,0.0,0,5,0,6a3fa2c5dfa2f6d0ee22ff12,1,11,7,3.0,0.0,0.0,1.0,1.2857142857142858,2.360387377408329
2026-05-26,6a3fa374da5b18e68c8bc447,0.0,1,5,0,6a3fa2c5dfa2f6d0ee22ff12,1,11,7,0.0,3.0,0.0,1.0,1.2857142857142858,2.360387377408329
2026-05-27,6a3fa374da5b18e68c8bc447,0.0,2,5,0,6a3fa2c5dfa2f6d0ee22ff12,1,11,7,0.0,0.0,6.0,1.0,1.2857142857142858,2.360387377408329
2026-05-28,6a3fa374da5b18e68c8bc447,0.0,3,5,0,6a3fa2c5dfa2f6d0ee22ff12,1,10,7,0.0,0.0,0.0,0.0,0.42857142857142855,1.1338934190276801
2026-05-29,6a3fa374da5b18e68c8bc447,1.0,4,5,0,6a3fa2c5dfa2f6d0ee22ff12,1,12,7,0.0,0.0,0.0,0.0,0.42857142857142855,1.1338934190276801
2026-05-30,6a3fa374da5b18e68c8bc447,4.0,5,5,1,6a3fa2c5dfa2f6d0ee22ff12,1,10,7,1.0,0.0,0.0,0.3333333333333333,0.5714285714285714,1.1338934190276801
2026-05-31,6a3fa374da5b18e68c8bc447,1.0,6,5,1,6a3fa2c5dfa2f6d0ee22ff12,1,5,7,4.0,1.0,3.0,1.6666666666666667,1.1428571428571428,1.6761634196950508
2026-06-01,6a3fa374da5b18e68c8bc447,2.0,0,6,0,6a3fa2c5dfa2f6d0ee22ff12,1,11,7,1.0,4.0,0.0,2.0,0.8571428571428571,1.463850109422799
2026-06-02,6a3fa374da5b18e68c8bc447,0.0,1,6,0,6a3fa2c5dfa2f6d0ee22ff12,1,11,7,2.0,1.0,0.0,2.3333333333333335,1.1428571428571428,1.4638501094227991
2026-06-03,6a3fa374da5b18e68c8bc447,0.0,2,6,0,6a3fa2c5dfa2f6d0ee22ff12,1,11,7,0.0,2.0,0.0,1.0,1.1428571428571428,1.4638501094227991
2026-06-04,6a3fa374da5b18e68c8bc447,0.0,3,6,0,6a3fa2c5dfa2f6d0ee22ff12,1,10,7,0.0,0.0,0.0,0.6666666666666666,1.1428571428571428,1.4638501094227991
2026-06-05,6a3fa374da5b18e68c8bc447,2.0,4,6,0,6a3fa2c5dfa2f6d0ee22ff12,1,12,7,0.0,0.0,1.0,0.0,1.1428571428571428,1.4638501094227991
2026-06-06,6a3fa374da5b18e68c8bc447,0.0,5,6,1,6a3fa2c5dfa2f6d0ee22ff12,1,10,7,2.0,0.0,4.0,0.6666666666666666,1.2857142857142858,1.4960264830861907
2026-06-07,6a3fa374da5b18e68c8bc447,3.0,6,6,1,6a3fa2c5dfa2f6d0ee22ff12,1,5,7,0.0,2.0,1.0,0.6666666666666666,0.7142857142857143,0.9511897312113402
2026-06-08,6a3fa374da5b18e68c8bc447,1.0,0,6,0,6a3fa2c5dfa2f6d0ee22ff12,1,11,7,3.0,0.0,2.0,1.6666666666666667,1.0,1.2909944487358047
2026-06-09,6a3fa374da5b18e68c8bc447,0.0,1,6,0,6a3fa2c5dfa2f6d0ee22ff12,1,11,7,1.0,3.0,0.0,1.3333333333333333,0.8571428571428571,1.2149857925879106
2026-06-10,6a3fa374da5b18e68c8bc447,0.0,2,6,0,6a3fa2c5dfa2f6d0ee22ff12,1,11,7,0.0,1.0,0.0,1.3333333333333333,0.8571428571428571,1.2149857925879106
2026-06-11,6a3fa374da5b18e68c8bc447,0.0,3,6,0,6a3fa2c5dfa2f6d0ee22ff12,1,10,7,0.0,0.0,0.0,0.3333333333333333,0.8571428571428571,1.2149857925879106
2026-06-12,6a3fa374da5b18e68c8bc447,0.0,4,6,0,6a3fa2c5dfa2f6d0ee22ff12,1,12,7,0.0,0.0,2.0,0.0,0.8571428571428571,1.2149857925879106
2026-06-13,6a3fa374da5b18e68c8bc447,3.0,5,6,1,6a3fa2c5dfa2f6d0ee22ff12,1,10,7,0.0,0.0,0.0,0.0,0.5714285714285714,1.1338934190276801
2026-06-14,6a3fa374da5b18e68c8bc447,9.0,6,6,1,6a3fa2c5dfa2f6d0ee22ff12,1,5,7,3.0,0.0,3.0,1.0,1.0,1.414213562373094
2026-06-15,6a3fa374da5b18e68c8bc447,2.0,0,6,0,6a3fa2c5dfa2f6d0ee22ff12,1,11,7,9.0,3.0,1.0,4.0,1.8571428571428572,3.3380918415851206
2026-06-16,6a3fa374da5b18e68c8bc447,3.0,1,6,0,6a3fa2c5dfa2f6d0ee22ff12,1,11,7,2.0,9.0,0.0,4.666666666666667,2.0,3.3166247903553994
2026-06-17,6a3fa374da5b18e68c8bc447,2.0,2,6,0,6a3fa2c5dfa2f6d0ee22ff12,1,11,7,3.0,2.0,0.0,4.666666666666667,2.4285714285714284,3.2071349029490923
2026-06-18,6a3fa374da5b18e68c8bc447,4.0,3,6,0,6a3fa2c5dfa2f6d0ee22ff12,1,10,7,2.0,3.0,0.0,2.3333333333333335,2.7142857142857144,3.039423504234847
2026-06-19,6a3fa374da5b18e68c8bc447,1.0,4,6,0,6a3fa2c5dfa2f6d0ee22ff12,1,12,7,4.0,2.0,0.0,3.0,3.2857142857142856,2.811540841738193
2026-06-20,6a3fa374da5b18e68c8bc447,3.0,5,6,1,6a3fa2c5dfa2f6d0ee22ff12,1,10,7,1.0,4.0,3.0,2.3333333333333335,3.4285714285714284,2.63673679998231
2026-06-21,6a3fa374da5b18e68c8bc447,0.0,6,6,1,6a3fa2c5dfa2f6d0ee22ff12,1,5,7,3.0,1.0,9.0,2.6666666666666665,3.4285714285714284,2.63673679998231
2026-06-22,6a3fa374da5b18e68c8bc447,0.0,0,6,0,6a3fa2c5dfa2f6d0ee22ff12,1,11,7,0.0,3.0,2.0,1.3333333333333333,2.142857142857143,1.3451854182690968
2026-06-23,6a3fa374da5b18e68c8bc447,0.0,1,6,0,6a3fa2c5dfa2f6d0ee22ff12,1,11,7,0.0,0.0,3.0,1.0,1.8571428571428572,1.5735915849388844
2026-06-24,6a3fa374da5b18e68c8bc447,0.0,2,6,0,6a3fa2c5dfa2f6d0ee22ff12,1,11,7,0.0,0.0,2.0,0.0,1.4285714285714286,1.6183471874253719
2026-06-25,6a3fa374da5b18e68c8bc447,3.0,3,6,0,6a3fa2c5dfa2f6d0ee22ff12,1,10,7,0.0,0.0,4.0,0.0,1.1428571428571428,1.6761634196950492
2026-06-26,6a3fa374da5b18e68c8bc447,0.0,4,6,0,6a3fa2c5dfa2f6d0ee22ff12,1,12,7,3.0,0.0,1.0,1.0,1.0,1.4142135623730923
2026-06-27,6a3fa374da5b18e68c8bc447,3.0,5,6,1,6a3fa2c5dfa2f6d0ee22ff12,1,10,7,0.0,3.0,3.0,1.0,0.8571428571428571,1.463850109422797
2026-04-06,6a3fa374da5b18e68c8bc448,5.0,0,4,0,6a3fa2c5dfa2f6d0ee22ff12,1,11,6,0.0,0.0,0.0,0.0,0.5714285714285714,1.1338934190276817
2026-04-07,6a3fa374da5b18e68c8bc448,0.0,1,4,0,6a3fa2c5dfa2f6d0ee22ff12,1,11,6,5.0,0.0,0.0,1.6666666666666667,1.2857142857142858,1.9760470401187074
2026-04-08,6a3fa374da5b18e68c8bc448,0.0,2,4,0,6a3fa2c5dfa2f6d0ee22ff12,1,11,6,0.0,5.0,3.0,1.6666666666666667,1.2857142857142858,1.9760470401187074
2026-04-09,6a3fa374da5b18e68c8bc448,0.0,3,4,0,6a3fa2c5dfa2f6d0ee22ff12,1,10,6,0.0,0.0,1.0,1.6666666666666667,0.8571428571428571,1.864454471471609
2026-04-10,6a3fa374da5b18e68c8bc448,3.0,4,4,0,6a3fa2c5dfa2f6d0ee22ff12,1,12,6,0.0,0.0,0.0,0.0,0.7142857142857143,1.889822365046136
2026-04-11,6a3fa374da5b18e68c8bc448,0.0,5,4,1,6a3fa2c5dfa2f6d0ee22ff12,1,10,6,3.0,0.0,0.0,1.0,1.1428571428571428,2.0354009783964297
2026-04-12,6a3fa374da5b18e68c8bc448,0.0,6,4,1,6a3fa2c5dfa2f6d0ee22ff12,0,5,6,0.0,3.0,0.0,1.0,1.1428571428571428,2.0354009783964297
2026-04-13,6a3fa374da5b18e68c8bc448,6.0,0,4,0,6a3fa2c5dfa2f6d0ee22ff12,1,11,6,0.0,0.0,5.0,1.0,1.1428571428571428,2.0354009783964297
2026-04-14,6a3fa374da5b18e68c8bc448,1.0,1,4,0,6a3fa2c5dfa2f6d0ee22ff12,1,11,6,6.0,0.0,0.0,2.0,1.2857142857142858,2.3603873774083297
2026-04-15,6a3fa374da5b18e68c8bc448,0.0,2,4,0,6a3fa2c5dfa2f6d0ee22ff12,1,11,6,1.0,6.0,0.0,2.3333333333333335,1.4285714285714286,2.29906813420444
2026-04-16,6a3fa374da5b18e68c8bc448,0.0,3,4,0,6a3fa2c5dfa2f6d0ee22ff12,1,10,6,0.0,1.0,0.0,2.3333333333333335,1.4285714285714286,2.29906813420444
2026-04-17,6a3fa374da5b18e68c8bc448,0.0,4,4,0,6a3fa2c5dfa2f6d0ee22ff12,1,12,6,0.0,0.0,3.0,0.3333333333333333,1.4285714285714286,2.29906813420444
2026-04-18,6a3fa374da5b18e68c8bc448,0.0,5,4,1,6a3fa2c5dfa2f6d0ee22ff12,1,10,6,0.0,0.0,0.0,0.0,1.0,2.23606797749979
2026-04-19,6a3fa374da5b18e68c8bc448,0.0,6,4,1,6a3fa2c5dfa2f6d0ee22ff12,0,5,6,0.0,0.0,0.0,0.0,1.0,2.23606797749979
2026-04-20,6a3fa374da5b18e68c8bc448,3.0,0,4,0,6a3fa2c5dfa2f6d0ee22ff12,1,11,6,0.0,0.0,6.0,0.0,1.0,2.23606797749979
2026-04-21,6a3fa374da5b18e68c8bc448,0.0,1,4,0,6a3fa2c5dfa2f6d0ee22ff12,1,11,6,3.0,0.0,1.0,1.0,0.5714285714285714,1.1338934190276815
2026-04-22,6a3fa374da5b18e68c8bc448,0.0,2,4,0,6a3fa2c5dfa2f6d0ee22ff12,1,11,6,0.0,3.0,0.0,1.0,0.42857142857142855,1.1338934190276815
2026-04-23,6a3fa374da5b18e68c8bc448,5.0,3,4,0,6a3fa2c5dfa2f6d0ee22ff12,1,10,6,0.0,0.0,0.0,1.0,0.42857142857142855,1.1338934190276815
2026-04-24,6a3fa374da5b18e68c8bc448,0.0,4,4,0,6a3fa2c5dfa2f6d0ee22ff12,1,12,6,5.0,0.0,0.0,1.6666666666666667,1.1428571428571428,2.0354009783964297
2026-04-25,6a3fa374da5b18e68c8bc448,0.0,5,4,1,6a3fa2c5dfa2f6d0ee22ff12,1,10,6,0.0,5.0,0.0,1.6666666666666667,1.1428571428571428,2.0354009783964297
2026-04-26,6a3fa374da5b18e68c8bc448,0.0,6,4,1,6a3fa2c5dfa2f6d0ee22ff12,0,5,6,0.0,0.0,0.0,1.6666666666666667,1.1428571428571428,2.0354009783964297
2026-04-27,6a3fa374da5b18e68c8bc448,0.0,0,4,0,6a3fa2c5dfa2f6d0ee22ff12,1,11,6,0.0,0.0,3.0,0.0,1.1428571428571428,2.0354009783964297
2026-04-28,6a3fa374da5b18e68c8bc448,0.0,1,4,0,6a3fa2c5dfa2f6d0ee22ff12,1,11,6,0.0,0.0,0.0,0.0,0.7142857142857143,1.889822365046136
2026-04-29,6a3fa374da5b18e68c8bc448,0.0,2,4,0,6a3fa2c5dfa2f6d0ee22ff12,1,11,6,0.0,0.0,0.0,0.0,0.7142857142857143,1.889822365046136
2026-04-30,6a3fa374da5b18e68c8bc448,3.0,3,4,0,6a3fa2c5dfa2f6d0ee22ff12,1,10,6,0.0,0.0,5.0,0.0,0.7142857142857143,1.889822365046136
2026-05-01,6a3fa374da5b18e68c8bc448,0.0,4,5,0,6a3fa2c5dfa2f6d0ee22ff12,1,12,6,3.0,0.0,0.0,1.0,0.42857142857142855,1.1338934190276817
2026-05-02,6a3fa374da5b18e68c8bc448,0.0,5,5,1,6a3fa2c5dfa2f6d0ee22ff12,1,10,6,0.0,3.0,0.0,1.0,0.42857142857142855,1.1338934190276817
2026-05-03,6a3fa374da5b18e68c8bc448,0.0,6,5,1,6a3fa2c5dfa2f6d0ee22ff12,0,5,6,0.0,0.0,0.0,1.0,0.42857142857142855,1.1338934190276817
2026-05-04,6a3fa374da5b18e68c8bc448,0.0,0,5,0,6a3fa2c5dfa2f6d0ee22ff12,1,11,6,0.0,0.0,0.0,0.0,0.42857142857142855,1.1338934190276817
2026-05-05,6a3fa374da5b18e68c8bc448,2.0,1,5,0,6a3fa2c5dfa2f6d0ee22ff12,1,11,6,0.0,0.0,0.0,0.0,0.42857142857142855,1.1338934190276817
2026-05-06,6a3fa374da5b18e68c8bc448,1.0,2,5,0,6a3fa2c5dfa2f6d0ee22ff12,1,11,6,2.0,0.0,0.0,0.6666666666666666,0.7142857142857143,1.2535663410560174
2026-05-07,6a3fa374da5b18e68c8bc448,8.0,3,5,0,6a3fa2c5dfa2f6d0ee22ff12,1,10,6,1.0,2.0,3.0,1.0,0.8571428571428571,1.2149857925879117
2026-05-08,6a3fa374da5b18e68c8bc448,0.0,4,5,0,6a3fa2c5dfa2f6d0ee22ff12,1,12,6,8.0,1.0,0.0,3.6666666666666665,1.5714285714285714,2.9358214555806383
2026-05-09,6a3fa374da5b18e68c8bc448,3.0,5,5,1,6a3fa2c5dfa2f6d0ee22ff12,1,10,6,0.0,8.0,0.0,3.0,1.5714285714285714,2.9358214555806383
2026-05-10,6a3fa374da5b18e68c8bc448,0.0,6,5,1,6a3fa2c5dfa2f6d0ee22ff12,0,5,6,3.0,0.0,0.0,3.6666666666666665,2.0,2.886751345948129
2026-05-11,6a3fa374da5b18e68c8bc448,1.0,0,5,0,6a3fa2c5dfa2f6d0ee22ff12,1,11,6,0.0,3.0,0.0,1.0,2.0,2.886751345948129
2026-05-12,6a3fa374da5b18e68c8bc448,0.0,1,5,0,6a3fa2c5dfa2f6d0ee22ff12,1,11,6,1.0,0.0,2.0,1.3333333333333333,2.142857142857143,2.7945525240230875
2026-05-13,6a3fa374da5b18e68c8bc448,2.0,2,5,0,6a3fa2c5dfa2f6d0ee22ff12,1,11,6,0.0,1.0,1.0,0.3333333333333333,1.8571428571428572,2.9113897843110044
2026-05-14,6a3fa374da5b18e68c8bc448,0.0,3,5,0,6a3fa2c5dfa2f6d0ee22ff12,1,10,6,2.0,0.0,8.0,1.0,2.0,2.886751345948129
2026-05-15,6a3fa374da5b18e68c8bc448,3.0,4,5,0,6a3fa2c5dfa2f6d0ee22ff12,1,12,6,0.0,2.0,0.0,0.6666666666666666,0.8571428571428571,1.2149857925879122
2026-05-16,6a3fa374da5b18e68c8bc448,0.0,5,5,1,6a3fa2c5dfa2f6d0ee22ff12,1,10,6,3.0,0.0,3.0,1.6666666666666667,1.2857142857142858,1.380131118684709
2026-05-17,6a3fa374da5b18e68c8bc448,0.0,6,5,1,6a3fa2c5dfa2f6d0ee22ff12,0,5,6,0.0,3.0,0.0,1.0,0.8571428571428571,1.2149857925879122
2026-05-18,6a3fa374da5b18e68c8bc448,4.0,0,5,0,6a3fa2c5dfa2f6d0ee22ff12,1,11,6,0.0,0.0,1.0,1.0,0.8571428571428571,1.2149857925879122
2026-05-19,6a3fa374da5b18e68c8bc448,3.0,1,5,0,6a3fa2c5dfa2f6d0ee22ff12,1,11,6,4.0,0.0,0.0,1.3333333333333333,1.2857142857142858,1.704336206492694
2026-05-20,6a3fa374da5b18e68c8bc448,4.0,2,5,0,6a3fa2c5dfa2f6d0ee22ff12,1,11,6,3.0,4.0,2.0,2.3333333333333335,1.7142857142857142,1.704336206492694
2026-05-21,6a3fa374da5b18e68c8bc448,2.0,3,5,0,6a3fa2c5dfa2f6d0ee22ff12,1,10,6,4.0,3.0,0.0,3.6666666666666665,2.0,1.9148542155126766
2026-05-22,6a3fa374da5b18e68c8bc448,0.0,4,5,0,6a3fa2c5dfa2f6d0ee22ff12,1,12,6,2.0,4.0,3.0,3.0,2.2857142857142856,1.704336206492694
2026-05-23,6a3fa374da5b18e68c8bc448,0.0,5,5,1,6a3fa2c5dfa2f6d0ee22ff12,1,10,6,0.0,2.0,0.0,2.0,1.8571428571428572,1.8644544714716094
2026-05-24,6a3fa374da5b18e68c8bc448,0.0,6,5,1,6a3fa2c5dfa2f6d0ee22ff12,0,5,6,0.0,0.0,0.0,0.6666666666666666,1.8571428571428572,1.8644544714716094
2026-05-25,6a3fa374da5b18e68c8bc448,3.0,0,5,0,6a3fa2c5dfa2f6d0ee22ff12,1,11,6,0.0,0.0,4.0,0.0,1.8571428571428572,1.8644544714716094
2026-05-26,6a3fa374da5b18e68c8bc448,2.0,1,5,0,6a3fa2c5dfa2f6d0ee22ff12,1,11,6,3.0,0.0,3.0,1.0,1.7142857142857142,1.704336206492694
2026-05-27,6a3fa374da5b18e68c8bc448,0.0,2,5,0,6a3fa2c5dfa2f6d0ee22ff12,1,11,6,2.0,3.0,4.0,1.6666666666666667,1.5714285714285714,1.6183471874253748
2026-05-28,6a3fa374da5b18e68c8bc448,0.0,3,5,0,6a3fa2c5dfa2f6d0ee22ff12,1,10,6,0.0,2.0,2.0,1.6666666666666667,1.0,1.2909944487358067
2026-05-29,6a3fa374da5b18e68c8bc448,0.0,4,5,0,6a3fa2c5dfa2f6d0ee22ff12,1,12,6,0.0,0.0,0.0,0.6666666666666666,0.7142857142857143,1.2535663410560187
2026-05-30,6a3fa374da5b18e68c8bc448,3.0,5,5,1,6a3fa2c5dfa2f6d0ee22ff12,1,10,6,0.0,0.0,0.0,0.0,0.7142857142857143,1.2535663410560187
2026-05-31,6a3fa374da5b18e68c8bc448,0.0,6,5,1,6a3fa2c5dfa2f6d0ee22ff12,0,5,6,3.0,0.0,0.0,1.0,1.1428571428571428,1.4638501094228007
2026-06-01,6a3fa374da5b18e68c8bc448,2.0,0,6,0,6a3fa2c5dfa2f6d0ee22ff12,1,11,6,0.0,3.0,3.0,1.0,1.1428571428571428,1.4638501094228007
2026-06-02,6a3fa374da5b18e68c8bc448,2.0,1,6,0,6a3fa2c5dfa2f6d0ee22ff12,1,11,6,2.0,0.0,2.0,1.6666666666666667,1.0,1.2909944487358067
2026-06-03,6a3fa374da5b18e68c8bc448,0.0,2,6,0,6a3fa2c5dfa2f6d0ee22ff12,1,11,6,2.0,2.0,0.0,1.3333333333333333,1.0,1.2909944487358067
2026-06-04,6a3fa374da5b18e68c8bc448,0.0,3,6,0,6a3fa2c5dfa2f6d0ee22ff12,1,10,6,0.0,2.0,0.0,1.3333333333333333,1.0,1.2909944487358067
2026-06-05,6a3fa374da5b18e68c8bc448,0.0,4,6,0,6a3fa2c5dfa2f6d0ee22ff12,1,12,6,0.0,0.0,0.0,0.6666666666666666,1.0,1.2909944487358067
2026-06-06,6a3fa374da5b18e68c8bc448,2.0,5,6,1,6a3fa2c5dfa2f6d0ee22ff12,1,10,6,0.0,0.0,3.0,0.0,1.0,1.2909944487358067
2026-06-07,6a3fa374da5b18e68c8bc448,0.0,6,6,1,6a3fa2c5dfa2f6d0ee22ff12,0,5,6,2.0,0.0,0.0,0.6666666666666666,0.8571428571428571,1.069044967649699
2026-06-08,6a3fa374da5b18e68c8bc448,2.0,0,6,0,6a3fa2c5dfa2f6d0ee22ff12,1,11,6,0.0,2.0,2.0,0.6666666666666666,0.8571428571428571,1.069044967649699
2026-06-09,6a3fa374da5b18e68c8bc448,2.0,1,6,0,6a3fa2c5dfa2f6d0ee22ff12,1,11,6,2.0,0.0,2.0,1.3333333333333333,0.8571428571428571,1.069044967649699
2026-06-10,6a3fa374da5b18e68c8bc448,1.0,2,6,0,6a3fa2c5dfa2f6d0ee22ff12,1,11,6,2.0,2.0,0.0,1.3333333333333333,0.8571428571428571,1.069044967649699
2026-06-11,6a3fa374da5b18e68c8bc448,3.0,3,6,0,6a3fa2c5dfa2f6d0ee22ff12,1,10,6,1.0,2.0,0.0,1.6666666666666667,1.0,1.0000000000000013
2026-06-12,6a3fa374da5b18e68c8bc448,0.0,4,6,0,6a3fa2c5dfa2f6d0ee22ff12,1,12,6,3.0,1.0,0.0,2.0,1.4285714285714286,1.1338934190276826
2026-06-13,6a3fa374da5b18e68c8bc448,9.0,5,6,1,6a3fa2c5dfa2f6d0ee22ff12,1,10,6,0.0,3.0,2.0,1.3333333333333333,1.4285714285714286,1.1338934190276826
2026-06-14,6a3fa374da5b18e68c8bc448,0.0,6,6,1,6a3fa2c5dfa2f6d0ee22ff12,0,5,6,9.0,0.0,0.0,4.0,2.4285714285714284,3.1014589500826255
2026-06-15,6a3fa374da5b18e68c8bc448,0.0,0,6,0,6a3fa2c5dfa2f6d0ee22ff12,1,11,6,0.0,9.0,2.0,3.0,2.4285714285714284,3.1014589500826255
2026-06-16,6a3fa374da5b18e68c8bc448,1.0,1,6,0,6a3fa2c5dfa2f6d0ee22ff12,1,11,6,0.0,0.0,2.0,3.0,2.142857142857143,3.2366943748507486
2026-06-17,6a3fa374da5b18e68c8bc448,1.0,2,6,0,6a3fa2c5dfa2f6d0ee22ff12,1,11,6,1.0,0.0,1.0,0.3333333333333333,2.0,3.2659863237109046
2026-06-18,6a3fa374da5b18e68c8bc448,2.0,3,6,0,6a3fa2c5dfa2f6d0ee22ff12,1,10,6,1.0,1.0,3.0,0.6666666666666666,2.0,3.2659863237109046
2026-06-19,6a3fa374da5b18e68c8bc448,0.0,4,6,0,6a3fa2c5dfa2f6d0ee22ff12,1,12,6,2.0,1.0,0.0,1.3333333333333333,1.8571428571428572,3.2366943748507486
2026-06-20,6a3fa374da5b18e68c8bc448,0.0,5,6,1,6a3fa2c5dfa2f6d0ee22ff12,1,10,6,0.0,2.0,9.0,1.0,1.8571428571428572,3.2366943748507486
2026-06-21,6a3fa374da5b18e68c8bc448,0.0,6,6,1,6a3fa2c5dfa2f6d0ee22ff12,0,5,6,0.0,0.0,0.0,0.6666666666666666,0.5714285714285714,0.7867957924694465
2026-06-22,6a3fa374da5b18e68c8bc448,1.0,0,6,0,6a3fa2c5dfa2f6d0ee22ff12,1,11,6,0.0,0.0,0.0,0.0,0.5714285714285714,0.7867957924694465
2026-06-23,6a3fa374da5b18e68c8bc448,0.0,1,6,0,6a3fa2c5dfa2f6d0ee22ff12,1,11,6,1.0,0.0,1.0,0.3333333333333333,0.7142857142857143,0.7559289460184578
2026-06-24,6a3fa374da5b18e68c8bc448,0.0,2,6,0,6a3fa2c5dfa2f6d0ee22ff12,1,11,6,0.0,1.0,1.0,0.3333333333333333,0.5714285714285714,0.7867957924694465
2026-06-25,6a3fa374da5b18e68c8bc448,0.0,3,6,0,6a3fa2c5dfa2f6d0ee22ff12,1,10,6,0.0,0.0,2.0,0.3333333333333333,0.42857142857142855,0.7867957924694468
2026-06-26,6a3fa374da5b18e68c8bc448,0.0,4,6,0,6a3fa2c5dfa2f6d0ee22ff12,1,12,6,0.0,0.0,0.0,0.0,0.14285714285714285,0.37796447300923547
2026-06-27,6a3fa374da5b18e68c8bc448,0.0,5,6,1,6a3fa2c5dfa2f6d0ee22ff12,1,10,6,0.0,0.0,0.0,0.0,0.14285714285714285,0.37796447300923547
2026-04-06,6a3fa374da5b18e68c8bc449,0.0,0,4,0,6a3f54268a1b673e19a1ddab,0,11,2,0.0,0.0,0.0,0.0,0.14285714285714285,0.37796447300922725
2026-04-07,6a3fa374da5b18e68c8bc449,2.0,1,4,0,6a3f54268a1b673e19a1ddab,1,11,2,0.0,0.0,0.0,0.0,0.14285714285714285,0.37796447300922725
2026-04-08,6a3fa374da5b18e68c8bc449,0.0,2,4,0,6a3f54268a1b673e19a1ddab,0,11,2,2.0,0.0,0.0,0.6666666666666666,0.42857142857142855,0.7867957924694432
2026-04-09,6a3fa374da5b18e68c8bc449,0.0,3,4,0,6a3f54268a1b673e19a1ddab,1,10,2,0.0,2.0,1.0,0.6666666666666666,0.42857142857142855,0.7867957924694432
2026-04-10,6a3fa374da5b18e68c8bc449,0.0,4,4,0,6a3f54268a1b673e19a1ddab,0,12,2,0.0,0.0,0.0,0.6666666666666666,0.2857142857142857,0.7559289460184545
2026-04-11,6a3fa374da5b18e68c8bc449,0.0,5,4,1,6a3f54268a1b673e19a1ddab,0,10,2,0.0,0.0,0.0,0.0,0.2857142857142857,0.7559289460184545
2026-04-12,6a3fa374da5b18e68c8bc449,0.0,6,4,1,6a3f54268a1b673e19a1ddab,0,5,2,0.0,0.0,0.0,0.0,0.2857142857142857,0.7559289460184545
2026-04-13,6a3fa374da5b18e68c8bc449,0.0,0,4,0,6a3f54268a1b673e19a1ddab,0,11,2,0.0,0.0,0.0,0.0,0.2857142857142857,0.7559289460184545
2026-04-14,6a3fa374da5b18e68c8bc449,2.0,1,4,0,6a3f54268a1b673e19a1ddab,1,11,2,0.0,0.0,2.0,0.0,0.2857142857142857,0.7559289460184545
2026-04-15,6a3fa374da5b18e68c8bc449,0.0,2,4,0,6a3f54268a1b673e19a1ddab,0,11,2,2.0,0.0,0.0,0.6666666666666666,0.2857142857142857,0.7559289460184545
2026-04-16,6a3fa374da5b18e68c8bc449,0.0,3,4,0,6a3f54268a1b673e19a1ddab,1,10,2,0.0,2.0,0.0,0.6666666666666666,0.2857142857142857,0.7559289460184545
2026-04-17,6a3fa374da5b18e68c8bc449,0.0,4,4,0,6a3f54268a1b673e19a1ddab,0,12,2,0.0,0.0,0.0,0.6666666666666666,0.2857142857142857,0.7559289460184545
2026-04-18,6a3fa374da5b18e68c8bc449,0.0,5,4,1,6a3f54268a1b673e19a1ddab,0,10,2,0.0,0.0,0.0,0.0,0.2857142857142857,0.7559289460184545
2026-04-19,6a3fa374da5b18e68c8bc449,0.0,6,4,1,6a3f54268a1b673e19a1ddab,0,5,2,0.0,0.0,0.0,0.0,0.2857142857142857,0.7559289460184545
2026-04-20,6a3fa374da5b18e68c8bc449,0.0,0,4,0,6a3f54268a1b673e19a1ddab,0,11,2,0.0,0.0,0.0,0.0,0.2857142857142857,0.7559289460184545
2026-04-21,6a3fa374da5b18e68c8bc449,0.0,1,4,0,6a3f54268a1b673e19a1ddab,1,11,2,0.0,0.0,2.0,0.0,0.2857142857142857,0.7559289460184545
2026-04-22,6a3fa374da5b18e68c8bc449,0.0,2,4,0,6a3f54268a1b673e19a1ddab,0,11,2,0.0,0.0,0.0,0.0,0.0,0.0
2026-04-23,6a3fa374da5b18e68c8bc449,6.0,3,4,0,6a3f54268a1b673e19a1ddab,1,10,2,0.0,0.0,0.0,0.0,0.0,0.0
2026-04-24,6a3fa374da5b18e68c8bc449,0.0,4,4,0,6a3f54268a1b673e19a1ddab,0,12,2,6.0,0.0,0.0,2.0,0.8571428571428571,2.2677868380553634
2026-04-25,6a3fa374da5b18e68c8bc449,0.0,5,4,1,6a3f54268a1b673e19a1ddab,0,10,2,0.0,6.0,0.0,2.0,0.8571428571428571,2.2677868380553634
2026-04-26,6a3fa374da5b18e68c8bc449,0.0,6,4,1,6a3f54268a1b673e19a1ddab,0,5,2,0.0,0.0,0.0,2.0,0.8571428571428571,2.2677868380553634
2026-04-27,6a3fa374da5b18e68c8bc449,0.0,0,4,0,6a3f54268a1b673e19a1ddab,0,11,2,0.0,0.0,0.0,0.0,0.8571428571428571,2.2677868380553634
2026-04-28,6a3fa374da5b18e68c8bc449,0.0,1,4,0,6a3f54268a1b673e19a1ddab,1,11,2,0.0,0.0,0.0,0.0,0.8571428571428571,2.2677868380553634
2026-04-29,6a3fa374da5b18e68c8bc449,0.0,2,4,0,6a3f54268a1b673e19a1ddab,0,11,2,0.0,0.0,0.0,0.0,0.8571428571428571,2.2677868380553634
2026-04-30,6a3fa374da5b18e68c8bc449,1.0,3,4,0,6a3f54268a1b673e19a1ddab,1,10,2,0.0,0.0,6.0,0.0,0.8571428571428571,2.2677868380553634
2026-05-01,6a3fa374da5b18e68c8bc449,0.0,4,5,0,6a3f54268a1b673e19a1ddab,0,12,2,1.0,0.0,0.0,0.3333333333333333,0.14285714285714285,0.37796447300922725
2026-05-02,6a3fa374da5b18e68c8bc449,0.0,5,5,1,6a3f54268a1b673e19a1ddab,0,10,2,0.0,1.0,0.0,0.3333333333333333,0.14285714285714285,0.37796447300922725
2026-05-03,6a3fa374da5b18e68c8bc449,0.0,6,5,1,6a3f54268a1b673e19a1ddab,0,5,2,0.0,0.0,0.0,0.3333333333333333,0.14285714285714285,0.37796447300922725
2026-05-04,6a3fa374da5b18e68c8bc449,0.0,0,5,0,6a3f54268a1b673e19a1ddab,0,11,2,0.0,0.0,0.0,0.0,0.14285714285714285,0.37796447300922725
2026-05-05,6a3fa374da5b18e68c8bc449,4.0,1,5,0,6a3f54268a1b673e19a1ddab,1,11,2,0.0,0.0,0.0,0.0,0.14285714285714285,0.37796447300922725
2026-05-06,6a3fa374da5b18e68c8bc449,0.0,2,5,0,6a3f54268a1b673e19a1ddab,0,11,2,4.0,0.0,0.0,1.3333333333333333,0.7142857142857143,1.4960264830861913
2026-05-07,6a3fa374da5b18e68c8bc449,0.0,3,5,0,6a3f54268a1b673e19a1ddab,1,10,2,0.0,4.0,1.0,1.3333333333333333,0.7142857142857143,1.4960264830861913
2026-05-08,6a3fa374da5b18e68c8bc449,0.0,4,5,0,6a3f54268a1b673e19a1ddab,0,12,2,0.0,0.0,0.0,1.3333333333333333,0.5714285714285714,1.511857892036909
2026-05-09,6a3fa374da5b18e68c8bc449,0.0,5,5,1,6a3f54268a1b673e19a1ddab,0,10,2,0.0,0.0,0.0,0.0,0.5714285714285714,1.511857892036909
2026-05-10,6a3fa374da5b18e68c8bc449,0.0,6,5,1,6a3f54268a1b673e19a1ddab,0,5,2,0.0,0.0,0.0,0.0,0.5714285714285714,1.511857892036909
2026-05-11,6a3fa374da5b18e68c8bc449,0.0,0,5,0,6a3f54268a1b673e19a1ddab,0,11,2,0.0,0.0,0.0,0.0,0.5714285714285714,1.511857892036909
2026-05-12,6a3fa374da5b18e68c8bc449,2.0,1,5,0,6a3f54268a1b673e19a1ddab,1,11,2,0.0,0.0,4.0,0.0,0.5714285714285714,1.511857892036909
2026-05-13,6a3fa374da5b18e68c8bc449,0.0,2,5,0,6a3f54268a1b673e19a1ddab,0,11,2,2.0,0.0,0.0,0.6666666666666666,0.2857142857142857,0.7559289460184545
2026-05-14,6a3fa374da5b18e68c8bc449,7.0,3,5,0,6a3f54268a1b673e19a1ddab,1,10,2,0.0,2.0,0.0,0.6666666666666666,0.2857142857142857,0.7559289460184545
2026-05-15,6a3fa374da5b18e68c8bc449,0.0,4,5,0,6a3f54268a1b673e19a1ddab,0,12,2,7.0,0.0,0.0,3.0,1.2857142857142858,2.627691364061218
2026-05-16,6a3fa374da5b18e68c8bc449,0.0,5,5,1,6a3f54268a1b673e19a1ddab,0,10,2,0.0,7.0,0.0,2.3333333333333335,1.2857142857142858,2.627691364061218
2026-05-17,6a3fa374da5b18e68c8bc449,0.0,6,5,1,6a3f54268a1b673e19a1ddab,0,5,2,0.0,0.0,0.0,2.3333333333333335,1.2857142857142858,2.627691364061218
2026-05-18,6a3fa374da5b18e68c8bc449,0.0,0,5,0,6a3f54268a1b673e19a1ddab,0,11,2,0.0,0.0,0.0,0.0,1.2857142857142858,2.627691364061218
2026-05-19,6a3fa374da5b18e68c8bc449,4.0,1,5,0,6a3f54268a1b673e19a1ddab,1,11,2,0.0,0.0,2.0,0.0,1.2857142857142858,2.627691364061218
2026-05-20,6a3fa374da5b18e68c8bc449,0.0,2,5,0,6a3f54268a1b673e19a1ddab,0,11,2,4.0,0.0,0.0,1.3333333333333333,1.5714285714285714,2.819996622760558
2026-05-21,6a3fa374da5b18e68c8bc449,0.0,3,5,0,6a3f54268a1b673e19a1ddab,1,10,2,0.0,4.0,7.0,1.3333333333333333,1.5714285714285714,2.819996622760558
2026-05-22,6a3fa374da5b18e68c8bc449,0.0,4,5,0,6a3f54268a1b673e19a1ddab,0,12,2,0.0,0.0,0.0,1.3333333333333333,0.5714285714285714,1.511857892036909
2026-05-23,6a3fa374da5b18e68c8bc449,0.0,5,5,1,6a3f54268a1b673e19a1ddab,0,10,2,0.0,0.0,0.0,0.0,0.5714285714285714,1.511857892036909
2026-05-24,6a3fa374da5b18e68c8bc449,0.0,6,5,1,6a3f54268a1b673e19a1ddab,0,5,2,0.0,0.0,0.0,0.0,0.5714285714285714,1.511857892036909
2026-05-25,6a3fa374da5b18e68c8bc449,0.0,0,5,0,6a3f54268a1b673e19a1ddab,0,11,2,0.0,0.0,0.0,0.0,0.5714285714285714,1.511857892036909
2026-05-26,6a3fa374da5b18e68c8bc449,2.0,1,5,0,6a3f54268a1b673e19a1ddab,1,11,2,0.0,0.0,4.0,0.0,0.5714285714285714,1.511857892036909
2026-05-27,6a3fa374da5b18e68c8bc449,0.0,2,5,0,6a3f54268a1b673e19a1ddab,0,11,2,2.0,0.0,0.0,0.6666666666666666,0.2857142857142857,0.7559289460184545
2026-05-28,6a3fa374da5b18e68c8bc449,0.0,3,5,0,6a3f54268a1b673e19a1ddab,1,10,2,0.0,2.0,0.0,0.6666666666666666,0.2857142857142857,0.7559289460184545
2026-05-29,6a3fa374da5b18e68c8bc449,0.0,4,5,0,6a3f54268a1b673e19a1ddab,0,12,2,0.0,0.0,0.0,0.6666666666666666,0.2857142857142857,0.7559289460184545
2026-05-30,6a3fa374da5b18e68c8bc449,0.0,5,5,1,6a3f54268a1b673e19a1ddab,0,10,2,0.0,0.0,0.0,0.0,0.2857142857142857,0.7559289460184545
2026-05-31,6a3fa374da5b18e68c8bc449,0.0,6,5,1,6a3f54268a1b673e19a1ddab,0,5,2,0.0,0.0,0.0,0.0,0.2857142857142857,0.7559289460184545
2026-06-01,6a3fa374da5b18e68c8bc449,0.0,0,6,0,6a3f54268a1b673e19a1ddab,0,11,2,0.0,0.0,0.0,0.0,0.2857142857142857,0.7559289460184545
2026-06-02,6a3fa374da5b18e68c8bc449,3.0,1,6,0,6a3f54268a1b673e19a1ddab,1,11,2,0.0,0.0,2.0,0.0,0.2857142857142857,0.7559289460184545
2026-06-03,6a3fa374da5b18e68c8bc449,0.0,2,6,0,6a3f54268a1b673e19a1ddab,0,11,2,3.0,0.0,0.0,1.0,0.42857142857142855,1.1338934190276817
2026-06-04,6a3fa374da5b18e68c8bc449,2.0,3,6,0,6a3f54268a1b673e19a1ddab,1,10,2,0.0,3.0,0.0,1.0,0.42857142857142855,1.1338934190276817
2026-06-05,6a3fa374da5b18e68c8bc449,0.0,4,6,0,6a3f54268a1b673e19a1ddab,0,12,2,2.0,0.0,0.0,1.6666666666666667,0.7142857142857143,1.2535663410560174
2026-06-06,6a3fa374da5b18e68c8bc449,0.0,5,6,1,6a3f54268a1b673e19a1ddab,0,10,2,0.0,2.0,0.0,0.6666666666666666,0.7142857142857143,1.2535663410560174
2026-06-07,6a3fa374da5b18e68c8bc449,0.0,6,6,1,6a3f54268a1b673e19a1ddab,0,5,2,0.0,0.0,0.0,0.6666666666666666,0.7142857142857143,1.2535663410560174
2026-06-08,6a3fa374da5b18e68c8bc449,0.0,0,6,0,6a3f54268a1b673e19a1ddab,0,11,2,0.0,0.0,0.0,0.0,0.7142857142857143,1.2535663410560174
2026-06-09,6a3fa374da5b18e68c8bc449,0.0,1,6,0,6a3f54268a1b673e19a1ddab,1,11,2,0.0,0.0,3.0,0.0,0.7142857142857143,1.2535663410560174
2026-06-10,6a3fa374da5b18e68c8bc449,0.0,2,6,0,6a3f54268a1b673e19a1ddab,0,11,2,0.0,0.0,0.0,0.0,0.2857142857142857,0.7559289460184545
2026-06-11,6a3fa374da5b18e68c8bc449,3.0,3,6,0,6a3f54268a1b673e19a1ddab,1,10,2,0.0,0.0,2.0,0.0,0.2857142857142857,0.7559289460184545
2026-06-12,6a3fa374da5b18e68c8bc449,0.0,4,6,0,6a3f54268a1b673e19a1ddab,0,12,2,3.0,0.0,0.0,1.0,0.42857142857142855,1.1338934190276817
2026-06-13,6a3fa374da5b18e68c8bc449,0.0,5,6,1,6a3f54268a1b673e19a1ddab,0,10,2,0.0,3.0,0.0,1.0,0.42857142857142855,1.1338934190276817
2026-06-14,6a3fa374da5b18e68c8bc449,0.0,6,6,1,6a3f54268a1b673e19a1ddab,0,5,2,0.0,0.0,0.0,1.0,0.42857142857142855,1.1338934190276817
2026-06-15,6a3fa374da5b18e68c8bc449,0.0,0,6,0,6a3f54268a1b673e19a1ddab,0,11,2,0.0,0.0,0.0,0.0,0.42857142857142855,1.1338934190276817
2026-06-16,6a3fa374da5b18e68c8bc449,2.0,1,6,0,6a3f54268a1b673e19a1ddab,1,11,2,0.0,0.0,0.0,0.0,0.42857142857142855,1.1338934190276817
2026-06-17,6a3fa374da5b18e68c8bc449,0.0,2,6,0,6a3f54268a1b673e19a1ddab,0,11,2,2.0,0.0,0.0,0.6666666666666666,0.7142857142857143,1.2535663410560174
2026-06-18,6a3fa374da5b18e68c8bc449,3.0,3,6,0,6a3f54268a1b673e19a1ddab,1,10,2,0.0,2.0,3.0,0.6666666666666666,0.7142857142857143,1.2535663410560174
2026-06-19,6a3fa374da5b18e68c8bc449,0.0,4,6,0,6a3f54268a1b673e19a1ddab,0,12,2,3.0,0.0,0.0,1.6666666666666667,0.7142857142857143,1.2535663410560174
2026-06-20,6a3fa374da5b18e68c8bc449,0.0,5,6,1,6a3f54268a1b673e19a1ddab,0,10,2,0.0,3.0,0.0,1.0,0.7142857142857143,1.2535663410560174
2026-06-21,6a3fa374da5b18e68c8bc449,0.0,6,6,1,6a3f54268a1b673e19a1ddab,0,5,2,0.0,0.0,0.0,1.0,0.7142857142857143,1.2535663410560174
2026-06-22,6a3fa374da5b18e68c8bc449,0.0,0,6,0,6a3f54268a1b673e19a1ddab,0,11,2,0.0,0.0,0.0,0.0,0.7142857142857143,1.2535663410560174
2026-06-23,6a3fa374da5b18e68c8bc449,0.0,1,6,0,6a3f54268a1b673e19a1ddab,1,11,2,0.0,0.0,2.0,0.0,0.7142857142857143,1.2535663410560174
2026-06-24,6a3fa374da5b18e68c8bc449,0.0,2,6,0,6a3f54268a1b673e19a1ddab,0,11,2,0.0,0.0,0.0,0.0,0.42857142857142855,1.1338934190276817
2026-06-25,6a3fa374da5b18e68c8bc449,0.0,3,6,0,6a3f54268a1b673e19a1ddab,1,10,2,0.0,0.0,3.0,0.0,0.42857142857142855,1.1338934190276817
2026-06-26,6a3fa374da5b18e68c8bc449,0.0,4,6,0,6a3f54268a1b673e19a1ddab,0,12,2,0.0,0.0,0.0,0.0,0.0,0.0
2026-06-27,6a3fa374da5b18e68c8bc449,0.0,5,6,1,6a3f54268a1b673e19a1ddab,0,10,2,0.0,0.0,0.0,0.0,0.0,0.0
